   1              		.cpu cortex-m4
   2              		.arch armv7e-m
   3              		.fpu softvfp
   4              		.eabi_attribute 20, 1
   5              		.eabi_attribute 21, 1
   6              		.eabi_attribute 23, 3
   7              		.eabi_attribute 24, 1
   8              		.eabi_attribute 25, 1
   9              		.eabi_attribute 26, 1
  10              		.eabi_attribute 30, 6
  11              		.eabi_attribute 34, 1
  12              		.eabi_attribute 18, 4
  13              		.file	"App.c"
  14              		.text
  15              	.Ltext0:
  16              		.cfi_sections	.debug_frame
  17              		.align	1
  18              		.syntax unified
  19              		.thumb
  20              		.thumb_func
  22              	__NVIC_EnableIRQ:
  23              	.LFB108:
  24              		.file 1 "C:\\Users\\bahri\\GitHub\\VirtualKeypad\\Eclipse_USBProject_WS\\Project_USB_CrossCompile\
   1:C:\Users\bahri\GitHub\VirtualKeypad\Eclipse_USBProject_WS\Project_USB_CrossCompile\system\include\cmsis\core_cm4.h **** /**************************************************************************//**
   2:C:\Users\bahri\GitHub\VirtualKeypad\Eclipse_USBProject_WS\Project_USB_CrossCompile\system\include\cmsis\core_cm4.h ****  * @file     core_cm4.h
   3:C:\Users\bahri\GitHub\VirtualKeypad\Eclipse_USBProject_WS\Project_USB_CrossCompile\system\include\cmsis\core_cm4.h ****  * @brief    CMSIS Cortex-M4 Core Peripheral Access Layer Header File
   4:C:\Users\bahri\GitHub\VirtualKeypad\Eclipse_USBProject_WS\Project_USB_CrossCompile\system\include\cmsis\core_cm4.h ****  * @version  V5.1.2
   5:C:\Users\bahri\GitHub\VirtualKeypad\Eclipse_USBProject_WS\Project_USB_CrossCompile\system\include\cmsis\core_cm4.h ****  * @date     04. June 2021
   6:C:\Users\bahri\GitHub\VirtualKeypad\Eclipse_USBProject_WS\Project_USB_CrossCompile\system\include\cmsis\core_cm4.h ****  ******************************************************************************/
   7:C:\Users\bahri\GitHub\VirtualKeypad\Eclipse_USBProject_WS\Project_USB_CrossCompile\system\include\cmsis\core_cm4.h **** /*
   8:C:\Users\bahri\GitHub\VirtualKeypad\Eclipse_USBProject_WS\Project_USB_CrossCompile\system\include\cmsis\core_cm4.h ****  * Copyright (c) 2009-2020 Arm Limited. All rights reserved.
   9:C:\Users\bahri\GitHub\VirtualKeypad\Eclipse_USBProject_WS\Project_USB_CrossCompile\system\include\cmsis\core_cm4.h ****  *
  10:C:\Users\bahri\GitHub\VirtualKeypad\Eclipse_USBProject_WS\Project_USB_CrossCompile\system\include\cmsis\core_cm4.h ****  * SPDX-License-Identifier: Apache-2.0
  11:C:\Users\bahri\GitHub\VirtualKeypad\Eclipse_USBProject_WS\Project_USB_CrossCompile\system\include\cmsis\core_cm4.h ****  *
  12:C:\Users\bahri\GitHub\VirtualKeypad\Eclipse_USBProject_WS\Project_USB_CrossCompile\system\include\cmsis\core_cm4.h ****  * Licensed under the Apache License, Version 2.0 (the License); you may
  13:C:\Users\bahri\GitHub\VirtualKeypad\Eclipse_USBProject_WS\Project_USB_CrossCompile\system\include\cmsis\core_cm4.h ****  * not use this file except in compliance with the License.
  14:C:\Users\bahri\GitHub\VirtualKeypad\Eclipse_USBProject_WS\Project_USB_CrossCompile\system\include\cmsis\core_cm4.h ****  * You may obtain a copy of the License at
  15:C:\Users\bahri\GitHub\VirtualKeypad\Eclipse_USBProject_WS\Project_USB_CrossCompile\system\include\cmsis\core_cm4.h ****  *
  16:C:\Users\bahri\GitHub\VirtualKeypad\Eclipse_USBProject_WS\Project_USB_CrossCompile\system\include\cmsis\core_cm4.h ****  * www.apache.org/licenses/LICENSE-2.0
  17:C:\Users\bahri\GitHub\VirtualKeypad\Eclipse_USBProject_WS\Project_USB_CrossCompile\system\include\cmsis\core_cm4.h ****  *
  18:C:\Users\bahri\GitHub\VirtualKeypad\Eclipse_USBProject_WS\Project_USB_CrossCompile\system\include\cmsis\core_cm4.h ****  * Unless required by applicable law or agreed to in writing, software
  19:C:\Users\bahri\GitHub\VirtualKeypad\Eclipse_USBProject_WS\Project_USB_CrossCompile\system\include\cmsis\core_cm4.h ****  * distributed under the License is distributed on an AS IS BASIS, WITHOUT
  20:C:\Users\bahri\GitHub\VirtualKeypad\Eclipse_USBProject_WS\Project_USB_CrossCompile\system\include\cmsis\core_cm4.h ****  * WARRANTIES OR CONDITIONS OF ANY KIND, either express or implied.
  21:C:\Users\bahri\GitHub\VirtualKeypad\Eclipse_USBProject_WS\Project_USB_CrossCompile\system\include\cmsis\core_cm4.h ****  * See the License for the specific language governing permissions and
  22:C:\Users\bahri\GitHub\VirtualKeypad\Eclipse_USBProject_WS\Project_USB_CrossCompile\system\include\cmsis\core_cm4.h ****  * limitations under the License.
  23:C:\Users\bahri\GitHub\VirtualKeypad\Eclipse_USBProject_WS\Project_USB_CrossCompile\system\include\cmsis\core_cm4.h ****  */
  24:C:\Users\bahri\GitHub\VirtualKeypad\Eclipse_USBProject_WS\Project_USB_CrossCompile\system\include\cmsis\core_cm4.h **** 
  25:C:\Users\bahri\GitHub\VirtualKeypad\Eclipse_USBProject_WS\Project_USB_CrossCompile\system\include\cmsis\core_cm4.h **** #if   defined ( __ICCARM__ )
  26:C:\Users\bahri\GitHub\VirtualKeypad\Eclipse_USBProject_WS\Project_USB_CrossCompile\system\include\cmsis\core_cm4.h ****   #pragma system_include         /* treat file as system include file for MISRA check */
  27:C:\Users\bahri\GitHub\VirtualKeypad\Eclipse_USBProject_WS\Project_USB_CrossCompile\system\include\cmsis\core_cm4.h **** #elif defined (__clang__)
  28:C:\Users\bahri\GitHub\VirtualKeypad\Eclipse_USBProject_WS\Project_USB_CrossCompile\system\include\cmsis\core_cm4.h ****   #pragma clang system_header   /* treat file as system include file */
  29:C:\Users\bahri\GitHub\VirtualKeypad\Eclipse_USBProject_WS\Project_USB_CrossCompile\system\include\cmsis\core_cm4.h **** #endif
  30:C:\Users\bahri\GitHub\VirtualKeypad\Eclipse_USBProject_WS\Project_USB_CrossCompile\system\include\cmsis\core_cm4.h **** 
  31:C:\Users\bahri\GitHub\VirtualKeypad\Eclipse_USBProject_WS\Project_USB_CrossCompile\system\include\cmsis\core_cm4.h **** #ifndef __CORE_CM4_H_GENERIC
  32:C:\Users\bahri\GitHub\VirtualKeypad\Eclipse_USBProject_WS\Project_USB_CrossCompile\system\include\cmsis\core_cm4.h **** #define __CORE_CM4_H_GENERIC
  33:C:\Users\bahri\GitHub\VirtualKeypad\Eclipse_USBProject_WS\Project_USB_CrossCompile\system\include\cmsis\core_cm4.h **** 
  34:C:\Users\bahri\GitHub\VirtualKeypad\Eclipse_USBProject_WS\Project_USB_CrossCompile\system\include\cmsis\core_cm4.h **** #include <stdint.h>
  35:C:\Users\bahri\GitHub\VirtualKeypad\Eclipse_USBProject_WS\Project_USB_CrossCompile\system\include\cmsis\core_cm4.h **** 
  36:C:\Users\bahri\GitHub\VirtualKeypad\Eclipse_USBProject_WS\Project_USB_CrossCompile\system\include\cmsis\core_cm4.h **** #ifdef __cplusplus
  37:C:\Users\bahri\GitHub\VirtualKeypad\Eclipse_USBProject_WS\Project_USB_CrossCompile\system\include\cmsis\core_cm4.h ****  extern "C" {
  38:C:\Users\bahri\GitHub\VirtualKeypad\Eclipse_USBProject_WS\Project_USB_CrossCompile\system\include\cmsis\core_cm4.h **** #endif
  39:C:\Users\bahri\GitHub\VirtualKeypad\Eclipse_USBProject_WS\Project_USB_CrossCompile\system\include\cmsis\core_cm4.h **** 
  40:C:\Users\bahri\GitHub\VirtualKeypad\Eclipse_USBProject_WS\Project_USB_CrossCompile\system\include\cmsis\core_cm4.h **** /**
  41:C:\Users\bahri\GitHub\VirtualKeypad\Eclipse_USBProject_WS\Project_USB_CrossCompile\system\include\cmsis\core_cm4.h ****   \page CMSIS_MISRA_Exceptions  MISRA-C:2004 Compliance Exceptions
  42:C:\Users\bahri\GitHub\VirtualKeypad\Eclipse_USBProject_WS\Project_USB_CrossCompile\system\include\cmsis\core_cm4.h ****   CMSIS violates the following MISRA-C:2004 rules:
  43:C:\Users\bahri\GitHub\VirtualKeypad\Eclipse_USBProject_WS\Project_USB_CrossCompile\system\include\cmsis\core_cm4.h **** 
  44:C:\Users\bahri\GitHub\VirtualKeypad\Eclipse_USBProject_WS\Project_USB_CrossCompile\system\include\cmsis\core_cm4.h ****    \li Required Rule 8.5, object/function definition in header file.<br>
  45:C:\Users\bahri\GitHub\VirtualKeypad\Eclipse_USBProject_WS\Project_USB_CrossCompile\system\include\cmsis\core_cm4.h ****      Function definitions in header files are used to allow 'inlining'.
  46:C:\Users\bahri\GitHub\VirtualKeypad\Eclipse_USBProject_WS\Project_USB_CrossCompile\system\include\cmsis\core_cm4.h **** 
  47:C:\Users\bahri\GitHub\VirtualKeypad\Eclipse_USBProject_WS\Project_USB_CrossCompile\system\include\cmsis\core_cm4.h ****    \li Required Rule 18.4, declaration of union type or object of union type: '{...}'.<br>
  48:C:\Users\bahri\GitHub\VirtualKeypad\Eclipse_USBProject_WS\Project_USB_CrossCompile\system\include\cmsis\core_cm4.h ****      Unions are used for effective representation of core registers.
  49:C:\Users\bahri\GitHub\VirtualKeypad\Eclipse_USBProject_WS\Project_USB_CrossCompile\system\include\cmsis\core_cm4.h **** 
  50:C:\Users\bahri\GitHub\VirtualKeypad\Eclipse_USBProject_WS\Project_USB_CrossCompile\system\include\cmsis\core_cm4.h ****    \li Advisory Rule 19.7, Function-like macro defined.<br>
  51:C:\Users\bahri\GitHub\VirtualKeypad\Eclipse_USBProject_WS\Project_USB_CrossCompile\system\include\cmsis\core_cm4.h ****      Function-like macros are used to allow more efficient code.
  52:C:\Users\bahri\GitHub\VirtualKeypad\Eclipse_USBProject_WS\Project_USB_CrossCompile\system\include\cmsis\core_cm4.h ****  */
  53:C:\Users\bahri\GitHub\VirtualKeypad\Eclipse_USBProject_WS\Project_USB_CrossCompile\system\include\cmsis\core_cm4.h **** 
  54:C:\Users\bahri\GitHub\VirtualKeypad\Eclipse_USBProject_WS\Project_USB_CrossCompile\system\include\cmsis\core_cm4.h **** 
  55:C:\Users\bahri\GitHub\VirtualKeypad\Eclipse_USBProject_WS\Project_USB_CrossCompile\system\include\cmsis\core_cm4.h **** /*******************************************************************************
  56:C:\Users\bahri\GitHub\VirtualKeypad\Eclipse_USBProject_WS\Project_USB_CrossCompile\system\include\cmsis\core_cm4.h ****  *                 CMSIS definitions
  57:C:\Users\bahri\GitHub\VirtualKeypad\Eclipse_USBProject_WS\Project_USB_CrossCompile\system\include\cmsis\core_cm4.h ****  ******************************************************************************/
  58:C:\Users\bahri\GitHub\VirtualKeypad\Eclipse_USBProject_WS\Project_USB_CrossCompile\system\include\cmsis\core_cm4.h **** /**
  59:C:\Users\bahri\GitHub\VirtualKeypad\Eclipse_USBProject_WS\Project_USB_CrossCompile\system\include\cmsis\core_cm4.h ****   \ingroup Cortex_M4
  60:C:\Users\bahri\GitHub\VirtualKeypad\Eclipse_USBProject_WS\Project_USB_CrossCompile\system\include\cmsis\core_cm4.h ****   @{
  61:C:\Users\bahri\GitHub\VirtualKeypad\Eclipse_USBProject_WS\Project_USB_CrossCompile\system\include\cmsis\core_cm4.h ****  */
  62:C:\Users\bahri\GitHub\VirtualKeypad\Eclipse_USBProject_WS\Project_USB_CrossCompile\system\include\cmsis\core_cm4.h **** 
  63:C:\Users\bahri\GitHub\VirtualKeypad\Eclipse_USBProject_WS\Project_USB_CrossCompile\system\include\cmsis\core_cm4.h **** #include "cmsis_version.h"
  64:C:\Users\bahri\GitHub\VirtualKeypad\Eclipse_USBProject_WS\Project_USB_CrossCompile\system\include\cmsis\core_cm4.h **** 
  65:C:\Users\bahri\GitHub\VirtualKeypad\Eclipse_USBProject_WS\Project_USB_CrossCompile\system\include\cmsis\core_cm4.h **** /* CMSIS CM4 definitions */
  66:C:\Users\bahri\GitHub\VirtualKeypad\Eclipse_USBProject_WS\Project_USB_CrossCompile\system\include\cmsis\core_cm4.h **** #define __CM4_CMSIS_VERSION_MAIN  (__CM_CMSIS_VERSION_MAIN)              /*!< \deprecated [31:16] C
  67:C:\Users\bahri\GitHub\VirtualKeypad\Eclipse_USBProject_WS\Project_USB_CrossCompile\system\include\cmsis\core_cm4.h **** #define __CM4_CMSIS_VERSION_SUB   (__CM_CMSIS_VERSION_SUB)               /*!< \deprecated [15:0]  C
  68:C:\Users\bahri\GitHub\VirtualKeypad\Eclipse_USBProject_WS\Project_USB_CrossCompile\system\include\cmsis\core_cm4.h **** #define __CM4_CMSIS_VERSION       ((__CM4_CMSIS_VERSION_MAIN << 16U) | \
  69:C:\Users\bahri\GitHub\VirtualKeypad\Eclipse_USBProject_WS\Project_USB_CrossCompile\system\include\cmsis\core_cm4.h ****                                     __CM4_CMSIS_VERSION_SUB           )  /*!< \deprecated CMSIS HAL
  70:C:\Users\bahri\GitHub\VirtualKeypad\Eclipse_USBProject_WS\Project_USB_CrossCompile\system\include\cmsis\core_cm4.h **** 
  71:C:\Users\bahri\GitHub\VirtualKeypad\Eclipse_USBProject_WS\Project_USB_CrossCompile\system\include\cmsis\core_cm4.h **** #define __CORTEX_M                (4U)                                   /*!< Cortex-M Core */
  72:C:\Users\bahri\GitHub\VirtualKeypad\Eclipse_USBProject_WS\Project_USB_CrossCompile\system\include\cmsis\core_cm4.h **** 
  73:C:\Users\bahri\GitHub\VirtualKeypad\Eclipse_USBProject_WS\Project_USB_CrossCompile\system\include\cmsis\core_cm4.h **** /** __FPU_USED indicates whether an FPU is used or not.
  74:C:\Users\bahri\GitHub\VirtualKeypad\Eclipse_USBProject_WS\Project_USB_CrossCompile\system\include\cmsis\core_cm4.h ****     For this, __FPU_PRESENT has to be checked prior to making use of FPU specific registers and fun
  75:C:\Users\bahri\GitHub\VirtualKeypad\Eclipse_USBProject_WS\Project_USB_CrossCompile\system\include\cmsis\core_cm4.h **** */
  76:C:\Users\bahri\GitHub\VirtualKeypad\Eclipse_USBProject_WS\Project_USB_CrossCompile\system\include\cmsis\core_cm4.h **** #if defined ( __CC_ARM )
  77:C:\Users\bahri\GitHub\VirtualKeypad\Eclipse_USBProject_WS\Project_USB_CrossCompile\system\include\cmsis\core_cm4.h ****   #if defined __TARGET_FPU_VFP
  78:C:\Users\bahri\GitHub\VirtualKeypad\Eclipse_USBProject_WS\Project_USB_CrossCompile\system\include\cmsis\core_cm4.h ****     #if defined (__FPU_PRESENT) && (__FPU_PRESENT == 1U)
  79:C:\Users\bahri\GitHub\VirtualKeypad\Eclipse_USBProject_WS\Project_USB_CrossCompile\system\include\cmsis\core_cm4.h ****       #define __FPU_USED       1U
  80:C:\Users\bahri\GitHub\VirtualKeypad\Eclipse_USBProject_WS\Project_USB_CrossCompile\system\include\cmsis\core_cm4.h ****     #else
  81:C:\Users\bahri\GitHub\VirtualKeypad\Eclipse_USBProject_WS\Project_USB_CrossCompile\system\include\cmsis\core_cm4.h ****       #error "Compiler generates FPU instructions for a device without an FPU (check __FPU_PRESENT)
  82:C:\Users\bahri\GitHub\VirtualKeypad\Eclipse_USBProject_WS\Project_USB_CrossCompile\system\include\cmsis\core_cm4.h ****       #define __FPU_USED       0U
  83:C:\Users\bahri\GitHub\VirtualKeypad\Eclipse_USBProject_WS\Project_USB_CrossCompile\system\include\cmsis\core_cm4.h ****     #endif
  84:C:\Users\bahri\GitHub\VirtualKeypad\Eclipse_USBProject_WS\Project_USB_CrossCompile\system\include\cmsis\core_cm4.h ****   #else
  85:C:\Users\bahri\GitHub\VirtualKeypad\Eclipse_USBProject_WS\Project_USB_CrossCompile\system\include\cmsis\core_cm4.h ****     #define __FPU_USED         0U
  86:C:\Users\bahri\GitHub\VirtualKeypad\Eclipse_USBProject_WS\Project_USB_CrossCompile\system\include\cmsis\core_cm4.h ****   #endif
  87:C:\Users\bahri\GitHub\VirtualKeypad\Eclipse_USBProject_WS\Project_USB_CrossCompile\system\include\cmsis\core_cm4.h **** 
  88:C:\Users\bahri\GitHub\VirtualKeypad\Eclipse_USBProject_WS\Project_USB_CrossCompile\system\include\cmsis\core_cm4.h **** #elif defined (__ARMCC_VERSION) && (__ARMCC_VERSION >= 6010050)
  89:C:\Users\bahri\GitHub\VirtualKeypad\Eclipse_USBProject_WS\Project_USB_CrossCompile\system\include\cmsis\core_cm4.h ****   #if defined __ARM_FP
  90:C:\Users\bahri\GitHub\VirtualKeypad\Eclipse_USBProject_WS\Project_USB_CrossCompile\system\include\cmsis\core_cm4.h ****     #if defined (__FPU_PRESENT) && (__FPU_PRESENT == 1U)
  91:C:\Users\bahri\GitHub\VirtualKeypad\Eclipse_USBProject_WS\Project_USB_CrossCompile\system\include\cmsis\core_cm4.h ****       #define __FPU_USED       1U
  92:C:\Users\bahri\GitHub\VirtualKeypad\Eclipse_USBProject_WS\Project_USB_CrossCompile\system\include\cmsis\core_cm4.h ****     #else
  93:C:\Users\bahri\GitHub\VirtualKeypad\Eclipse_USBProject_WS\Project_USB_CrossCompile\system\include\cmsis\core_cm4.h ****       #warning "Compiler generates FPU instructions for a device without an FPU (check __FPU_PRESEN
  94:C:\Users\bahri\GitHub\VirtualKeypad\Eclipse_USBProject_WS\Project_USB_CrossCompile\system\include\cmsis\core_cm4.h ****       #define __FPU_USED       0U
  95:C:\Users\bahri\GitHub\VirtualKeypad\Eclipse_USBProject_WS\Project_USB_CrossCompile\system\include\cmsis\core_cm4.h ****     #endif
  96:C:\Users\bahri\GitHub\VirtualKeypad\Eclipse_USBProject_WS\Project_USB_CrossCompile\system\include\cmsis\core_cm4.h ****   #else
  97:C:\Users\bahri\GitHub\VirtualKeypad\Eclipse_USBProject_WS\Project_USB_CrossCompile\system\include\cmsis\core_cm4.h ****     #define __FPU_USED         0U
  98:C:\Users\bahri\GitHub\VirtualKeypad\Eclipse_USBProject_WS\Project_USB_CrossCompile\system\include\cmsis\core_cm4.h ****   #endif
  99:C:\Users\bahri\GitHub\VirtualKeypad\Eclipse_USBProject_WS\Project_USB_CrossCompile\system\include\cmsis\core_cm4.h **** 
 100:C:\Users\bahri\GitHub\VirtualKeypad\Eclipse_USBProject_WS\Project_USB_CrossCompile\system\include\cmsis\core_cm4.h **** #elif defined ( __GNUC__ )
 101:C:\Users\bahri\GitHub\VirtualKeypad\Eclipse_USBProject_WS\Project_USB_CrossCompile\system\include\cmsis\core_cm4.h ****   #if defined (__VFP_FP__) && !defined(__SOFTFP__)
 102:C:\Users\bahri\GitHub\VirtualKeypad\Eclipse_USBProject_WS\Project_USB_CrossCompile\system\include\cmsis\core_cm4.h ****     #if defined (__FPU_PRESENT) && (__FPU_PRESENT == 1U)
 103:C:\Users\bahri\GitHub\VirtualKeypad\Eclipse_USBProject_WS\Project_USB_CrossCompile\system\include\cmsis\core_cm4.h ****       #define __FPU_USED       1U
 104:C:\Users\bahri\GitHub\VirtualKeypad\Eclipse_USBProject_WS\Project_USB_CrossCompile\system\include\cmsis\core_cm4.h ****     #else
 105:C:\Users\bahri\GitHub\VirtualKeypad\Eclipse_USBProject_WS\Project_USB_CrossCompile\system\include\cmsis\core_cm4.h ****       #error "Compiler generates FPU instructions for a device without an FPU (check __FPU_PRESENT)
 106:C:\Users\bahri\GitHub\VirtualKeypad\Eclipse_USBProject_WS\Project_USB_CrossCompile\system\include\cmsis\core_cm4.h ****       #define __FPU_USED       0U
 107:C:\Users\bahri\GitHub\VirtualKeypad\Eclipse_USBProject_WS\Project_USB_CrossCompile\system\include\cmsis\core_cm4.h ****     #endif
 108:C:\Users\bahri\GitHub\VirtualKeypad\Eclipse_USBProject_WS\Project_USB_CrossCompile\system\include\cmsis\core_cm4.h ****   #else
 109:C:\Users\bahri\GitHub\VirtualKeypad\Eclipse_USBProject_WS\Project_USB_CrossCompile\system\include\cmsis\core_cm4.h ****     #define __FPU_USED         0U
 110:C:\Users\bahri\GitHub\VirtualKeypad\Eclipse_USBProject_WS\Project_USB_CrossCompile\system\include\cmsis\core_cm4.h ****   #endif
 111:C:\Users\bahri\GitHub\VirtualKeypad\Eclipse_USBProject_WS\Project_USB_CrossCompile\system\include\cmsis\core_cm4.h **** 
 112:C:\Users\bahri\GitHub\VirtualKeypad\Eclipse_USBProject_WS\Project_USB_CrossCompile\system\include\cmsis\core_cm4.h **** #elif defined ( __ICCARM__ )
 113:C:\Users\bahri\GitHub\VirtualKeypad\Eclipse_USBProject_WS\Project_USB_CrossCompile\system\include\cmsis\core_cm4.h ****   #if defined __ARMVFP__
 114:C:\Users\bahri\GitHub\VirtualKeypad\Eclipse_USBProject_WS\Project_USB_CrossCompile\system\include\cmsis\core_cm4.h ****     #if defined (__FPU_PRESENT) && (__FPU_PRESENT == 1U)
 115:C:\Users\bahri\GitHub\VirtualKeypad\Eclipse_USBProject_WS\Project_USB_CrossCompile\system\include\cmsis\core_cm4.h ****       #define __FPU_USED       1U
 116:C:\Users\bahri\GitHub\VirtualKeypad\Eclipse_USBProject_WS\Project_USB_CrossCompile\system\include\cmsis\core_cm4.h ****     #else
 117:C:\Users\bahri\GitHub\VirtualKeypad\Eclipse_USBProject_WS\Project_USB_CrossCompile\system\include\cmsis\core_cm4.h ****       #error "Compiler generates FPU instructions for a device without an FPU (check __FPU_PRESENT)
 118:C:\Users\bahri\GitHub\VirtualKeypad\Eclipse_USBProject_WS\Project_USB_CrossCompile\system\include\cmsis\core_cm4.h ****       #define __FPU_USED       0U
 119:C:\Users\bahri\GitHub\VirtualKeypad\Eclipse_USBProject_WS\Project_USB_CrossCompile\system\include\cmsis\core_cm4.h ****     #endif
 120:C:\Users\bahri\GitHub\VirtualKeypad\Eclipse_USBProject_WS\Project_USB_CrossCompile\system\include\cmsis\core_cm4.h ****   #else
 121:C:\Users\bahri\GitHub\VirtualKeypad\Eclipse_USBProject_WS\Project_USB_CrossCompile\system\include\cmsis\core_cm4.h ****     #define __FPU_USED         0U
 122:C:\Users\bahri\GitHub\VirtualKeypad\Eclipse_USBProject_WS\Project_USB_CrossCompile\system\include\cmsis\core_cm4.h ****   #endif
 123:C:\Users\bahri\GitHub\VirtualKeypad\Eclipse_USBProject_WS\Project_USB_CrossCompile\system\include\cmsis\core_cm4.h **** 
 124:C:\Users\bahri\GitHub\VirtualKeypad\Eclipse_USBProject_WS\Project_USB_CrossCompile\system\include\cmsis\core_cm4.h **** #elif defined ( __TI_ARM__ )
 125:C:\Users\bahri\GitHub\VirtualKeypad\Eclipse_USBProject_WS\Project_USB_CrossCompile\system\include\cmsis\core_cm4.h ****   #if defined __TI_VFP_SUPPORT__
 126:C:\Users\bahri\GitHub\VirtualKeypad\Eclipse_USBProject_WS\Project_USB_CrossCompile\system\include\cmsis\core_cm4.h ****     #if defined (__FPU_PRESENT) && (__FPU_PRESENT == 1U)
 127:C:\Users\bahri\GitHub\VirtualKeypad\Eclipse_USBProject_WS\Project_USB_CrossCompile\system\include\cmsis\core_cm4.h ****       #define __FPU_USED       1U
 128:C:\Users\bahri\GitHub\VirtualKeypad\Eclipse_USBProject_WS\Project_USB_CrossCompile\system\include\cmsis\core_cm4.h ****     #else
 129:C:\Users\bahri\GitHub\VirtualKeypad\Eclipse_USBProject_WS\Project_USB_CrossCompile\system\include\cmsis\core_cm4.h ****       #error "Compiler generates FPU instructions for a device without an FPU (check __FPU_PRESENT)
 130:C:\Users\bahri\GitHub\VirtualKeypad\Eclipse_USBProject_WS\Project_USB_CrossCompile\system\include\cmsis\core_cm4.h ****       #define __FPU_USED       0U
 131:C:\Users\bahri\GitHub\VirtualKeypad\Eclipse_USBProject_WS\Project_USB_CrossCompile\system\include\cmsis\core_cm4.h ****     #endif
 132:C:\Users\bahri\GitHub\VirtualKeypad\Eclipse_USBProject_WS\Project_USB_CrossCompile\system\include\cmsis\core_cm4.h ****   #else
 133:C:\Users\bahri\GitHub\VirtualKeypad\Eclipse_USBProject_WS\Project_USB_CrossCompile\system\include\cmsis\core_cm4.h ****     #define __FPU_USED         0U
 134:C:\Users\bahri\GitHub\VirtualKeypad\Eclipse_USBProject_WS\Project_USB_CrossCompile\system\include\cmsis\core_cm4.h ****   #endif
 135:C:\Users\bahri\GitHub\VirtualKeypad\Eclipse_USBProject_WS\Project_USB_CrossCompile\system\include\cmsis\core_cm4.h **** 
 136:C:\Users\bahri\GitHub\VirtualKeypad\Eclipse_USBProject_WS\Project_USB_CrossCompile\system\include\cmsis\core_cm4.h **** #elif defined ( __TASKING__ )
 137:C:\Users\bahri\GitHub\VirtualKeypad\Eclipse_USBProject_WS\Project_USB_CrossCompile\system\include\cmsis\core_cm4.h ****   #if defined __FPU_VFP__
 138:C:\Users\bahri\GitHub\VirtualKeypad\Eclipse_USBProject_WS\Project_USB_CrossCompile\system\include\cmsis\core_cm4.h ****     #if defined (__FPU_PRESENT) && (__FPU_PRESENT == 1U)
 139:C:\Users\bahri\GitHub\VirtualKeypad\Eclipse_USBProject_WS\Project_USB_CrossCompile\system\include\cmsis\core_cm4.h ****       #define __FPU_USED       1U
 140:C:\Users\bahri\GitHub\VirtualKeypad\Eclipse_USBProject_WS\Project_USB_CrossCompile\system\include\cmsis\core_cm4.h ****     #else
 141:C:\Users\bahri\GitHub\VirtualKeypad\Eclipse_USBProject_WS\Project_USB_CrossCompile\system\include\cmsis\core_cm4.h ****       #error "Compiler generates FPU instructions for a device without an FPU (check __FPU_PRESENT)
 142:C:\Users\bahri\GitHub\VirtualKeypad\Eclipse_USBProject_WS\Project_USB_CrossCompile\system\include\cmsis\core_cm4.h ****       #define __FPU_USED       0U
 143:C:\Users\bahri\GitHub\VirtualKeypad\Eclipse_USBProject_WS\Project_USB_CrossCompile\system\include\cmsis\core_cm4.h ****     #endif
 144:C:\Users\bahri\GitHub\VirtualKeypad\Eclipse_USBProject_WS\Project_USB_CrossCompile\system\include\cmsis\core_cm4.h ****   #else
 145:C:\Users\bahri\GitHub\VirtualKeypad\Eclipse_USBProject_WS\Project_USB_CrossCompile\system\include\cmsis\core_cm4.h ****     #define __FPU_USED         0U
 146:C:\Users\bahri\GitHub\VirtualKeypad\Eclipse_USBProject_WS\Project_USB_CrossCompile\system\include\cmsis\core_cm4.h ****   #endif
 147:C:\Users\bahri\GitHub\VirtualKeypad\Eclipse_USBProject_WS\Project_USB_CrossCompile\system\include\cmsis\core_cm4.h **** 
 148:C:\Users\bahri\GitHub\VirtualKeypad\Eclipse_USBProject_WS\Project_USB_CrossCompile\system\include\cmsis\core_cm4.h **** #elif defined ( __CSMC__ )
 149:C:\Users\bahri\GitHub\VirtualKeypad\Eclipse_USBProject_WS\Project_USB_CrossCompile\system\include\cmsis\core_cm4.h ****   #if ( __CSMC__ & 0x400U)
 150:C:\Users\bahri\GitHub\VirtualKeypad\Eclipse_USBProject_WS\Project_USB_CrossCompile\system\include\cmsis\core_cm4.h ****     #if defined (__FPU_PRESENT) && (__FPU_PRESENT == 1U)
 151:C:\Users\bahri\GitHub\VirtualKeypad\Eclipse_USBProject_WS\Project_USB_CrossCompile\system\include\cmsis\core_cm4.h ****       #define __FPU_USED       1U
 152:C:\Users\bahri\GitHub\VirtualKeypad\Eclipse_USBProject_WS\Project_USB_CrossCompile\system\include\cmsis\core_cm4.h ****     #else
 153:C:\Users\bahri\GitHub\VirtualKeypad\Eclipse_USBProject_WS\Project_USB_CrossCompile\system\include\cmsis\core_cm4.h ****       #error "Compiler generates FPU instructions for a device without an FPU (check __FPU_PRESENT)
 154:C:\Users\bahri\GitHub\VirtualKeypad\Eclipse_USBProject_WS\Project_USB_CrossCompile\system\include\cmsis\core_cm4.h ****       #define __FPU_USED       0U
 155:C:\Users\bahri\GitHub\VirtualKeypad\Eclipse_USBProject_WS\Project_USB_CrossCompile\system\include\cmsis\core_cm4.h ****     #endif
 156:C:\Users\bahri\GitHub\VirtualKeypad\Eclipse_USBProject_WS\Project_USB_CrossCompile\system\include\cmsis\core_cm4.h ****   #else
 157:C:\Users\bahri\GitHub\VirtualKeypad\Eclipse_USBProject_WS\Project_USB_CrossCompile\system\include\cmsis\core_cm4.h ****     #define __FPU_USED         0U
 158:C:\Users\bahri\GitHub\VirtualKeypad\Eclipse_USBProject_WS\Project_USB_CrossCompile\system\include\cmsis\core_cm4.h ****   #endif
 159:C:\Users\bahri\GitHub\VirtualKeypad\Eclipse_USBProject_WS\Project_USB_CrossCompile\system\include\cmsis\core_cm4.h **** 
 160:C:\Users\bahri\GitHub\VirtualKeypad\Eclipse_USBProject_WS\Project_USB_CrossCompile\system\include\cmsis\core_cm4.h **** #endif
 161:C:\Users\bahri\GitHub\VirtualKeypad\Eclipse_USBProject_WS\Project_USB_CrossCompile\system\include\cmsis\core_cm4.h **** 
 162:C:\Users\bahri\GitHub\VirtualKeypad\Eclipse_USBProject_WS\Project_USB_CrossCompile\system\include\cmsis\core_cm4.h **** #include "cmsis_compiler.h"               /* CMSIS compiler specific defines */
 163:C:\Users\bahri\GitHub\VirtualKeypad\Eclipse_USBProject_WS\Project_USB_CrossCompile\system\include\cmsis\core_cm4.h **** 
 164:C:\Users\bahri\GitHub\VirtualKeypad\Eclipse_USBProject_WS\Project_USB_CrossCompile\system\include\cmsis\core_cm4.h **** 
 165:C:\Users\bahri\GitHub\VirtualKeypad\Eclipse_USBProject_WS\Project_USB_CrossCompile\system\include\cmsis\core_cm4.h **** #ifdef __cplusplus
 166:C:\Users\bahri\GitHub\VirtualKeypad\Eclipse_USBProject_WS\Project_USB_CrossCompile\system\include\cmsis\core_cm4.h **** }
 167:C:\Users\bahri\GitHub\VirtualKeypad\Eclipse_USBProject_WS\Project_USB_CrossCompile\system\include\cmsis\core_cm4.h **** #endif
 168:C:\Users\bahri\GitHub\VirtualKeypad\Eclipse_USBProject_WS\Project_USB_CrossCompile\system\include\cmsis\core_cm4.h **** 
 169:C:\Users\bahri\GitHub\VirtualKeypad\Eclipse_USBProject_WS\Project_USB_CrossCompile\system\include\cmsis\core_cm4.h **** #endif /* __CORE_CM4_H_GENERIC */
 170:C:\Users\bahri\GitHub\VirtualKeypad\Eclipse_USBProject_WS\Project_USB_CrossCompile\system\include\cmsis\core_cm4.h **** 
 171:C:\Users\bahri\GitHub\VirtualKeypad\Eclipse_USBProject_WS\Project_USB_CrossCompile\system\include\cmsis\core_cm4.h **** #ifndef __CMSIS_GENERIC
 172:C:\Users\bahri\GitHub\VirtualKeypad\Eclipse_USBProject_WS\Project_USB_CrossCompile\system\include\cmsis\core_cm4.h **** 
 173:C:\Users\bahri\GitHub\VirtualKeypad\Eclipse_USBProject_WS\Project_USB_CrossCompile\system\include\cmsis\core_cm4.h **** #ifndef __CORE_CM4_H_DEPENDANT
 174:C:\Users\bahri\GitHub\VirtualKeypad\Eclipse_USBProject_WS\Project_USB_CrossCompile\system\include\cmsis\core_cm4.h **** #define __CORE_CM4_H_DEPENDANT
 175:C:\Users\bahri\GitHub\VirtualKeypad\Eclipse_USBProject_WS\Project_USB_CrossCompile\system\include\cmsis\core_cm4.h **** 
 176:C:\Users\bahri\GitHub\VirtualKeypad\Eclipse_USBProject_WS\Project_USB_CrossCompile\system\include\cmsis\core_cm4.h **** #ifdef __cplusplus
 177:C:\Users\bahri\GitHub\VirtualKeypad\Eclipse_USBProject_WS\Project_USB_CrossCompile\system\include\cmsis\core_cm4.h ****  extern "C" {
 178:C:\Users\bahri\GitHub\VirtualKeypad\Eclipse_USBProject_WS\Project_USB_CrossCompile\system\include\cmsis\core_cm4.h **** #endif
 179:C:\Users\bahri\GitHub\VirtualKeypad\Eclipse_USBProject_WS\Project_USB_CrossCompile\system\include\cmsis\core_cm4.h **** 
 180:C:\Users\bahri\GitHub\VirtualKeypad\Eclipse_USBProject_WS\Project_USB_CrossCompile\system\include\cmsis\core_cm4.h **** /* check device defines and use defaults */
 181:C:\Users\bahri\GitHub\VirtualKeypad\Eclipse_USBProject_WS\Project_USB_CrossCompile\system\include\cmsis\core_cm4.h **** #if defined __CHECK_DEVICE_DEFINES
 182:C:\Users\bahri\GitHub\VirtualKeypad\Eclipse_USBProject_WS\Project_USB_CrossCompile\system\include\cmsis\core_cm4.h ****   #ifndef __CM4_REV
 183:C:\Users\bahri\GitHub\VirtualKeypad\Eclipse_USBProject_WS\Project_USB_CrossCompile\system\include\cmsis\core_cm4.h ****     #define __CM4_REV               0x0000U
 184:C:\Users\bahri\GitHub\VirtualKeypad\Eclipse_USBProject_WS\Project_USB_CrossCompile\system\include\cmsis\core_cm4.h ****     #warning "__CM4_REV not defined in device header file; using default!"
 185:C:\Users\bahri\GitHub\VirtualKeypad\Eclipse_USBProject_WS\Project_USB_CrossCompile\system\include\cmsis\core_cm4.h ****   #endif
 186:C:\Users\bahri\GitHub\VirtualKeypad\Eclipse_USBProject_WS\Project_USB_CrossCompile\system\include\cmsis\core_cm4.h **** 
 187:C:\Users\bahri\GitHub\VirtualKeypad\Eclipse_USBProject_WS\Project_USB_CrossCompile\system\include\cmsis\core_cm4.h ****   #ifndef __FPU_PRESENT
 188:C:\Users\bahri\GitHub\VirtualKeypad\Eclipse_USBProject_WS\Project_USB_CrossCompile\system\include\cmsis\core_cm4.h ****     #define __FPU_PRESENT             0U
 189:C:\Users\bahri\GitHub\VirtualKeypad\Eclipse_USBProject_WS\Project_USB_CrossCompile\system\include\cmsis\core_cm4.h ****     #warning "__FPU_PRESENT not defined in device header file; using default!"
 190:C:\Users\bahri\GitHub\VirtualKeypad\Eclipse_USBProject_WS\Project_USB_CrossCompile\system\include\cmsis\core_cm4.h ****   #endif
 191:C:\Users\bahri\GitHub\VirtualKeypad\Eclipse_USBProject_WS\Project_USB_CrossCompile\system\include\cmsis\core_cm4.h **** 
 192:C:\Users\bahri\GitHub\VirtualKeypad\Eclipse_USBProject_WS\Project_USB_CrossCompile\system\include\cmsis\core_cm4.h ****   #ifndef __MPU_PRESENT
 193:C:\Users\bahri\GitHub\VirtualKeypad\Eclipse_USBProject_WS\Project_USB_CrossCompile\system\include\cmsis\core_cm4.h ****     #define __MPU_PRESENT             0U
 194:C:\Users\bahri\GitHub\VirtualKeypad\Eclipse_USBProject_WS\Project_USB_CrossCompile\system\include\cmsis\core_cm4.h ****     #warning "__MPU_PRESENT not defined in device header file; using default!"
 195:C:\Users\bahri\GitHub\VirtualKeypad\Eclipse_USBProject_WS\Project_USB_CrossCompile\system\include\cmsis\core_cm4.h ****   #endif
 196:C:\Users\bahri\GitHub\VirtualKeypad\Eclipse_USBProject_WS\Project_USB_CrossCompile\system\include\cmsis\core_cm4.h **** 
 197:C:\Users\bahri\GitHub\VirtualKeypad\Eclipse_USBProject_WS\Project_USB_CrossCompile\system\include\cmsis\core_cm4.h ****   #ifndef __VTOR_PRESENT
 198:C:\Users\bahri\GitHub\VirtualKeypad\Eclipse_USBProject_WS\Project_USB_CrossCompile\system\include\cmsis\core_cm4.h ****     #define __VTOR_PRESENT             1U
 199:C:\Users\bahri\GitHub\VirtualKeypad\Eclipse_USBProject_WS\Project_USB_CrossCompile\system\include\cmsis\core_cm4.h ****     #warning "__VTOR_PRESENT not defined in device header file; using default!"
 200:C:\Users\bahri\GitHub\VirtualKeypad\Eclipse_USBProject_WS\Project_USB_CrossCompile\system\include\cmsis\core_cm4.h ****   #endif
 201:C:\Users\bahri\GitHub\VirtualKeypad\Eclipse_USBProject_WS\Project_USB_CrossCompile\system\include\cmsis\core_cm4.h **** 
 202:C:\Users\bahri\GitHub\VirtualKeypad\Eclipse_USBProject_WS\Project_USB_CrossCompile\system\include\cmsis\core_cm4.h ****   #ifndef __NVIC_PRIO_BITS
 203:C:\Users\bahri\GitHub\VirtualKeypad\Eclipse_USBProject_WS\Project_USB_CrossCompile\system\include\cmsis\core_cm4.h ****     #define __NVIC_PRIO_BITS          3U
 204:C:\Users\bahri\GitHub\VirtualKeypad\Eclipse_USBProject_WS\Project_USB_CrossCompile\system\include\cmsis\core_cm4.h ****     #warning "__NVIC_PRIO_BITS not defined in device header file; using default!"
 205:C:\Users\bahri\GitHub\VirtualKeypad\Eclipse_USBProject_WS\Project_USB_CrossCompile\system\include\cmsis\core_cm4.h ****   #endif
 206:C:\Users\bahri\GitHub\VirtualKeypad\Eclipse_USBProject_WS\Project_USB_CrossCompile\system\include\cmsis\core_cm4.h **** 
 207:C:\Users\bahri\GitHub\VirtualKeypad\Eclipse_USBProject_WS\Project_USB_CrossCompile\system\include\cmsis\core_cm4.h ****   #ifndef __Vendor_SysTickConfig
 208:C:\Users\bahri\GitHub\VirtualKeypad\Eclipse_USBProject_WS\Project_USB_CrossCompile\system\include\cmsis\core_cm4.h ****     #define __Vendor_SysTickConfig    0U
 209:C:\Users\bahri\GitHub\VirtualKeypad\Eclipse_USBProject_WS\Project_USB_CrossCompile\system\include\cmsis\core_cm4.h ****     #warning "__Vendor_SysTickConfig not defined in device header file; using default!"
 210:C:\Users\bahri\GitHub\VirtualKeypad\Eclipse_USBProject_WS\Project_USB_CrossCompile\system\include\cmsis\core_cm4.h ****   #endif
 211:C:\Users\bahri\GitHub\VirtualKeypad\Eclipse_USBProject_WS\Project_USB_CrossCompile\system\include\cmsis\core_cm4.h **** #endif
 212:C:\Users\bahri\GitHub\VirtualKeypad\Eclipse_USBProject_WS\Project_USB_CrossCompile\system\include\cmsis\core_cm4.h **** 
 213:C:\Users\bahri\GitHub\VirtualKeypad\Eclipse_USBProject_WS\Project_USB_CrossCompile\system\include\cmsis\core_cm4.h **** /* IO definitions (access restrictions to peripheral registers) */
 214:C:\Users\bahri\GitHub\VirtualKeypad\Eclipse_USBProject_WS\Project_USB_CrossCompile\system\include\cmsis\core_cm4.h **** /**
 215:C:\Users\bahri\GitHub\VirtualKeypad\Eclipse_USBProject_WS\Project_USB_CrossCompile\system\include\cmsis\core_cm4.h ****     \defgroup CMSIS_glob_defs CMSIS Global Defines
 216:C:\Users\bahri\GitHub\VirtualKeypad\Eclipse_USBProject_WS\Project_USB_CrossCompile\system\include\cmsis\core_cm4.h **** 
 217:C:\Users\bahri\GitHub\VirtualKeypad\Eclipse_USBProject_WS\Project_USB_CrossCompile\system\include\cmsis\core_cm4.h ****     <strong>IO Type Qualifiers</strong> are used
 218:C:\Users\bahri\GitHub\VirtualKeypad\Eclipse_USBProject_WS\Project_USB_CrossCompile\system\include\cmsis\core_cm4.h ****     \li to specify the access to peripheral variables.
 219:C:\Users\bahri\GitHub\VirtualKeypad\Eclipse_USBProject_WS\Project_USB_CrossCompile\system\include\cmsis\core_cm4.h ****     \li for automatic generation of peripheral register debug information.
 220:C:\Users\bahri\GitHub\VirtualKeypad\Eclipse_USBProject_WS\Project_USB_CrossCompile\system\include\cmsis\core_cm4.h **** */
 221:C:\Users\bahri\GitHub\VirtualKeypad\Eclipse_USBProject_WS\Project_USB_CrossCompile\system\include\cmsis\core_cm4.h **** #ifdef __cplusplus
 222:C:\Users\bahri\GitHub\VirtualKeypad\Eclipse_USBProject_WS\Project_USB_CrossCompile\system\include\cmsis\core_cm4.h ****   #define   __I     volatile             /*!< Defines 'read only' permissions */
 223:C:\Users\bahri\GitHub\VirtualKeypad\Eclipse_USBProject_WS\Project_USB_CrossCompile\system\include\cmsis\core_cm4.h **** #else
 224:C:\Users\bahri\GitHub\VirtualKeypad\Eclipse_USBProject_WS\Project_USB_CrossCompile\system\include\cmsis\core_cm4.h ****   #define   __I     volatile const       /*!< Defines 'read only' permissions */
 225:C:\Users\bahri\GitHub\VirtualKeypad\Eclipse_USBProject_WS\Project_USB_CrossCompile\system\include\cmsis\core_cm4.h **** #endif
 226:C:\Users\bahri\GitHub\VirtualKeypad\Eclipse_USBProject_WS\Project_USB_CrossCompile\system\include\cmsis\core_cm4.h **** #define     __O     volatile             /*!< Defines 'write only' permissions */
 227:C:\Users\bahri\GitHub\VirtualKeypad\Eclipse_USBProject_WS\Project_USB_CrossCompile\system\include\cmsis\core_cm4.h **** #define     __IO    volatile             /*!< Defines 'read / write' permissions */
 228:C:\Users\bahri\GitHub\VirtualKeypad\Eclipse_USBProject_WS\Project_USB_CrossCompile\system\include\cmsis\core_cm4.h **** 
 229:C:\Users\bahri\GitHub\VirtualKeypad\Eclipse_USBProject_WS\Project_USB_CrossCompile\system\include\cmsis\core_cm4.h **** /* following defines should be used for structure members */
 230:C:\Users\bahri\GitHub\VirtualKeypad\Eclipse_USBProject_WS\Project_USB_CrossCompile\system\include\cmsis\core_cm4.h **** #define     __IM     volatile const      /*! Defines 'read only' structure member permissions */
 231:C:\Users\bahri\GitHub\VirtualKeypad\Eclipse_USBProject_WS\Project_USB_CrossCompile\system\include\cmsis\core_cm4.h **** #define     __OM     volatile            /*! Defines 'write only' structure member permissions */
 232:C:\Users\bahri\GitHub\VirtualKeypad\Eclipse_USBProject_WS\Project_USB_CrossCompile\system\include\cmsis\core_cm4.h **** #define     __IOM    volatile            /*! Defines 'read / write' structure member permissions */
 233:C:\Users\bahri\GitHub\VirtualKeypad\Eclipse_USBProject_WS\Project_USB_CrossCompile\system\include\cmsis\core_cm4.h **** 
 234:C:\Users\bahri\GitHub\VirtualKeypad\Eclipse_USBProject_WS\Project_USB_CrossCompile\system\include\cmsis\core_cm4.h **** /*@} end of group Cortex_M4 */
 235:C:\Users\bahri\GitHub\VirtualKeypad\Eclipse_USBProject_WS\Project_USB_CrossCompile\system\include\cmsis\core_cm4.h **** 
 236:C:\Users\bahri\GitHub\VirtualKeypad\Eclipse_USBProject_WS\Project_USB_CrossCompile\system\include\cmsis\core_cm4.h **** 
 237:C:\Users\bahri\GitHub\VirtualKeypad\Eclipse_USBProject_WS\Project_USB_CrossCompile\system\include\cmsis\core_cm4.h **** 
 238:C:\Users\bahri\GitHub\VirtualKeypad\Eclipse_USBProject_WS\Project_USB_CrossCompile\system\include\cmsis\core_cm4.h **** /*******************************************************************************
 239:C:\Users\bahri\GitHub\VirtualKeypad\Eclipse_USBProject_WS\Project_USB_CrossCompile\system\include\cmsis\core_cm4.h ****  *                 Register Abstraction
 240:C:\Users\bahri\GitHub\VirtualKeypad\Eclipse_USBProject_WS\Project_USB_CrossCompile\system\include\cmsis\core_cm4.h ****   Core Register contain:
 241:C:\Users\bahri\GitHub\VirtualKeypad\Eclipse_USBProject_WS\Project_USB_CrossCompile\system\include\cmsis\core_cm4.h ****   - Core Register
 242:C:\Users\bahri\GitHub\VirtualKeypad\Eclipse_USBProject_WS\Project_USB_CrossCompile\system\include\cmsis\core_cm4.h ****   - Core NVIC Register
 243:C:\Users\bahri\GitHub\VirtualKeypad\Eclipse_USBProject_WS\Project_USB_CrossCompile\system\include\cmsis\core_cm4.h ****   - Core SCB Register
 244:C:\Users\bahri\GitHub\VirtualKeypad\Eclipse_USBProject_WS\Project_USB_CrossCompile\system\include\cmsis\core_cm4.h ****   - Core SysTick Register
 245:C:\Users\bahri\GitHub\VirtualKeypad\Eclipse_USBProject_WS\Project_USB_CrossCompile\system\include\cmsis\core_cm4.h ****   - Core Debug Register
 246:C:\Users\bahri\GitHub\VirtualKeypad\Eclipse_USBProject_WS\Project_USB_CrossCompile\system\include\cmsis\core_cm4.h ****   - Core MPU Register
 247:C:\Users\bahri\GitHub\VirtualKeypad\Eclipse_USBProject_WS\Project_USB_CrossCompile\system\include\cmsis\core_cm4.h ****   - Core FPU Register
 248:C:\Users\bahri\GitHub\VirtualKeypad\Eclipse_USBProject_WS\Project_USB_CrossCompile\system\include\cmsis\core_cm4.h ****  ******************************************************************************/
 249:C:\Users\bahri\GitHub\VirtualKeypad\Eclipse_USBProject_WS\Project_USB_CrossCompile\system\include\cmsis\core_cm4.h **** /**
 250:C:\Users\bahri\GitHub\VirtualKeypad\Eclipse_USBProject_WS\Project_USB_CrossCompile\system\include\cmsis\core_cm4.h ****   \defgroup CMSIS_core_register Defines and Type Definitions
 251:C:\Users\bahri\GitHub\VirtualKeypad\Eclipse_USBProject_WS\Project_USB_CrossCompile\system\include\cmsis\core_cm4.h ****   \brief Type definitions and defines for Cortex-M processor based devices.
 252:C:\Users\bahri\GitHub\VirtualKeypad\Eclipse_USBProject_WS\Project_USB_CrossCompile\system\include\cmsis\core_cm4.h **** */
 253:C:\Users\bahri\GitHub\VirtualKeypad\Eclipse_USBProject_WS\Project_USB_CrossCompile\system\include\cmsis\core_cm4.h **** 
 254:C:\Users\bahri\GitHub\VirtualKeypad\Eclipse_USBProject_WS\Project_USB_CrossCompile\system\include\cmsis\core_cm4.h **** /**
 255:C:\Users\bahri\GitHub\VirtualKeypad\Eclipse_USBProject_WS\Project_USB_CrossCompile\system\include\cmsis\core_cm4.h ****   \ingroup    CMSIS_core_register
 256:C:\Users\bahri\GitHub\VirtualKeypad\Eclipse_USBProject_WS\Project_USB_CrossCompile\system\include\cmsis\core_cm4.h ****   \defgroup   CMSIS_CORE  Status and Control Registers
 257:C:\Users\bahri\GitHub\VirtualKeypad\Eclipse_USBProject_WS\Project_USB_CrossCompile\system\include\cmsis\core_cm4.h ****   \brief      Core Register type definitions.
 258:C:\Users\bahri\GitHub\VirtualKeypad\Eclipse_USBProject_WS\Project_USB_CrossCompile\system\include\cmsis\core_cm4.h ****   @{
 259:C:\Users\bahri\GitHub\VirtualKeypad\Eclipse_USBProject_WS\Project_USB_CrossCompile\system\include\cmsis\core_cm4.h ****  */
 260:C:\Users\bahri\GitHub\VirtualKeypad\Eclipse_USBProject_WS\Project_USB_CrossCompile\system\include\cmsis\core_cm4.h **** 
 261:C:\Users\bahri\GitHub\VirtualKeypad\Eclipse_USBProject_WS\Project_USB_CrossCompile\system\include\cmsis\core_cm4.h **** /**
 262:C:\Users\bahri\GitHub\VirtualKeypad\Eclipse_USBProject_WS\Project_USB_CrossCompile\system\include\cmsis\core_cm4.h ****   \brief  Union type to access the Application Program Status Register (APSR).
 263:C:\Users\bahri\GitHub\VirtualKeypad\Eclipse_USBProject_WS\Project_USB_CrossCompile\system\include\cmsis\core_cm4.h ****  */
 264:C:\Users\bahri\GitHub\VirtualKeypad\Eclipse_USBProject_WS\Project_USB_CrossCompile\system\include\cmsis\core_cm4.h **** typedef union
 265:C:\Users\bahri\GitHub\VirtualKeypad\Eclipse_USBProject_WS\Project_USB_CrossCompile\system\include\cmsis\core_cm4.h **** {
 266:C:\Users\bahri\GitHub\VirtualKeypad\Eclipse_USBProject_WS\Project_USB_CrossCompile\system\include\cmsis\core_cm4.h ****   struct
 267:C:\Users\bahri\GitHub\VirtualKeypad\Eclipse_USBProject_WS\Project_USB_CrossCompile\system\include\cmsis\core_cm4.h ****   {
 268:C:\Users\bahri\GitHub\VirtualKeypad\Eclipse_USBProject_WS\Project_USB_CrossCompile\system\include\cmsis\core_cm4.h ****     uint32_t _reserved0:16;              /*!< bit:  0..15  Reserved */
 269:C:\Users\bahri\GitHub\VirtualKeypad\Eclipse_USBProject_WS\Project_USB_CrossCompile\system\include\cmsis\core_cm4.h ****     uint32_t GE:4;                       /*!< bit: 16..19  Greater than or Equal flags */
 270:C:\Users\bahri\GitHub\VirtualKeypad\Eclipse_USBProject_WS\Project_USB_CrossCompile\system\include\cmsis\core_cm4.h ****     uint32_t _reserved1:7;               /*!< bit: 20..26  Reserved */
 271:C:\Users\bahri\GitHub\VirtualKeypad\Eclipse_USBProject_WS\Project_USB_CrossCompile\system\include\cmsis\core_cm4.h ****     uint32_t Q:1;                        /*!< bit:     27  Saturation condition flag */
 272:C:\Users\bahri\GitHub\VirtualKeypad\Eclipse_USBProject_WS\Project_USB_CrossCompile\system\include\cmsis\core_cm4.h ****     uint32_t V:1;                        /*!< bit:     28  Overflow condition code flag */
 273:C:\Users\bahri\GitHub\VirtualKeypad\Eclipse_USBProject_WS\Project_USB_CrossCompile\system\include\cmsis\core_cm4.h ****     uint32_t C:1;                        /*!< bit:     29  Carry condition code flag */
 274:C:\Users\bahri\GitHub\VirtualKeypad\Eclipse_USBProject_WS\Project_USB_CrossCompile\system\include\cmsis\core_cm4.h ****     uint32_t Z:1;                        /*!< bit:     30  Zero condition code flag */
 275:C:\Users\bahri\GitHub\VirtualKeypad\Eclipse_USBProject_WS\Project_USB_CrossCompile\system\include\cmsis\core_cm4.h ****     uint32_t N:1;                        /*!< bit:     31  Negative condition code flag */
 276:C:\Users\bahri\GitHub\VirtualKeypad\Eclipse_USBProject_WS\Project_USB_CrossCompile\system\include\cmsis\core_cm4.h ****   } b;                                   /*!< Structure used for bit  access */
 277:C:\Users\bahri\GitHub\VirtualKeypad\Eclipse_USBProject_WS\Project_USB_CrossCompile\system\include\cmsis\core_cm4.h ****   uint32_t w;                            /*!< Type      used for word access */
 278:C:\Users\bahri\GitHub\VirtualKeypad\Eclipse_USBProject_WS\Project_USB_CrossCompile\system\include\cmsis\core_cm4.h **** } APSR_Type;
 279:C:\Users\bahri\GitHub\VirtualKeypad\Eclipse_USBProject_WS\Project_USB_CrossCompile\system\include\cmsis\core_cm4.h **** 
 280:C:\Users\bahri\GitHub\VirtualKeypad\Eclipse_USBProject_WS\Project_USB_CrossCompile\system\include\cmsis\core_cm4.h **** /* APSR Register Definitions */
 281:C:\Users\bahri\GitHub\VirtualKeypad\Eclipse_USBProject_WS\Project_USB_CrossCompile\system\include\cmsis\core_cm4.h **** #define APSR_N_Pos                         31U                                            /*!< APSR
 282:C:\Users\bahri\GitHub\VirtualKeypad\Eclipse_USBProject_WS\Project_USB_CrossCompile\system\include\cmsis\core_cm4.h **** #define APSR_N_Msk                         (1UL << APSR_N_Pos)                            /*!< APSR
 283:C:\Users\bahri\GitHub\VirtualKeypad\Eclipse_USBProject_WS\Project_USB_CrossCompile\system\include\cmsis\core_cm4.h **** 
 284:C:\Users\bahri\GitHub\VirtualKeypad\Eclipse_USBProject_WS\Project_USB_CrossCompile\system\include\cmsis\core_cm4.h **** #define APSR_Z_Pos                         30U                                            /*!< APSR
 285:C:\Users\bahri\GitHub\VirtualKeypad\Eclipse_USBProject_WS\Project_USB_CrossCompile\system\include\cmsis\core_cm4.h **** #define APSR_Z_Msk                         (1UL << APSR_Z_Pos)                            /*!< APSR
 286:C:\Users\bahri\GitHub\VirtualKeypad\Eclipse_USBProject_WS\Project_USB_CrossCompile\system\include\cmsis\core_cm4.h **** 
 287:C:\Users\bahri\GitHub\VirtualKeypad\Eclipse_USBProject_WS\Project_USB_CrossCompile\system\include\cmsis\core_cm4.h **** #define APSR_C_Pos                         29U                                            /*!< APSR
 288:C:\Users\bahri\GitHub\VirtualKeypad\Eclipse_USBProject_WS\Project_USB_CrossCompile\system\include\cmsis\core_cm4.h **** #define APSR_C_Msk                         (1UL << APSR_C_Pos)                            /*!< APSR
 289:C:\Users\bahri\GitHub\VirtualKeypad\Eclipse_USBProject_WS\Project_USB_CrossCompile\system\include\cmsis\core_cm4.h **** 
 290:C:\Users\bahri\GitHub\VirtualKeypad\Eclipse_USBProject_WS\Project_USB_CrossCompile\system\include\cmsis\core_cm4.h **** #define APSR_V_Pos                         28U                                            /*!< APSR
 291:C:\Users\bahri\GitHub\VirtualKeypad\Eclipse_USBProject_WS\Project_USB_CrossCompile\system\include\cmsis\core_cm4.h **** #define APSR_V_Msk                         (1UL << APSR_V_Pos)                            /*!< APSR
 292:C:\Users\bahri\GitHub\VirtualKeypad\Eclipse_USBProject_WS\Project_USB_CrossCompile\system\include\cmsis\core_cm4.h **** 
 293:C:\Users\bahri\GitHub\VirtualKeypad\Eclipse_USBProject_WS\Project_USB_CrossCompile\system\include\cmsis\core_cm4.h **** #define APSR_Q_Pos                         27U                                            /*!< APSR
 294:C:\Users\bahri\GitHub\VirtualKeypad\Eclipse_USBProject_WS\Project_USB_CrossCompile\system\include\cmsis\core_cm4.h **** #define APSR_Q_Msk                         (1UL << APSR_Q_Pos)                            /*!< APSR
 295:C:\Users\bahri\GitHub\VirtualKeypad\Eclipse_USBProject_WS\Project_USB_CrossCompile\system\include\cmsis\core_cm4.h **** 
 296:C:\Users\bahri\GitHub\VirtualKeypad\Eclipse_USBProject_WS\Project_USB_CrossCompile\system\include\cmsis\core_cm4.h **** #define APSR_GE_Pos                        16U                                            /*!< APSR
 297:C:\Users\bahri\GitHub\VirtualKeypad\Eclipse_USBProject_WS\Project_USB_CrossCompile\system\include\cmsis\core_cm4.h **** #define APSR_GE_Msk                        (0xFUL << APSR_GE_Pos)                         /*!< APSR
 298:C:\Users\bahri\GitHub\VirtualKeypad\Eclipse_USBProject_WS\Project_USB_CrossCompile\system\include\cmsis\core_cm4.h **** 
 299:C:\Users\bahri\GitHub\VirtualKeypad\Eclipse_USBProject_WS\Project_USB_CrossCompile\system\include\cmsis\core_cm4.h **** 
 300:C:\Users\bahri\GitHub\VirtualKeypad\Eclipse_USBProject_WS\Project_USB_CrossCompile\system\include\cmsis\core_cm4.h **** /**
 301:C:\Users\bahri\GitHub\VirtualKeypad\Eclipse_USBProject_WS\Project_USB_CrossCompile\system\include\cmsis\core_cm4.h ****   \brief  Union type to access the Interrupt Program Status Register (IPSR).
 302:C:\Users\bahri\GitHub\VirtualKeypad\Eclipse_USBProject_WS\Project_USB_CrossCompile\system\include\cmsis\core_cm4.h ****  */
 303:C:\Users\bahri\GitHub\VirtualKeypad\Eclipse_USBProject_WS\Project_USB_CrossCompile\system\include\cmsis\core_cm4.h **** typedef union
 304:C:\Users\bahri\GitHub\VirtualKeypad\Eclipse_USBProject_WS\Project_USB_CrossCompile\system\include\cmsis\core_cm4.h **** {
 305:C:\Users\bahri\GitHub\VirtualKeypad\Eclipse_USBProject_WS\Project_USB_CrossCompile\system\include\cmsis\core_cm4.h ****   struct
 306:C:\Users\bahri\GitHub\VirtualKeypad\Eclipse_USBProject_WS\Project_USB_CrossCompile\system\include\cmsis\core_cm4.h ****   {
 307:C:\Users\bahri\GitHub\VirtualKeypad\Eclipse_USBProject_WS\Project_USB_CrossCompile\system\include\cmsis\core_cm4.h ****     uint32_t ISR:9;                      /*!< bit:  0.. 8  Exception number */
 308:C:\Users\bahri\GitHub\VirtualKeypad\Eclipse_USBProject_WS\Project_USB_CrossCompile\system\include\cmsis\core_cm4.h ****     uint32_t _reserved0:23;              /*!< bit:  9..31  Reserved */
 309:C:\Users\bahri\GitHub\VirtualKeypad\Eclipse_USBProject_WS\Project_USB_CrossCompile\system\include\cmsis\core_cm4.h ****   } b;                                   /*!< Structure used for bit  access */
 310:C:\Users\bahri\GitHub\VirtualKeypad\Eclipse_USBProject_WS\Project_USB_CrossCompile\system\include\cmsis\core_cm4.h ****   uint32_t w;                            /*!< Type      used for word access */
 311:C:\Users\bahri\GitHub\VirtualKeypad\Eclipse_USBProject_WS\Project_USB_CrossCompile\system\include\cmsis\core_cm4.h **** } IPSR_Type;
 312:C:\Users\bahri\GitHub\VirtualKeypad\Eclipse_USBProject_WS\Project_USB_CrossCompile\system\include\cmsis\core_cm4.h **** 
 313:C:\Users\bahri\GitHub\VirtualKeypad\Eclipse_USBProject_WS\Project_USB_CrossCompile\system\include\cmsis\core_cm4.h **** /* IPSR Register Definitions */
 314:C:\Users\bahri\GitHub\VirtualKeypad\Eclipse_USBProject_WS\Project_USB_CrossCompile\system\include\cmsis\core_cm4.h **** #define IPSR_ISR_Pos                        0U                                            /*!< IPSR
 315:C:\Users\bahri\GitHub\VirtualKeypad\Eclipse_USBProject_WS\Project_USB_CrossCompile\system\include\cmsis\core_cm4.h **** #define IPSR_ISR_Msk                       (0x1FFUL /*<< IPSR_ISR_Pos*/)                  /*!< IPSR
 316:C:\Users\bahri\GitHub\VirtualKeypad\Eclipse_USBProject_WS\Project_USB_CrossCompile\system\include\cmsis\core_cm4.h **** 
 317:C:\Users\bahri\GitHub\VirtualKeypad\Eclipse_USBProject_WS\Project_USB_CrossCompile\system\include\cmsis\core_cm4.h **** 
 318:C:\Users\bahri\GitHub\VirtualKeypad\Eclipse_USBProject_WS\Project_USB_CrossCompile\system\include\cmsis\core_cm4.h **** /**
 319:C:\Users\bahri\GitHub\VirtualKeypad\Eclipse_USBProject_WS\Project_USB_CrossCompile\system\include\cmsis\core_cm4.h ****   \brief  Union type to access the Special-Purpose Program Status Registers (xPSR).
 320:C:\Users\bahri\GitHub\VirtualKeypad\Eclipse_USBProject_WS\Project_USB_CrossCompile\system\include\cmsis\core_cm4.h ****  */
 321:C:\Users\bahri\GitHub\VirtualKeypad\Eclipse_USBProject_WS\Project_USB_CrossCompile\system\include\cmsis\core_cm4.h **** typedef union
 322:C:\Users\bahri\GitHub\VirtualKeypad\Eclipse_USBProject_WS\Project_USB_CrossCompile\system\include\cmsis\core_cm4.h **** {
 323:C:\Users\bahri\GitHub\VirtualKeypad\Eclipse_USBProject_WS\Project_USB_CrossCompile\system\include\cmsis\core_cm4.h ****   struct
 324:C:\Users\bahri\GitHub\VirtualKeypad\Eclipse_USBProject_WS\Project_USB_CrossCompile\system\include\cmsis\core_cm4.h ****   {
 325:C:\Users\bahri\GitHub\VirtualKeypad\Eclipse_USBProject_WS\Project_USB_CrossCompile\system\include\cmsis\core_cm4.h ****     uint32_t ISR:9;                      /*!< bit:  0.. 8  Exception number */
 326:C:\Users\bahri\GitHub\VirtualKeypad\Eclipse_USBProject_WS\Project_USB_CrossCompile\system\include\cmsis\core_cm4.h ****     uint32_t _reserved0:1;               /*!< bit:      9  Reserved */
 327:C:\Users\bahri\GitHub\VirtualKeypad\Eclipse_USBProject_WS\Project_USB_CrossCompile\system\include\cmsis\core_cm4.h ****     uint32_t ICI_IT_1:6;                 /*!< bit: 10..15  ICI/IT part 1 */
 328:C:\Users\bahri\GitHub\VirtualKeypad\Eclipse_USBProject_WS\Project_USB_CrossCompile\system\include\cmsis\core_cm4.h ****     uint32_t GE:4;                       /*!< bit: 16..19  Greater than or Equal flags */
 329:C:\Users\bahri\GitHub\VirtualKeypad\Eclipse_USBProject_WS\Project_USB_CrossCompile\system\include\cmsis\core_cm4.h ****     uint32_t _reserved1:4;               /*!< bit: 20..23  Reserved */
 330:C:\Users\bahri\GitHub\VirtualKeypad\Eclipse_USBProject_WS\Project_USB_CrossCompile\system\include\cmsis\core_cm4.h ****     uint32_t T:1;                        /*!< bit:     24  Thumb bit */
 331:C:\Users\bahri\GitHub\VirtualKeypad\Eclipse_USBProject_WS\Project_USB_CrossCompile\system\include\cmsis\core_cm4.h ****     uint32_t ICI_IT_2:2;                 /*!< bit: 25..26  ICI/IT part 2 */
 332:C:\Users\bahri\GitHub\VirtualKeypad\Eclipse_USBProject_WS\Project_USB_CrossCompile\system\include\cmsis\core_cm4.h ****     uint32_t Q:1;                        /*!< bit:     27  Saturation condition flag */
 333:C:\Users\bahri\GitHub\VirtualKeypad\Eclipse_USBProject_WS\Project_USB_CrossCompile\system\include\cmsis\core_cm4.h ****     uint32_t V:1;                        /*!< bit:     28  Overflow condition code flag */
 334:C:\Users\bahri\GitHub\VirtualKeypad\Eclipse_USBProject_WS\Project_USB_CrossCompile\system\include\cmsis\core_cm4.h ****     uint32_t C:1;                        /*!< bit:     29  Carry condition code flag */
 335:C:\Users\bahri\GitHub\VirtualKeypad\Eclipse_USBProject_WS\Project_USB_CrossCompile\system\include\cmsis\core_cm4.h ****     uint32_t Z:1;                        /*!< bit:     30  Zero condition code flag */
 336:C:\Users\bahri\GitHub\VirtualKeypad\Eclipse_USBProject_WS\Project_USB_CrossCompile\system\include\cmsis\core_cm4.h ****     uint32_t N:1;                        /*!< bit:     31  Negative condition code flag */
 337:C:\Users\bahri\GitHub\VirtualKeypad\Eclipse_USBProject_WS\Project_USB_CrossCompile\system\include\cmsis\core_cm4.h ****   } b;                                   /*!< Structure used for bit  access */
 338:C:\Users\bahri\GitHub\VirtualKeypad\Eclipse_USBProject_WS\Project_USB_CrossCompile\system\include\cmsis\core_cm4.h ****   uint32_t w;                            /*!< Type      used for word access */
 339:C:\Users\bahri\GitHub\VirtualKeypad\Eclipse_USBProject_WS\Project_USB_CrossCompile\system\include\cmsis\core_cm4.h **** } xPSR_Type;
 340:C:\Users\bahri\GitHub\VirtualKeypad\Eclipse_USBProject_WS\Project_USB_CrossCompile\system\include\cmsis\core_cm4.h **** 
 341:C:\Users\bahri\GitHub\VirtualKeypad\Eclipse_USBProject_WS\Project_USB_CrossCompile\system\include\cmsis\core_cm4.h **** /* xPSR Register Definitions */
 342:C:\Users\bahri\GitHub\VirtualKeypad\Eclipse_USBProject_WS\Project_USB_CrossCompile\system\include\cmsis\core_cm4.h **** #define xPSR_N_Pos                         31U                                            /*!< xPSR
 343:C:\Users\bahri\GitHub\VirtualKeypad\Eclipse_USBProject_WS\Project_USB_CrossCompile\system\include\cmsis\core_cm4.h **** #define xPSR_N_Msk                         (1UL << xPSR_N_Pos)                            /*!< xPSR
 344:C:\Users\bahri\GitHub\VirtualKeypad\Eclipse_USBProject_WS\Project_USB_CrossCompile\system\include\cmsis\core_cm4.h **** 
 345:C:\Users\bahri\GitHub\VirtualKeypad\Eclipse_USBProject_WS\Project_USB_CrossCompile\system\include\cmsis\core_cm4.h **** #define xPSR_Z_Pos                         30U                                            /*!< xPSR
 346:C:\Users\bahri\GitHub\VirtualKeypad\Eclipse_USBProject_WS\Project_USB_CrossCompile\system\include\cmsis\core_cm4.h **** #define xPSR_Z_Msk                         (1UL << xPSR_Z_Pos)                            /*!< xPSR
 347:C:\Users\bahri\GitHub\VirtualKeypad\Eclipse_USBProject_WS\Project_USB_CrossCompile\system\include\cmsis\core_cm4.h **** 
 348:C:\Users\bahri\GitHub\VirtualKeypad\Eclipse_USBProject_WS\Project_USB_CrossCompile\system\include\cmsis\core_cm4.h **** #define xPSR_C_Pos                         29U                                            /*!< xPSR
 349:C:\Users\bahri\GitHub\VirtualKeypad\Eclipse_USBProject_WS\Project_USB_CrossCompile\system\include\cmsis\core_cm4.h **** #define xPSR_C_Msk                         (1UL << xPSR_C_Pos)                            /*!< xPSR
 350:C:\Users\bahri\GitHub\VirtualKeypad\Eclipse_USBProject_WS\Project_USB_CrossCompile\system\include\cmsis\core_cm4.h **** 
 351:C:\Users\bahri\GitHub\VirtualKeypad\Eclipse_USBProject_WS\Project_USB_CrossCompile\system\include\cmsis\core_cm4.h **** #define xPSR_V_Pos                         28U                                            /*!< xPSR
 352:C:\Users\bahri\GitHub\VirtualKeypad\Eclipse_USBProject_WS\Project_USB_CrossCompile\system\include\cmsis\core_cm4.h **** #define xPSR_V_Msk                         (1UL << xPSR_V_Pos)                            /*!< xPSR
 353:C:\Users\bahri\GitHub\VirtualKeypad\Eclipse_USBProject_WS\Project_USB_CrossCompile\system\include\cmsis\core_cm4.h **** 
 354:C:\Users\bahri\GitHub\VirtualKeypad\Eclipse_USBProject_WS\Project_USB_CrossCompile\system\include\cmsis\core_cm4.h **** #define xPSR_Q_Pos                         27U                                            /*!< xPSR
 355:C:\Users\bahri\GitHub\VirtualKeypad\Eclipse_USBProject_WS\Project_USB_CrossCompile\system\include\cmsis\core_cm4.h **** #define xPSR_Q_Msk                         (1UL << xPSR_Q_Pos)                            /*!< xPSR
 356:C:\Users\bahri\GitHub\VirtualKeypad\Eclipse_USBProject_WS\Project_USB_CrossCompile\system\include\cmsis\core_cm4.h **** 
 357:C:\Users\bahri\GitHub\VirtualKeypad\Eclipse_USBProject_WS\Project_USB_CrossCompile\system\include\cmsis\core_cm4.h **** #define xPSR_ICI_IT_2_Pos                  25U                                            /*!< xPSR
 358:C:\Users\bahri\GitHub\VirtualKeypad\Eclipse_USBProject_WS\Project_USB_CrossCompile\system\include\cmsis\core_cm4.h **** #define xPSR_ICI_IT_2_Msk                  (3UL << xPSR_ICI_IT_2_Pos)                     /*!< xPSR
 359:C:\Users\bahri\GitHub\VirtualKeypad\Eclipse_USBProject_WS\Project_USB_CrossCompile\system\include\cmsis\core_cm4.h **** 
 360:C:\Users\bahri\GitHub\VirtualKeypad\Eclipse_USBProject_WS\Project_USB_CrossCompile\system\include\cmsis\core_cm4.h **** #define xPSR_T_Pos                         24U                                            /*!< xPSR
 361:C:\Users\bahri\GitHub\VirtualKeypad\Eclipse_USBProject_WS\Project_USB_CrossCompile\system\include\cmsis\core_cm4.h **** #define xPSR_T_Msk                         (1UL << xPSR_T_Pos)                            /*!< xPSR
 362:C:\Users\bahri\GitHub\VirtualKeypad\Eclipse_USBProject_WS\Project_USB_CrossCompile\system\include\cmsis\core_cm4.h **** 
 363:C:\Users\bahri\GitHub\VirtualKeypad\Eclipse_USBProject_WS\Project_USB_CrossCompile\system\include\cmsis\core_cm4.h **** #define xPSR_GE_Pos                        16U                                            /*!< xPSR
 364:C:\Users\bahri\GitHub\VirtualKeypad\Eclipse_USBProject_WS\Project_USB_CrossCompile\system\include\cmsis\core_cm4.h **** #define xPSR_GE_Msk                        (0xFUL << xPSR_GE_Pos)                         /*!< xPSR
 365:C:\Users\bahri\GitHub\VirtualKeypad\Eclipse_USBProject_WS\Project_USB_CrossCompile\system\include\cmsis\core_cm4.h **** 
 366:C:\Users\bahri\GitHub\VirtualKeypad\Eclipse_USBProject_WS\Project_USB_CrossCompile\system\include\cmsis\core_cm4.h **** #define xPSR_ICI_IT_1_Pos                  10U                                            /*!< xPSR
 367:C:\Users\bahri\GitHub\VirtualKeypad\Eclipse_USBProject_WS\Project_USB_CrossCompile\system\include\cmsis\core_cm4.h **** #define xPSR_ICI_IT_1_Msk                  (0x3FUL << xPSR_ICI_IT_1_Pos)                  /*!< xPSR
 368:C:\Users\bahri\GitHub\VirtualKeypad\Eclipse_USBProject_WS\Project_USB_CrossCompile\system\include\cmsis\core_cm4.h **** 
 369:C:\Users\bahri\GitHub\VirtualKeypad\Eclipse_USBProject_WS\Project_USB_CrossCompile\system\include\cmsis\core_cm4.h **** #define xPSR_ISR_Pos                        0U                                            /*!< xPSR
 370:C:\Users\bahri\GitHub\VirtualKeypad\Eclipse_USBProject_WS\Project_USB_CrossCompile\system\include\cmsis\core_cm4.h **** #define xPSR_ISR_Msk                       (0x1FFUL /*<< xPSR_ISR_Pos*/)                  /*!< xPSR
 371:C:\Users\bahri\GitHub\VirtualKeypad\Eclipse_USBProject_WS\Project_USB_CrossCompile\system\include\cmsis\core_cm4.h **** 
 372:C:\Users\bahri\GitHub\VirtualKeypad\Eclipse_USBProject_WS\Project_USB_CrossCompile\system\include\cmsis\core_cm4.h **** 
 373:C:\Users\bahri\GitHub\VirtualKeypad\Eclipse_USBProject_WS\Project_USB_CrossCompile\system\include\cmsis\core_cm4.h **** /**
 374:C:\Users\bahri\GitHub\VirtualKeypad\Eclipse_USBProject_WS\Project_USB_CrossCompile\system\include\cmsis\core_cm4.h ****   \brief  Union type to access the Control Registers (CONTROL).
 375:C:\Users\bahri\GitHub\VirtualKeypad\Eclipse_USBProject_WS\Project_USB_CrossCompile\system\include\cmsis\core_cm4.h ****  */
 376:C:\Users\bahri\GitHub\VirtualKeypad\Eclipse_USBProject_WS\Project_USB_CrossCompile\system\include\cmsis\core_cm4.h **** typedef union
 377:C:\Users\bahri\GitHub\VirtualKeypad\Eclipse_USBProject_WS\Project_USB_CrossCompile\system\include\cmsis\core_cm4.h **** {
 378:C:\Users\bahri\GitHub\VirtualKeypad\Eclipse_USBProject_WS\Project_USB_CrossCompile\system\include\cmsis\core_cm4.h ****   struct
 379:C:\Users\bahri\GitHub\VirtualKeypad\Eclipse_USBProject_WS\Project_USB_CrossCompile\system\include\cmsis\core_cm4.h ****   {
 380:C:\Users\bahri\GitHub\VirtualKeypad\Eclipse_USBProject_WS\Project_USB_CrossCompile\system\include\cmsis\core_cm4.h ****     uint32_t nPRIV:1;                    /*!< bit:      0  Execution privilege in Thread mode */
 381:C:\Users\bahri\GitHub\VirtualKeypad\Eclipse_USBProject_WS\Project_USB_CrossCompile\system\include\cmsis\core_cm4.h ****     uint32_t SPSEL:1;                    /*!< bit:      1  Stack to be used */
 382:C:\Users\bahri\GitHub\VirtualKeypad\Eclipse_USBProject_WS\Project_USB_CrossCompile\system\include\cmsis\core_cm4.h ****     uint32_t FPCA:1;                     /*!< bit:      2  FP extension active flag */
 383:C:\Users\bahri\GitHub\VirtualKeypad\Eclipse_USBProject_WS\Project_USB_CrossCompile\system\include\cmsis\core_cm4.h ****     uint32_t _reserved0:29;              /*!< bit:  3..31  Reserved */
 384:C:\Users\bahri\GitHub\VirtualKeypad\Eclipse_USBProject_WS\Project_USB_CrossCompile\system\include\cmsis\core_cm4.h ****   } b;                                   /*!< Structure used for bit  access */
 385:C:\Users\bahri\GitHub\VirtualKeypad\Eclipse_USBProject_WS\Project_USB_CrossCompile\system\include\cmsis\core_cm4.h ****   uint32_t w;                            /*!< Type      used for word access */
 386:C:\Users\bahri\GitHub\VirtualKeypad\Eclipse_USBProject_WS\Project_USB_CrossCompile\system\include\cmsis\core_cm4.h **** } CONTROL_Type;
 387:C:\Users\bahri\GitHub\VirtualKeypad\Eclipse_USBProject_WS\Project_USB_CrossCompile\system\include\cmsis\core_cm4.h **** 
 388:C:\Users\bahri\GitHub\VirtualKeypad\Eclipse_USBProject_WS\Project_USB_CrossCompile\system\include\cmsis\core_cm4.h **** /* CONTROL Register Definitions */
 389:C:\Users\bahri\GitHub\VirtualKeypad\Eclipse_USBProject_WS\Project_USB_CrossCompile\system\include\cmsis\core_cm4.h **** #define CONTROL_FPCA_Pos                    2U                                            /*!< CONT
 390:C:\Users\bahri\GitHub\VirtualKeypad\Eclipse_USBProject_WS\Project_USB_CrossCompile\system\include\cmsis\core_cm4.h **** #define CONTROL_FPCA_Msk                   (1UL << CONTROL_FPCA_Pos)                      /*!< CONT
 391:C:\Users\bahri\GitHub\VirtualKeypad\Eclipse_USBProject_WS\Project_USB_CrossCompile\system\include\cmsis\core_cm4.h **** 
 392:C:\Users\bahri\GitHub\VirtualKeypad\Eclipse_USBProject_WS\Project_USB_CrossCompile\system\include\cmsis\core_cm4.h **** #define CONTROL_SPSEL_Pos                   1U                                            /*!< CONT
 393:C:\Users\bahri\GitHub\VirtualKeypad\Eclipse_USBProject_WS\Project_USB_CrossCompile\system\include\cmsis\core_cm4.h **** #define CONTROL_SPSEL_Msk                  (1UL << CONTROL_SPSEL_Pos)                     /*!< CONT
 394:C:\Users\bahri\GitHub\VirtualKeypad\Eclipse_USBProject_WS\Project_USB_CrossCompile\system\include\cmsis\core_cm4.h **** 
 395:C:\Users\bahri\GitHub\VirtualKeypad\Eclipse_USBProject_WS\Project_USB_CrossCompile\system\include\cmsis\core_cm4.h **** #define CONTROL_nPRIV_Pos                   0U                                            /*!< CONT
 396:C:\Users\bahri\GitHub\VirtualKeypad\Eclipse_USBProject_WS\Project_USB_CrossCompile\system\include\cmsis\core_cm4.h **** #define CONTROL_nPRIV_Msk                  (1UL /*<< CONTROL_nPRIV_Pos*/)                 /*!< CONT
 397:C:\Users\bahri\GitHub\VirtualKeypad\Eclipse_USBProject_WS\Project_USB_CrossCompile\system\include\cmsis\core_cm4.h **** 
 398:C:\Users\bahri\GitHub\VirtualKeypad\Eclipse_USBProject_WS\Project_USB_CrossCompile\system\include\cmsis\core_cm4.h **** /*@} end of group CMSIS_CORE */
 399:C:\Users\bahri\GitHub\VirtualKeypad\Eclipse_USBProject_WS\Project_USB_CrossCompile\system\include\cmsis\core_cm4.h **** 
 400:C:\Users\bahri\GitHub\VirtualKeypad\Eclipse_USBProject_WS\Project_USB_CrossCompile\system\include\cmsis\core_cm4.h **** 
 401:C:\Users\bahri\GitHub\VirtualKeypad\Eclipse_USBProject_WS\Project_USB_CrossCompile\system\include\cmsis\core_cm4.h **** /**
 402:C:\Users\bahri\GitHub\VirtualKeypad\Eclipse_USBProject_WS\Project_USB_CrossCompile\system\include\cmsis\core_cm4.h ****   \ingroup    CMSIS_core_register
 403:C:\Users\bahri\GitHub\VirtualKeypad\Eclipse_USBProject_WS\Project_USB_CrossCompile\system\include\cmsis\core_cm4.h ****   \defgroup   CMSIS_NVIC  Nested Vectored Interrupt Controller (NVIC)
 404:C:\Users\bahri\GitHub\VirtualKeypad\Eclipse_USBProject_WS\Project_USB_CrossCompile\system\include\cmsis\core_cm4.h ****   \brief      Type definitions for the NVIC Registers
 405:C:\Users\bahri\GitHub\VirtualKeypad\Eclipse_USBProject_WS\Project_USB_CrossCompile\system\include\cmsis\core_cm4.h ****   @{
 406:C:\Users\bahri\GitHub\VirtualKeypad\Eclipse_USBProject_WS\Project_USB_CrossCompile\system\include\cmsis\core_cm4.h ****  */
 407:C:\Users\bahri\GitHub\VirtualKeypad\Eclipse_USBProject_WS\Project_USB_CrossCompile\system\include\cmsis\core_cm4.h **** 
 408:C:\Users\bahri\GitHub\VirtualKeypad\Eclipse_USBProject_WS\Project_USB_CrossCompile\system\include\cmsis\core_cm4.h **** /**
 409:C:\Users\bahri\GitHub\VirtualKeypad\Eclipse_USBProject_WS\Project_USB_CrossCompile\system\include\cmsis\core_cm4.h ****   \brief  Structure type to access the Nested Vectored Interrupt Controller (NVIC).
 410:C:\Users\bahri\GitHub\VirtualKeypad\Eclipse_USBProject_WS\Project_USB_CrossCompile\system\include\cmsis\core_cm4.h ****  */
 411:C:\Users\bahri\GitHub\VirtualKeypad\Eclipse_USBProject_WS\Project_USB_CrossCompile\system\include\cmsis\core_cm4.h **** typedef struct
 412:C:\Users\bahri\GitHub\VirtualKeypad\Eclipse_USBProject_WS\Project_USB_CrossCompile\system\include\cmsis\core_cm4.h **** {
 413:C:\Users\bahri\GitHub\VirtualKeypad\Eclipse_USBProject_WS\Project_USB_CrossCompile\system\include\cmsis\core_cm4.h ****   __IOM uint32_t ISER[8U];               /*!< Offset: 0x000 (R/W)  Interrupt Set Enable Register */
 414:C:\Users\bahri\GitHub\VirtualKeypad\Eclipse_USBProject_WS\Project_USB_CrossCompile\system\include\cmsis\core_cm4.h ****         uint32_t RESERVED0[24U];
 415:C:\Users\bahri\GitHub\VirtualKeypad\Eclipse_USBProject_WS\Project_USB_CrossCompile\system\include\cmsis\core_cm4.h ****   __IOM uint32_t ICER[8U];               /*!< Offset: 0x080 (R/W)  Interrupt Clear Enable Register 
 416:C:\Users\bahri\GitHub\VirtualKeypad\Eclipse_USBProject_WS\Project_USB_CrossCompile\system\include\cmsis\core_cm4.h ****         uint32_t RESERVED1[24U];
 417:C:\Users\bahri\GitHub\VirtualKeypad\Eclipse_USBProject_WS\Project_USB_CrossCompile\system\include\cmsis\core_cm4.h ****   __IOM uint32_t ISPR[8U];               /*!< Offset: 0x100 (R/W)  Interrupt Set Pending Register *
 418:C:\Users\bahri\GitHub\VirtualKeypad\Eclipse_USBProject_WS\Project_USB_CrossCompile\system\include\cmsis\core_cm4.h ****         uint32_t RESERVED2[24U];
 419:C:\Users\bahri\GitHub\VirtualKeypad\Eclipse_USBProject_WS\Project_USB_CrossCompile\system\include\cmsis\core_cm4.h ****   __IOM uint32_t ICPR[8U];               /*!< Offset: 0x180 (R/W)  Interrupt Clear Pending Register
 420:C:\Users\bahri\GitHub\VirtualKeypad\Eclipse_USBProject_WS\Project_USB_CrossCompile\system\include\cmsis\core_cm4.h ****         uint32_t RESERVED3[24U];
 421:C:\Users\bahri\GitHub\VirtualKeypad\Eclipse_USBProject_WS\Project_USB_CrossCompile\system\include\cmsis\core_cm4.h ****   __IOM uint32_t IABR[8U];               /*!< Offset: 0x200 (R/W)  Interrupt Active bit Register */
 422:C:\Users\bahri\GitHub\VirtualKeypad\Eclipse_USBProject_WS\Project_USB_CrossCompile\system\include\cmsis\core_cm4.h ****         uint32_t RESERVED4[56U];
 423:C:\Users\bahri\GitHub\VirtualKeypad\Eclipse_USBProject_WS\Project_USB_CrossCompile\system\include\cmsis\core_cm4.h ****   __IOM uint8_t  IP[240U];               /*!< Offset: 0x300 (R/W)  Interrupt Priority Register (8Bi
 424:C:\Users\bahri\GitHub\VirtualKeypad\Eclipse_USBProject_WS\Project_USB_CrossCompile\system\include\cmsis\core_cm4.h ****         uint32_t RESERVED5[644U];
 425:C:\Users\bahri\GitHub\VirtualKeypad\Eclipse_USBProject_WS\Project_USB_CrossCompile\system\include\cmsis\core_cm4.h ****   __OM  uint32_t STIR;                   /*!< Offset: 0xE00 ( /W)  Software Trigger Interrupt Regis
 426:C:\Users\bahri\GitHub\VirtualKeypad\Eclipse_USBProject_WS\Project_USB_CrossCompile\system\include\cmsis\core_cm4.h **** }  NVIC_Type;
 427:C:\Users\bahri\GitHub\VirtualKeypad\Eclipse_USBProject_WS\Project_USB_CrossCompile\system\include\cmsis\core_cm4.h **** 
 428:C:\Users\bahri\GitHub\VirtualKeypad\Eclipse_USBProject_WS\Project_USB_CrossCompile\system\include\cmsis\core_cm4.h **** /* Software Triggered Interrupt Register Definitions */
 429:C:\Users\bahri\GitHub\VirtualKeypad\Eclipse_USBProject_WS\Project_USB_CrossCompile\system\include\cmsis\core_cm4.h **** #define NVIC_STIR_INTID_Pos                 0U                                         /*!< STIR: I
 430:C:\Users\bahri\GitHub\VirtualKeypad\Eclipse_USBProject_WS\Project_USB_CrossCompile\system\include\cmsis\core_cm4.h **** #define NVIC_STIR_INTID_Msk                (0x1FFUL /*<< NVIC_STIR_INTID_Pos*/)        /*!< STIR: I
 431:C:\Users\bahri\GitHub\VirtualKeypad\Eclipse_USBProject_WS\Project_USB_CrossCompile\system\include\cmsis\core_cm4.h **** 
 432:C:\Users\bahri\GitHub\VirtualKeypad\Eclipse_USBProject_WS\Project_USB_CrossCompile\system\include\cmsis\core_cm4.h **** /*@} end of group CMSIS_NVIC */
 433:C:\Users\bahri\GitHub\VirtualKeypad\Eclipse_USBProject_WS\Project_USB_CrossCompile\system\include\cmsis\core_cm4.h **** 
 434:C:\Users\bahri\GitHub\VirtualKeypad\Eclipse_USBProject_WS\Project_USB_CrossCompile\system\include\cmsis\core_cm4.h **** 
 435:C:\Users\bahri\GitHub\VirtualKeypad\Eclipse_USBProject_WS\Project_USB_CrossCompile\system\include\cmsis\core_cm4.h **** /**
 436:C:\Users\bahri\GitHub\VirtualKeypad\Eclipse_USBProject_WS\Project_USB_CrossCompile\system\include\cmsis\core_cm4.h ****   \ingroup  CMSIS_core_register
 437:C:\Users\bahri\GitHub\VirtualKeypad\Eclipse_USBProject_WS\Project_USB_CrossCompile\system\include\cmsis\core_cm4.h ****   \defgroup CMSIS_SCB     System Control Block (SCB)
 438:C:\Users\bahri\GitHub\VirtualKeypad\Eclipse_USBProject_WS\Project_USB_CrossCompile\system\include\cmsis\core_cm4.h ****   \brief    Type definitions for the System Control Block Registers
 439:C:\Users\bahri\GitHub\VirtualKeypad\Eclipse_USBProject_WS\Project_USB_CrossCompile\system\include\cmsis\core_cm4.h ****   @{
 440:C:\Users\bahri\GitHub\VirtualKeypad\Eclipse_USBProject_WS\Project_USB_CrossCompile\system\include\cmsis\core_cm4.h ****  */
 441:C:\Users\bahri\GitHub\VirtualKeypad\Eclipse_USBProject_WS\Project_USB_CrossCompile\system\include\cmsis\core_cm4.h **** 
 442:C:\Users\bahri\GitHub\VirtualKeypad\Eclipse_USBProject_WS\Project_USB_CrossCompile\system\include\cmsis\core_cm4.h **** /**
 443:C:\Users\bahri\GitHub\VirtualKeypad\Eclipse_USBProject_WS\Project_USB_CrossCompile\system\include\cmsis\core_cm4.h ****   \brief  Structure type to access the System Control Block (SCB).
 444:C:\Users\bahri\GitHub\VirtualKeypad\Eclipse_USBProject_WS\Project_USB_CrossCompile\system\include\cmsis\core_cm4.h ****  */
 445:C:\Users\bahri\GitHub\VirtualKeypad\Eclipse_USBProject_WS\Project_USB_CrossCompile\system\include\cmsis\core_cm4.h **** typedef struct
 446:C:\Users\bahri\GitHub\VirtualKeypad\Eclipse_USBProject_WS\Project_USB_CrossCompile\system\include\cmsis\core_cm4.h **** {
 447:C:\Users\bahri\GitHub\VirtualKeypad\Eclipse_USBProject_WS\Project_USB_CrossCompile\system\include\cmsis\core_cm4.h ****   __IM  uint32_t CPUID;                  /*!< Offset: 0x000 (R/ )  CPUID Base Register */
 448:C:\Users\bahri\GitHub\VirtualKeypad\Eclipse_USBProject_WS\Project_USB_CrossCompile\system\include\cmsis\core_cm4.h ****   __IOM uint32_t ICSR;                   /*!< Offset: 0x004 (R/W)  Interrupt Control and State Regi
 449:C:\Users\bahri\GitHub\VirtualKeypad\Eclipse_USBProject_WS\Project_USB_CrossCompile\system\include\cmsis\core_cm4.h ****   __IOM uint32_t VTOR;                   /*!< Offset: 0x008 (R/W)  Vector Table Offset Register */
 450:C:\Users\bahri\GitHub\VirtualKeypad\Eclipse_USBProject_WS\Project_USB_CrossCompile\system\include\cmsis\core_cm4.h ****   __IOM uint32_t AIRCR;                  /*!< Offset: 0x00C (R/W)  Application Interrupt and Reset 
 451:C:\Users\bahri\GitHub\VirtualKeypad\Eclipse_USBProject_WS\Project_USB_CrossCompile\system\include\cmsis\core_cm4.h ****   __IOM uint32_t SCR;                    /*!< Offset: 0x010 (R/W)  System Control Register */
 452:C:\Users\bahri\GitHub\VirtualKeypad\Eclipse_USBProject_WS\Project_USB_CrossCompile\system\include\cmsis\core_cm4.h ****   __IOM uint32_t CCR;                    /*!< Offset: 0x014 (R/W)  Configuration Control Register *
 453:C:\Users\bahri\GitHub\VirtualKeypad\Eclipse_USBProject_WS\Project_USB_CrossCompile\system\include\cmsis\core_cm4.h ****   __IOM uint8_t  SHP[12U];               /*!< Offset: 0x018 (R/W)  System Handlers Priority Registe
 454:C:\Users\bahri\GitHub\VirtualKeypad\Eclipse_USBProject_WS\Project_USB_CrossCompile\system\include\cmsis\core_cm4.h ****   __IOM uint32_t SHCSR;                  /*!< Offset: 0x024 (R/W)  System Handler Control and State
 455:C:\Users\bahri\GitHub\VirtualKeypad\Eclipse_USBProject_WS\Project_USB_CrossCompile\system\include\cmsis\core_cm4.h ****   __IOM uint32_t CFSR;                   /*!< Offset: 0x028 (R/W)  Configurable Fault Status Regist
 456:C:\Users\bahri\GitHub\VirtualKeypad\Eclipse_USBProject_WS\Project_USB_CrossCompile\system\include\cmsis\core_cm4.h ****   __IOM uint32_t HFSR;                   /*!< Offset: 0x02C (R/W)  HardFault Status Register */
 457:C:\Users\bahri\GitHub\VirtualKeypad\Eclipse_USBProject_WS\Project_USB_CrossCompile\system\include\cmsis\core_cm4.h ****   __IOM uint32_t DFSR;                   /*!< Offset: 0x030 (R/W)  Debug Fault Status Register */
 458:C:\Users\bahri\GitHub\VirtualKeypad\Eclipse_USBProject_WS\Project_USB_CrossCompile\system\include\cmsis\core_cm4.h ****   __IOM uint32_t MMFAR;                  /*!< Offset: 0x034 (R/W)  MemManage Fault Address Register
 459:C:\Users\bahri\GitHub\VirtualKeypad\Eclipse_USBProject_WS\Project_USB_CrossCompile\system\include\cmsis\core_cm4.h ****   __IOM uint32_t BFAR;                   /*!< Offset: 0x038 (R/W)  BusFault Address Register */
 460:C:\Users\bahri\GitHub\VirtualKeypad\Eclipse_USBProject_WS\Project_USB_CrossCompile\system\include\cmsis\core_cm4.h ****   __IOM uint32_t AFSR;                   /*!< Offset: 0x03C (R/W)  Auxiliary Fault Status Register 
 461:C:\Users\bahri\GitHub\VirtualKeypad\Eclipse_USBProject_WS\Project_USB_CrossCompile\system\include\cmsis\core_cm4.h ****   __IM  uint32_t PFR[2U];                /*!< Offset: 0x040 (R/ )  Processor Feature Register */
 462:C:\Users\bahri\GitHub\VirtualKeypad\Eclipse_USBProject_WS\Project_USB_CrossCompile\system\include\cmsis\core_cm4.h ****   __IM  uint32_t DFR;                    /*!< Offset: 0x048 (R/ )  Debug Feature Register */
 463:C:\Users\bahri\GitHub\VirtualKeypad\Eclipse_USBProject_WS\Project_USB_CrossCompile\system\include\cmsis\core_cm4.h ****   __IM  uint32_t ADR;                    /*!< Offset: 0x04C (R/ )  Auxiliary Feature Register */
 464:C:\Users\bahri\GitHub\VirtualKeypad\Eclipse_USBProject_WS\Project_USB_CrossCompile\system\include\cmsis\core_cm4.h ****   __IM  uint32_t MMFR[4U];               /*!< Offset: 0x050 (R/ )  Memory Model Feature Register */
 465:C:\Users\bahri\GitHub\VirtualKeypad\Eclipse_USBProject_WS\Project_USB_CrossCompile\system\include\cmsis\core_cm4.h ****   __IM  uint32_t ISAR[5U];               /*!< Offset: 0x060 (R/ )  Instruction Set Attributes Regis
 466:C:\Users\bahri\GitHub\VirtualKeypad\Eclipse_USBProject_WS\Project_USB_CrossCompile\system\include\cmsis\core_cm4.h ****         uint32_t RESERVED0[5U];
 467:C:\Users\bahri\GitHub\VirtualKeypad\Eclipse_USBProject_WS\Project_USB_CrossCompile\system\include\cmsis\core_cm4.h ****   __IOM uint32_t CPACR;                  /*!< Offset: 0x088 (R/W)  Coprocessor Access Control Regis
 468:C:\Users\bahri\GitHub\VirtualKeypad\Eclipse_USBProject_WS\Project_USB_CrossCompile\system\include\cmsis\core_cm4.h **** } SCB_Type;
 469:C:\Users\bahri\GitHub\VirtualKeypad\Eclipse_USBProject_WS\Project_USB_CrossCompile\system\include\cmsis\core_cm4.h **** 
 470:C:\Users\bahri\GitHub\VirtualKeypad\Eclipse_USBProject_WS\Project_USB_CrossCompile\system\include\cmsis\core_cm4.h **** /* SCB CPUID Register Definitions */
 471:C:\Users\bahri\GitHub\VirtualKeypad\Eclipse_USBProject_WS\Project_USB_CrossCompile\system\include\cmsis\core_cm4.h **** #define SCB_CPUID_IMPLEMENTER_Pos          24U                                            /*!< SCB 
 472:C:\Users\bahri\GitHub\VirtualKeypad\Eclipse_USBProject_WS\Project_USB_CrossCompile\system\include\cmsis\core_cm4.h **** #define SCB_CPUID_IMPLEMENTER_Msk          (0xFFUL << SCB_CPUID_IMPLEMENTER_Pos)          /*!< SCB 
 473:C:\Users\bahri\GitHub\VirtualKeypad\Eclipse_USBProject_WS\Project_USB_CrossCompile\system\include\cmsis\core_cm4.h **** 
 474:C:\Users\bahri\GitHub\VirtualKeypad\Eclipse_USBProject_WS\Project_USB_CrossCompile\system\include\cmsis\core_cm4.h **** #define SCB_CPUID_VARIANT_Pos              20U                                            /*!< SCB 
 475:C:\Users\bahri\GitHub\VirtualKeypad\Eclipse_USBProject_WS\Project_USB_CrossCompile\system\include\cmsis\core_cm4.h **** #define SCB_CPUID_VARIANT_Msk              (0xFUL << SCB_CPUID_VARIANT_Pos)               /*!< SCB 
 476:C:\Users\bahri\GitHub\VirtualKeypad\Eclipse_USBProject_WS\Project_USB_CrossCompile\system\include\cmsis\core_cm4.h **** 
 477:C:\Users\bahri\GitHub\VirtualKeypad\Eclipse_USBProject_WS\Project_USB_CrossCompile\system\include\cmsis\core_cm4.h **** #define SCB_CPUID_ARCHITECTURE_Pos         16U                                            /*!< SCB 
 478:C:\Users\bahri\GitHub\VirtualKeypad\Eclipse_USBProject_WS\Project_USB_CrossCompile\system\include\cmsis\core_cm4.h **** #define SCB_CPUID_ARCHITECTURE_Msk         (0xFUL << SCB_CPUID_ARCHITECTURE_Pos)          /*!< SCB 
 479:C:\Users\bahri\GitHub\VirtualKeypad\Eclipse_USBProject_WS\Project_USB_CrossCompile\system\include\cmsis\core_cm4.h **** 
 480:C:\Users\bahri\GitHub\VirtualKeypad\Eclipse_USBProject_WS\Project_USB_CrossCompile\system\include\cmsis\core_cm4.h **** #define SCB_CPUID_PARTNO_Pos                4U                                            /*!< SCB 
 481:C:\Users\bahri\GitHub\VirtualKeypad\Eclipse_USBProject_WS\Project_USB_CrossCompile\system\include\cmsis\core_cm4.h **** #define SCB_CPUID_PARTNO_Msk               (0xFFFUL << SCB_CPUID_PARTNO_Pos)              /*!< SCB 
 482:C:\Users\bahri\GitHub\VirtualKeypad\Eclipse_USBProject_WS\Project_USB_CrossCompile\system\include\cmsis\core_cm4.h **** 
 483:C:\Users\bahri\GitHub\VirtualKeypad\Eclipse_USBProject_WS\Project_USB_CrossCompile\system\include\cmsis\core_cm4.h **** #define SCB_CPUID_REVISION_Pos              0U                                            /*!< SCB 
 484:C:\Users\bahri\GitHub\VirtualKeypad\Eclipse_USBProject_WS\Project_USB_CrossCompile\system\include\cmsis\core_cm4.h **** #define SCB_CPUID_REVISION_Msk             (0xFUL /*<< SCB_CPUID_REVISION_Pos*/)          /*!< SCB 
 485:C:\Users\bahri\GitHub\VirtualKeypad\Eclipse_USBProject_WS\Project_USB_CrossCompile\system\include\cmsis\core_cm4.h **** 
 486:C:\Users\bahri\GitHub\VirtualKeypad\Eclipse_USBProject_WS\Project_USB_CrossCompile\system\include\cmsis\core_cm4.h **** /* SCB Interrupt Control State Register Definitions */
 487:C:\Users\bahri\GitHub\VirtualKeypad\Eclipse_USBProject_WS\Project_USB_CrossCompile\system\include\cmsis\core_cm4.h **** #define SCB_ICSR_NMIPENDSET_Pos            31U                                            /*!< SCB 
 488:C:\Users\bahri\GitHub\VirtualKeypad\Eclipse_USBProject_WS\Project_USB_CrossCompile\system\include\cmsis\core_cm4.h **** #define SCB_ICSR_NMIPENDSET_Msk            (1UL << SCB_ICSR_NMIPENDSET_Pos)               /*!< SCB 
 489:C:\Users\bahri\GitHub\VirtualKeypad\Eclipse_USBProject_WS\Project_USB_CrossCompile\system\include\cmsis\core_cm4.h **** 
 490:C:\Users\bahri\GitHub\VirtualKeypad\Eclipse_USBProject_WS\Project_USB_CrossCompile\system\include\cmsis\core_cm4.h **** #define SCB_ICSR_PENDSVSET_Pos             28U                                            /*!< SCB 
 491:C:\Users\bahri\GitHub\VirtualKeypad\Eclipse_USBProject_WS\Project_USB_CrossCompile\system\include\cmsis\core_cm4.h **** #define SCB_ICSR_PENDSVSET_Msk             (1UL << SCB_ICSR_PENDSVSET_Pos)                /*!< SCB 
 492:C:\Users\bahri\GitHub\VirtualKeypad\Eclipse_USBProject_WS\Project_USB_CrossCompile\system\include\cmsis\core_cm4.h **** 
 493:C:\Users\bahri\GitHub\VirtualKeypad\Eclipse_USBProject_WS\Project_USB_CrossCompile\system\include\cmsis\core_cm4.h **** #define SCB_ICSR_PENDSVCLR_Pos             27U                                            /*!< SCB 
 494:C:\Users\bahri\GitHub\VirtualKeypad\Eclipse_USBProject_WS\Project_USB_CrossCompile\system\include\cmsis\core_cm4.h **** #define SCB_ICSR_PENDSVCLR_Msk             (1UL << SCB_ICSR_PENDSVCLR_Pos)                /*!< SCB 
 495:C:\Users\bahri\GitHub\VirtualKeypad\Eclipse_USBProject_WS\Project_USB_CrossCompile\system\include\cmsis\core_cm4.h **** 
 496:C:\Users\bahri\GitHub\VirtualKeypad\Eclipse_USBProject_WS\Project_USB_CrossCompile\system\include\cmsis\core_cm4.h **** #define SCB_ICSR_PENDSTSET_Pos             26U                                            /*!< SCB 
 497:C:\Users\bahri\GitHub\VirtualKeypad\Eclipse_USBProject_WS\Project_USB_CrossCompile\system\include\cmsis\core_cm4.h **** #define SCB_ICSR_PENDSTSET_Msk             (1UL << SCB_ICSR_PENDSTSET_Pos)                /*!< SCB 
 498:C:\Users\bahri\GitHub\VirtualKeypad\Eclipse_USBProject_WS\Project_USB_CrossCompile\system\include\cmsis\core_cm4.h **** 
 499:C:\Users\bahri\GitHub\VirtualKeypad\Eclipse_USBProject_WS\Project_USB_CrossCompile\system\include\cmsis\core_cm4.h **** #define SCB_ICSR_PENDSTCLR_Pos             25U                                            /*!< SCB 
 500:C:\Users\bahri\GitHub\VirtualKeypad\Eclipse_USBProject_WS\Project_USB_CrossCompile\system\include\cmsis\core_cm4.h **** #define SCB_ICSR_PENDSTCLR_Msk             (1UL << SCB_ICSR_PENDSTCLR_Pos)                /*!< SCB 
 501:C:\Users\bahri\GitHub\VirtualKeypad\Eclipse_USBProject_WS\Project_USB_CrossCompile\system\include\cmsis\core_cm4.h **** 
 502:C:\Users\bahri\GitHub\VirtualKeypad\Eclipse_USBProject_WS\Project_USB_CrossCompile\system\include\cmsis\core_cm4.h **** #define SCB_ICSR_ISRPREEMPT_Pos            23U                                            /*!< SCB 
 503:C:\Users\bahri\GitHub\VirtualKeypad\Eclipse_USBProject_WS\Project_USB_CrossCompile\system\include\cmsis\core_cm4.h **** #define SCB_ICSR_ISRPREEMPT_Msk            (1UL << SCB_ICSR_ISRPREEMPT_Pos)               /*!< SCB 
 504:C:\Users\bahri\GitHub\VirtualKeypad\Eclipse_USBProject_WS\Project_USB_CrossCompile\system\include\cmsis\core_cm4.h **** 
 505:C:\Users\bahri\GitHub\VirtualKeypad\Eclipse_USBProject_WS\Project_USB_CrossCompile\system\include\cmsis\core_cm4.h **** #define SCB_ICSR_ISRPENDING_Pos            22U                                            /*!< SCB 
 506:C:\Users\bahri\GitHub\VirtualKeypad\Eclipse_USBProject_WS\Project_USB_CrossCompile\system\include\cmsis\core_cm4.h **** #define SCB_ICSR_ISRPENDING_Msk            (1UL << SCB_ICSR_ISRPENDING_Pos)               /*!< SCB 
 507:C:\Users\bahri\GitHub\VirtualKeypad\Eclipse_USBProject_WS\Project_USB_CrossCompile\system\include\cmsis\core_cm4.h **** 
 508:C:\Users\bahri\GitHub\VirtualKeypad\Eclipse_USBProject_WS\Project_USB_CrossCompile\system\include\cmsis\core_cm4.h **** #define SCB_ICSR_VECTPENDING_Pos           12U                                            /*!< SCB 
 509:C:\Users\bahri\GitHub\VirtualKeypad\Eclipse_USBProject_WS\Project_USB_CrossCompile\system\include\cmsis\core_cm4.h **** #define SCB_ICSR_VECTPENDING_Msk           (0x1FFUL << SCB_ICSR_VECTPENDING_Pos)          /*!< SCB 
 510:C:\Users\bahri\GitHub\VirtualKeypad\Eclipse_USBProject_WS\Project_USB_CrossCompile\system\include\cmsis\core_cm4.h **** 
 511:C:\Users\bahri\GitHub\VirtualKeypad\Eclipse_USBProject_WS\Project_USB_CrossCompile\system\include\cmsis\core_cm4.h **** #define SCB_ICSR_RETTOBASE_Pos             11U                                            /*!< SCB 
 512:C:\Users\bahri\GitHub\VirtualKeypad\Eclipse_USBProject_WS\Project_USB_CrossCompile\system\include\cmsis\core_cm4.h **** #define SCB_ICSR_RETTOBASE_Msk             (1UL << SCB_ICSR_RETTOBASE_Pos)                /*!< SCB 
 513:C:\Users\bahri\GitHub\VirtualKeypad\Eclipse_USBProject_WS\Project_USB_CrossCompile\system\include\cmsis\core_cm4.h **** 
 514:C:\Users\bahri\GitHub\VirtualKeypad\Eclipse_USBProject_WS\Project_USB_CrossCompile\system\include\cmsis\core_cm4.h **** #define SCB_ICSR_VECTACTIVE_Pos             0U                                            /*!< SCB 
 515:C:\Users\bahri\GitHub\VirtualKeypad\Eclipse_USBProject_WS\Project_USB_CrossCompile\system\include\cmsis\core_cm4.h **** #define SCB_ICSR_VECTACTIVE_Msk            (0x1FFUL /*<< SCB_ICSR_VECTACTIVE_Pos*/)       /*!< SCB 
 516:C:\Users\bahri\GitHub\VirtualKeypad\Eclipse_USBProject_WS\Project_USB_CrossCompile\system\include\cmsis\core_cm4.h **** 
 517:C:\Users\bahri\GitHub\VirtualKeypad\Eclipse_USBProject_WS\Project_USB_CrossCompile\system\include\cmsis\core_cm4.h **** /* SCB Vector Table Offset Register Definitions */
 518:C:\Users\bahri\GitHub\VirtualKeypad\Eclipse_USBProject_WS\Project_USB_CrossCompile\system\include\cmsis\core_cm4.h **** #define SCB_VTOR_TBLOFF_Pos                 7U                                            /*!< SCB 
 519:C:\Users\bahri\GitHub\VirtualKeypad\Eclipse_USBProject_WS\Project_USB_CrossCompile\system\include\cmsis\core_cm4.h **** #define SCB_VTOR_TBLOFF_Msk                (0x1FFFFFFUL << SCB_VTOR_TBLOFF_Pos)           /*!< SCB 
 520:C:\Users\bahri\GitHub\VirtualKeypad\Eclipse_USBProject_WS\Project_USB_CrossCompile\system\include\cmsis\core_cm4.h **** 
 521:C:\Users\bahri\GitHub\VirtualKeypad\Eclipse_USBProject_WS\Project_USB_CrossCompile\system\include\cmsis\core_cm4.h **** /* SCB Application Interrupt and Reset Control Register Definitions */
 522:C:\Users\bahri\GitHub\VirtualKeypad\Eclipse_USBProject_WS\Project_USB_CrossCompile\system\include\cmsis\core_cm4.h **** #define SCB_AIRCR_VECTKEY_Pos              16U                                            /*!< SCB 
 523:C:\Users\bahri\GitHub\VirtualKeypad\Eclipse_USBProject_WS\Project_USB_CrossCompile\system\include\cmsis\core_cm4.h **** #define SCB_AIRCR_VECTKEY_Msk              (0xFFFFUL << SCB_AIRCR_VECTKEY_Pos)            /*!< SCB 
 524:C:\Users\bahri\GitHub\VirtualKeypad\Eclipse_USBProject_WS\Project_USB_CrossCompile\system\include\cmsis\core_cm4.h **** 
 525:C:\Users\bahri\GitHub\VirtualKeypad\Eclipse_USBProject_WS\Project_USB_CrossCompile\system\include\cmsis\core_cm4.h **** #define SCB_AIRCR_VECTKEYSTAT_Pos          16U                                            /*!< SCB 
 526:C:\Users\bahri\GitHub\VirtualKeypad\Eclipse_USBProject_WS\Project_USB_CrossCompile\system\include\cmsis\core_cm4.h **** #define SCB_AIRCR_VECTKEYSTAT_Msk          (0xFFFFUL << SCB_AIRCR_VECTKEYSTAT_Pos)        /*!< SCB 
 527:C:\Users\bahri\GitHub\VirtualKeypad\Eclipse_USBProject_WS\Project_USB_CrossCompile\system\include\cmsis\core_cm4.h **** 
 528:C:\Users\bahri\GitHub\VirtualKeypad\Eclipse_USBProject_WS\Project_USB_CrossCompile\system\include\cmsis\core_cm4.h **** #define SCB_AIRCR_ENDIANESS_Pos            15U                                            /*!< SCB 
 529:C:\Users\bahri\GitHub\VirtualKeypad\Eclipse_USBProject_WS\Project_USB_CrossCompile\system\include\cmsis\core_cm4.h **** #define SCB_AIRCR_ENDIANESS_Msk            (1UL << SCB_AIRCR_ENDIANESS_Pos)               /*!< SCB 
 530:C:\Users\bahri\GitHub\VirtualKeypad\Eclipse_USBProject_WS\Project_USB_CrossCompile\system\include\cmsis\core_cm4.h **** 
 531:C:\Users\bahri\GitHub\VirtualKeypad\Eclipse_USBProject_WS\Project_USB_CrossCompile\system\include\cmsis\core_cm4.h **** #define SCB_AIRCR_PRIGROUP_Pos              8U                                            /*!< SCB 
 532:C:\Users\bahri\GitHub\VirtualKeypad\Eclipse_USBProject_WS\Project_USB_CrossCompile\system\include\cmsis\core_cm4.h **** #define SCB_AIRCR_PRIGROUP_Msk             (7UL << SCB_AIRCR_PRIGROUP_Pos)                /*!< SCB 
 533:C:\Users\bahri\GitHub\VirtualKeypad\Eclipse_USBProject_WS\Project_USB_CrossCompile\system\include\cmsis\core_cm4.h **** 
 534:C:\Users\bahri\GitHub\VirtualKeypad\Eclipse_USBProject_WS\Project_USB_CrossCompile\system\include\cmsis\core_cm4.h **** #define SCB_AIRCR_SYSRESETREQ_Pos           2U                                            /*!< SCB 
 535:C:\Users\bahri\GitHub\VirtualKeypad\Eclipse_USBProject_WS\Project_USB_CrossCompile\system\include\cmsis\core_cm4.h **** #define SCB_AIRCR_SYSRESETREQ_Msk          (1UL << SCB_AIRCR_SYSRESETREQ_Pos)             /*!< SCB 
 536:C:\Users\bahri\GitHub\VirtualKeypad\Eclipse_USBProject_WS\Project_USB_CrossCompile\system\include\cmsis\core_cm4.h **** 
 537:C:\Users\bahri\GitHub\VirtualKeypad\Eclipse_USBProject_WS\Project_USB_CrossCompile\system\include\cmsis\core_cm4.h **** #define SCB_AIRCR_VECTCLRACTIVE_Pos         1U                                            /*!< SCB 
 538:C:\Users\bahri\GitHub\VirtualKeypad\Eclipse_USBProject_WS\Project_USB_CrossCompile\system\include\cmsis\core_cm4.h **** #define SCB_AIRCR_VECTCLRACTIVE_Msk        (1UL << SCB_AIRCR_VECTCLRACTIVE_Pos)           /*!< SCB 
 539:C:\Users\bahri\GitHub\VirtualKeypad\Eclipse_USBProject_WS\Project_USB_CrossCompile\system\include\cmsis\core_cm4.h **** 
 540:C:\Users\bahri\GitHub\VirtualKeypad\Eclipse_USBProject_WS\Project_USB_CrossCompile\system\include\cmsis\core_cm4.h **** #define SCB_AIRCR_VECTRESET_Pos             0U                                            /*!< SCB 
 541:C:\Users\bahri\GitHub\VirtualKeypad\Eclipse_USBProject_WS\Project_USB_CrossCompile\system\include\cmsis\core_cm4.h **** #define SCB_AIRCR_VECTRESET_Msk            (1UL /*<< SCB_AIRCR_VECTRESET_Pos*/)           /*!< SCB 
 542:C:\Users\bahri\GitHub\VirtualKeypad\Eclipse_USBProject_WS\Project_USB_CrossCompile\system\include\cmsis\core_cm4.h **** 
 543:C:\Users\bahri\GitHub\VirtualKeypad\Eclipse_USBProject_WS\Project_USB_CrossCompile\system\include\cmsis\core_cm4.h **** /* SCB System Control Register Definitions */
 544:C:\Users\bahri\GitHub\VirtualKeypad\Eclipse_USBProject_WS\Project_USB_CrossCompile\system\include\cmsis\core_cm4.h **** #define SCB_SCR_SEVONPEND_Pos               4U                                            /*!< SCB 
 545:C:\Users\bahri\GitHub\VirtualKeypad\Eclipse_USBProject_WS\Project_USB_CrossCompile\system\include\cmsis\core_cm4.h **** #define SCB_SCR_SEVONPEND_Msk              (1UL << SCB_SCR_SEVONPEND_Pos)                 /*!< SCB 
 546:C:\Users\bahri\GitHub\VirtualKeypad\Eclipse_USBProject_WS\Project_USB_CrossCompile\system\include\cmsis\core_cm4.h **** 
 547:C:\Users\bahri\GitHub\VirtualKeypad\Eclipse_USBProject_WS\Project_USB_CrossCompile\system\include\cmsis\core_cm4.h **** #define SCB_SCR_SLEEPDEEP_Pos               2U                                            /*!< SCB 
 548:C:\Users\bahri\GitHub\VirtualKeypad\Eclipse_USBProject_WS\Project_USB_CrossCompile\system\include\cmsis\core_cm4.h **** #define SCB_SCR_SLEEPDEEP_Msk              (1UL << SCB_SCR_SLEEPDEEP_Pos)                 /*!< SCB 
 549:C:\Users\bahri\GitHub\VirtualKeypad\Eclipse_USBProject_WS\Project_USB_CrossCompile\system\include\cmsis\core_cm4.h **** 
 550:C:\Users\bahri\GitHub\VirtualKeypad\Eclipse_USBProject_WS\Project_USB_CrossCompile\system\include\cmsis\core_cm4.h **** #define SCB_SCR_SLEEPONEXIT_Pos             1U                                            /*!< SCB 
 551:C:\Users\bahri\GitHub\VirtualKeypad\Eclipse_USBProject_WS\Project_USB_CrossCompile\system\include\cmsis\core_cm4.h **** #define SCB_SCR_SLEEPONEXIT_Msk            (1UL << SCB_SCR_SLEEPONEXIT_Pos)               /*!< SCB 
 552:C:\Users\bahri\GitHub\VirtualKeypad\Eclipse_USBProject_WS\Project_USB_CrossCompile\system\include\cmsis\core_cm4.h **** 
 553:C:\Users\bahri\GitHub\VirtualKeypad\Eclipse_USBProject_WS\Project_USB_CrossCompile\system\include\cmsis\core_cm4.h **** /* SCB Configuration Control Register Definitions */
 554:C:\Users\bahri\GitHub\VirtualKeypad\Eclipse_USBProject_WS\Project_USB_CrossCompile\system\include\cmsis\core_cm4.h **** #define SCB_CCR_STKALIGN_Pos                9U                                            /*!< SCB 
 555:C:\Users\bahri\GitHub\VirtualKeypad\Eclipse_USBProject_WS\Project_USB_CrossCompile\system\include\cmsis\core_cm4.h **** #define SCB_CCR_STKALIGN_Msk               (1UL << SCB_CCR_STKALIGN_Pos)                  /*!< SCB 
 556:C:\Users\bahri\GitHub\VirtualKeypad\Eclipse_USBProject_WS\Project_USB_CrossCompile\system\include\cmsis\core_cm4.h **** 
 557:C:\Users\bahri\GitHub\VirtualKeypad\Eclipse_USBProject_WS\Project_USB_CrossCompile\system\include\cmsis\core_cm4.h **** #define SCB_CCR_BFHFNMIGN_Pos               8U                                            /*!< SCB 
 558:C:\Users\bahri\GitHub\VirtualKeypad\Eclipse_USBProject_WS\Project_USB_CrossCompile\system\include\cmsis\core_cm4.h **** #define SCB_CCR_BFHFNMIGN_Msk              (1UL << SCB_CCR_BFHFNMIGN_Pos)                 /*!< SCB 
 559:C:\Users\bahri\GitHub\VirtualKeypad\Eclipse_USBProject_WS\Project_USB_CrossCompile\system\include\cmsis\core_cm4.h **** 
 560:C:\Users\bahri\GitHub\VirtualKeypad\Eclipse_USBProject_WS\Project_USB_CrossCompile\system\include\cmsis\core_cm4.h **** #define SCB_CCR_DIV_0_TRP_Pos               4U                                            /*!< SCB 
 561:C:\Users\bahri\GitHub\VirtualKeypad\Eclipse_USBProject_WS\Project_USB_CrossCompile\system\include\cmsis\core_cm4.h **** #define SCB_CCR_DIV_0_TRP_Msk              (1UL << SCB_CCR_DIV_0_TRP_Pos)                 /*!< SCB 
 562:C:\Users\bahri\GitHub\VirtualKeypad\Eclipse_USBProject_WS\Project_USB_CrossCompile\system\include\cmsis\core_cm4.h **** 
 563:C:\Users\bahri\GitHub\VirtualKeypad\Eclipse_USBProject_WS\Project_USB_CrossCompile\system\include\cmsis\core_cm4.h **** #define SCB_CCR_UNALIGN_TRP_Pos             3U                                            /*!< SCB 
 564:C:\Users\bahri\GitHub\VirtualKeypad\Eclipse_USBProject_WS\Project_USB_CrossCompile\system\include\cmsis\core_cm4.h **** #define SCB_CCR_UNALIGN_TRP_Msk            (1UL << SCB_CCR_UNALIGN_TRP_Pos)               /*!< SCB 
 565:C:\Users\bahri\GitHub\VirtualKeypad\Eclipse_USBProject_WS\Project_USB_CrossCompile\system\include\cmsis\core_cm4.h **** 
 566:C:\Users\bahri\GitHub\VirtualKeypad\Eclipse_USBProject_WS\Project_USB_CrossCompile\system\include\cmsis\core_cm4.h **** #define SCB_CCR_USERSETMPEND_Pos            1U                                            /*!< SCB 
 567:C:\Users\bahri\GitHub\VirtualKeypad\Eclipse_USBProject_WS\Project_USB_CrossCompile\system\include\cmsis\core_cm4.h **** #define SCB_CCR_USERSETMPEND_Msk           (1UL << SCB_CCR_USERSETMPEND_Pos)              /*!< SCB 
 568:C:\Users\bahri\GitHub\VirtualKeypad\Eclipse_USBProject_WS\Project_USB_CrossCompile\system\include\cmsis\core_cm4.h **** 
 569:C:\Users\bahri\GitHub\VirtualKeypad\Eclipse_USBProject_WS\Project_USB_CrossCompile\system\include\cmsis\core_cm4.h **** #define SCB_CCR_NONBASETHRDENA_Pos          0U                                            /*!< SCB 
 570:C:\Users\bahri\GitHub\VirtualKeypad\Eclipse_USBProject_WS\Project_USB_CrossCompile\system\include\cmsis\core_cm4.h **** #define SCB_CCR_NONBASETHRDENA_Msk         (1UL /*<< SCB_CCR_NONBASETHRDENA_Pos*/)        /*!< SCB 
 571:C:\Users\bahri\GitHub\VirtualKeypad\Eclipse_USBProject_WS\Project_USB_CrossCompile\system\include\cmsis\core_cm4.h **** 
 572:C:\Users\bahri\GitHub\VirtualKeypad\Eclipse_USBProject_WS\Project_USB_CrossCompile\system\include\cmsis\core_cm4.h **** /* SCB System Handler Control and State Register Definitions */
 573:C:\Users\bahri\GitHub\VirtualKeypad\Eclipse_USBProject_WS\Project_USB_CrossCompile\system\include\cmsis\core_cm4.h **** #define SCB_SHCSR_USGFAULTENA_Pos          18U                                            /*!< SCB 
 574:C:\Users\bahri\GitHub\VirtualKeypad\Eclipse_USBProject_WS\Project_USB_CrossCompile\system\include\cmsis\core_cm4.h **** #define SCB_SHCSR_USGFAULTENA_Msk          (1UL << SCB_SHCSR_USGFAULTENA_Pos)             /*!< SCB 
 575:C:\Users\bahri\GitHub\VirtualKeypad\Eclipse_USBProject_WS\Project_USB_CrossCompile\system\include\cmsis\core_cm4.h **** 
 576:C:\Users\bahri\GitHub\VirtualKeypad\Eclipse_USBProject_WS\Project_USB_CrossCompile\system\include\cmsis\core_cm4.h **** #define SCB_SHCSR_BUSFAULTENA_Pos          17U                                            /*!< SCB 
 577:C:\Users\bahri\GitHub\VirtualKeypad\Eclipse_USBProject_WS\Project_USB_CrossCompile\system\include\cmsis\core_cm4.h **** #define SCB_SHCSR_BUSFAULTENA_Msk          (1UL << SCB_SHCSR_BUSFAULTENA_Pos)             /*!< SCB 
 578:C:\Users\bahri\GitHub\VirtualKeypad\Eclipse_USBProject_WS\Project_USB_CrossCompile\system\include\cmsis\core_cm4.h **** 
 579:C:\Users\bahri\GitHub\VirtualKeypad\Eclipse_USBProject_WS\Project_USB_CrossCompile\system\include\cmsis\core_cm4.h **** #define SCB_SHCSR_MEMFAULTENA_Pos          16U                                            /*!< SCB 
 580:C:\Users\bahri\GitHub\VirtualKeypad\Eclipse_USBProject_WS\Project_USB_CrossCompile\system\include\cmsis\core_cm4.h **** #define SCB_SHCSR_MEMFAULTENA_Msk          (1UL << SCB_SHCSR_MEMFAULTENA_Pos)             /*!< SCB 
 581:C:\Users\bahri\GitHub\VirtualKeypad\Eclipse_USBProject_WS\Project_USB_CrossCompile\system\include\cmsis\core_cm4.h **** 
 582:C:\Users\bahri\GitHub\VirtualKeypad\Eclipse_USBProject_WS\Project_USB_CrossCompile\system\include\cmsis\core_cm4.h **** #define SCB_SHCSR_SVCALLPENDED_Pos         15U                                            /*!< SCB 
 583:C:\Users\bahri\GitHub\VirtualKeypad\Eclipse_USBProject_WS\Project_USB_CrossCompile\system\include\cmsis\core_cm4.h **** #define SCB_SHCSR_SVCALLPENDED_Msk         (1UL << SCB_SHCSR_SVCALLPENDED_Pos)            /*!< SCB 
 584:C:\Users\bahri\GitHub\VirtualKeypad\Eclipse_USBProject_WS\Project_USB_CrossCompile\system\include\cmsis\core_cm4.h **** 
 585:C:\Users\bahri\GitHub\VirtualKeypad\Eclipse_USBProject_WS\Project_USB_CrossCompile\system\include\cmsis\core_cm4.h **** #define SCB_SHCSR_BUSFAULTPENDED_Pos       14U                                            /*!< SCB 
 586:C:\Users\bahri\GitHub\VirtualKeypad\Eclipse_USBProject_WS\Project_USB_CrossCompile\system\include\cmsis\core_cm4.h **** #define SCB_SHCSR_BUSFAULTPENDED_Msk       (1UL << SCB_SHCSR_BUSFAULTPENDED_Pos)          /*!< SCB 
 587:C:\Users\bahri\GitHub\VirtualKeypad\Eclipse_USBProject_WS\Project_USB_CrossCompile\system\include\cmsis\core_cm4.h **** 
 588:C:\Users\bahri\GitHub\VirtualKeypad\Eclipse_USBProject_WS\Project_USB_CrossCompile\system\include\cmsis\core_cm4.h **** #define SCB_SHCSR_MEMFAULTPENDED_Pos       13U                                            /*!< SCB 
 589:C:\Users\bahri\GitHub\VirtualKeypad\Eclipse_USBProject_WS\Project_USB_CrossCompile\system\include\cmsis\core_cm4.h **** #define SCB_SHCSR_MEMFAULTPENDED_Msk       (1UL << SCB_SHCSR_MEMFAULTPENDED_Pos)          /*!< SCB 
 590:C:\Users\bahri\GitHub\VirtualKeypad\Eclipse_USBProject_WS\Project_USB_CrossCompile\system\include\cmsis\core_cm4.h **** 
 591:C:\Users\bahri\GitHub\VirtualKeypad\Eclipse_USBProject_WS\Project_USB_CrossCompile\system\include\cmsis\core_cm4.h **** #define SCB_SHCSR_USGFAULTPENDED_Pos       12U                                            /*!< SCB 
 592:C:\Users\bahri\GitHub\VirtualKeypad\Eclipse_USBProject_WS\Project_USB_CrossCompile\system\include\cmsis\core_cm4.h **** #define SCB_SHCSR_USGFAULTPENDED_Msk       (1UL << SCB_SHCSR_USGFAULTPENDED_Pos)          /*!< SCB 
 593:C:\Users\bahri\GitHub\VirtualKeypad\Eclipse_USBProject_WS\Project_USB_CrossCompile\system\include\cmsis\core_cm4.h **** 
 594:C:\Users\bahri\GitHub\VirtualKeypad\Eclipse_USBProject_WS\Project_USB_CrossCompile\system\include\cmsis\core_cm4.h **** #define SCB_SHCSR_SYSTICKACT_Pos           11U                                            /*!< SCB 
 595:C:\Users\bahri\GitHub\VirtualKeypad\Eclipse_USBProject_WS\Project_USB_CrossCompile\system\include\cmsis\core_cm4.h **** #define SCB_SHCSR_SYSTICKACT_Msk           (1UL << SCB_SHCSR_SYSTICKACT_Pos)              /*!< SCB 
 596:C:\Users\bahri\GitHub\VirtualKeypad\Eclipse_USBProject_WS\Project_USB_CrossCompile\system\include\cmsis\core_cm4.h **** 
 597:C:\Users\bahri\GitHub\VirtualKeypad\Eclipse_USBProject_WS\Project_USB_CrossCompile\system\include\cmsis\core_cm4.h **** #define SCB_SHCSR_PENDSVACT_Pos            10U                                            /*!< SCB 
 598:C:\Users\bahri\GitHub\VirtualKeypad\Eclipse_USBProject_WS\Project_USB_CrossCompile\system\include\cmsis\core_cm4.h **** #define SCB_SHCSR_PENDSVACT_Msk            (1UL << SCB_SHCSR_PENDSVACT_Pos)               /*!< SCB 
 599:C:\Users\bahri\GitHub\VirtualKeypad\Eclipse_USBProject_WS\Project_USB_CrossCompile\system\include\cmsis\core_cm4.h **** 
 600:C:\Users\bahri\GitHub\VirtualKeypad\Eclipse_USBProject_WS\Project_USB_CrossCompile\system\include\cmsis\core_cm4.h **** #define SCB_SHCSR_MONITORACT_Pos            8U                                            /*!< SCB 
 601:C:\Users\bahri\GitHub\VirtualKeypad\Eclipse_USBProject_WS\Project_USB_CrossCompile\system\include\cmsis\core_cm4.h **** #define SCB_SHCSR_MONITORACT_Msk           (1UL << SCB_SHCSR_MONITORACT_Pos)              /*!< SCB 
 602:C:\Users\bahri\GitHub\VirtualKeypad\Eclipse_USBProject_WS\Project_USB_CrossCompile\system\include\cmsis\core_cm4.h **** 
 603:C:\Users\bahri\GitHub\VirtualKeypad\Eclipse_USBProject_WS\Project_USB_CrossCompile\system\include\cmsis\core_cm4.h **** #define SCB_SHCSR_SVCALLACT_Pos             7U                                            /*!< SCB 
 604:C:\Users\bahri\GitHub\VirtualKeypad\Eclipse_USBProject_WS\Project_USB_CrossCompile\system\include\cmsis\core_cm4.h **** #define SCB_SHCSR_SVCALLACT_Msk            (1UL << SCB_SHCSR_SVCALLACT_Pos)               /*!< SCB 
 605:C:\Users\bahri\GitHub\VirtualKeypad\Eclipse_USBProject_WS\Project_USB_CrossCompile\system\include\cmsis\core_cm4.h **** 
 606:C:\Users\bahri\GitHub\VirtualKeypad\Eclipse_USBProject_WS\Project_USB_CrossCompile\system\include\cmsis\core_cm4.h **** #define SCB_SHCSR_USGFAULTACT_Pos           3U                                            /*!< SCB 
 607:C:\Users\bahri\GitHub\VirtualKeypad\Eclipse_USBProject_WS\Project_USB_CrossCompile\system\include\cmsis\core_cm4.h **** #define SCB_SHCSR_USGFAULTACT_Msk          (1UL << SCB_SHCSR_USGFAULTACT_Pos)             /*!< SCB 
 608:C:\Users\bahri\GitHub\VirtualKeypad\Eclipse_USBProject_WS\Project_USB_CrossCompile\system\include\cmsis\core_cm4.h **** 
 609:C:\Users\bahri\GitHub\VirtualKeypad\Eclipse_USBProject_WS\Project_USB_CrossCompile\system\include\cmsis\core_cm4.h **** #define SCB_SHCSR_BUSFAULTACT_Pos           1U                                            /*!< SCB 
 610:C:\Users\bahri\GitHub\VirtualKeypad\Eclipse_USBProject_WS\Project_USB_CrossCompile\system\include\cmsis\core_cm4.h **** #define SCB_SHCSR_BUSFAULTACT_Msk          (1UL << SCB_SHCSR_BUSFAULTACT_Pos)             /*!< SCB 
 611:C:\Users\bahri\GitHub\VirtualKeypad\Eclipse_USBProject_WS\Project_USB_CrossCompile\system\include\cmsis\core_cm4.h **** 
 612:C:\Users\bahri\GitHub\VirtualKeypad\Eclipse_USBProject_WS\Project_USB_CrossCompile\system\include\cmsis\core_cm4.h **** #define SCB_SHCSR_MEMFAULTACT_Pos           0U                                            /*!< SCB 
 613:C:\Users\bahri\GitHub\VirtualKeypad\Eclipse_USBProject_WS\Project_USB_CrossCompile\system\include\cmsis\core_cm4.h **** #define SCB_SHCSR_MEMFAULTACT_Msk          (1UL /*<< SCB_SHCSR_MEMFAULTACT_Pos*/)         /*!< SCB 
 614:C:\Users\bahri\GitHub\VirtualKeypad\Eclipse_USBProject_WS\Project_USB_CrossCompile\system\include\cmsis\core_cm4.h **** 
 615:C:\Users\bahri\GitHub\VirtualKeypad\Eclipse_USBProject_WS\Project_USB_CrossCompile\system\include\cmsis\core_cm4.h **** /* SCB Configurable Fault Status Register Definitions */
 616:C:\Users\bahri\GitHub\VirtualKeypad\Eclipse_USBProject_WS\Project_USB_CrossCompile\system\include\cmsis\core_cm4.h **** #define SCB_CFSR_USGFAULTSR_Pos            16U                                            /*!< SCB 
 617:C:\Users\bahri\GitHub\VirtualKeypad\Eclipse_USBProject_WS\Project_USB_CrossCompile\system\include\cmsis\core_cm4.h **** #define SCB_CFSR_USGFAULTSR_Msk            (0xFFFFUL << SCB_CFSR_USGFAULTSR_Pos)          /*!< SCB 
 618:C:\Users\bahri\GitHub\VirtualKeypad\Eclipse_USBProject_WS\Project_USB_CrossCompile\system\include\cmsis\core_cm4.h **** 
 619:C:\Users\bahri\GitHub\VirtualKeypad\Eclipse_USBProject_WS\Project_USB_CrossCompile\system\include\cmsis\core_cm4.h **** #define SCB_CFSR_BUSFAULTSR_Pos             8U                                            /*!< SCB 
 620:C:\Users\bahri\GitHub\VirtualKeypad\Eclipse_USBProject_WS\Project_USB_CrossCompile\system\include\cmsis\core_cm4.h **** #define SCB_CFSR_BUSFAULTSR_Msk            (0xFFUL << SCB_CFSR_BUSFAULTSR_Pos)            /*!< SCB 
 621:C:\Users\bahri\GitHub\VirtualKeypad\Eclipse_USBProject_WS\Project_USB_CrossCompile\system\include\cmsis\core_cm4.h **** 
 622:C:\Users\bahri\GitHub\VirtualKeypad\Eclipse_USBProject_WS\Project_USB_CrossCompile\system\include\cmsis\core_cm4.h **** #define SCB_CFSR_MEMFAULTSR_Pos             0U                                            /*!< SCB 
 623:C:\Users\bahri\GitHub\VirtualKeypad\Eclipse_USBProject_WS\Project_USB_CrossCompile\system\include\cmsis\core_cm4.h **** #define SCB_CFSR_MEMFAULTSR_Msk            (0xFFUL /*<< SCB_CFSR_MEMFAULTSR_Pos*/)        /*!< SCB 
 624:C:\Users\bahri\GitHub\VirtualKeypad\Eclipse_USBProject_WS\Project_USB_CrossCompile\system\include\cmsis\core_cm4.h **** 
 625:C:\Users\bahri\GitHub\VirtualKeypad\Eclipse_USBProject_WS\Project_USB_CrossCompile\system\include\cmsis\core_cm4.h **** /* MemManage Fault Status Register (part of SCB Configurable Fault Status Register) */
 626:C:\Users\bahri\GitHub\VirtualKeypad\Eclipse_USBProject_WS\Project_USB_CrossCompile\system\include\cmsis\core_cm4.h **** #define SCB_CFSR_MMARVALID_Pos             (SCB_CFSR_MEMFAULTSR_Pos + 7U)                 /*!< SCB 
 627:C:\Users\bahri\GitHub\VirtualKeypad\Eclipse_USBProject_WS\Project_USB_CrossCompile\system\include\cmsis\core_cm4.h **** #define SCB_CFSR_MMARVALID_Msk             (1UL << SCB_CFSR_MMARVALID_Pos)                /*!< SCB 
 628:C:\Users\bahri\GitHub\VirtualKeypad\Eclipse_USBProject_WS\Project_USB_CrossCompile\system\include\cmsis\core_cm4.h **** 
 629:C:\Users\bahri\GitHub\VirtualKeypad\Eclipse_USBProject_WS\Project_USB_CrossCompile\system\include\cmsis\core_cm4.h **** #define SCB_CFSR_MLSPERR_Pos               (SCB_CFSR_MEMFAULTSR_Pos + 5U)                 /*!< SCB 
 630:C:\Users\bahri\GitHub\VirtualKeypad\Eclipse_USBProject_WS\Project_USB_CrossCompile\system\include\cmsis\core_cm4.h **** #define SCB_CFSR_MLSPERR_Msk               (1UL << SCB_CFSR_MLSPERR_Pos)                  /*!< SCB 
 631:C:\Users\bahri\GitHub\VirtualKeypad\Eclipse_USBProject_WS\Project_USB_CrossCompile\system\include\cmsis\core_cm4.h **** 
 632:C:\Users\bahri\GitHub\VirtualKeypad\Eclipse_USBProject_WS\Project_USB_CrossCompile\system\include\cmsis\core_cm4.h **** #define SCB_CFSR_MSTKERR_Pos               (SCB_CFSR_MEMFAULTSR_Pos + 4U)                 /*!< SCB 
 633:C:\Users\bahri\GitHub\VirtualKeypad\Eclipse_USBProject_WS\Project_USB_CrossCompile\system\include\cmsis\core_cm4.h **** #define SCB_CFSR_MSTKERR_Msk               (1UL << SCB_CFSR_MSTKERR_Pos)                  /*!< SCB 
 634:C:\Users\bahri\GitHub\VirtualKeypad\Eclipse_USBProject_WS\Project_USB_CrossCompile\system\include\cmsis\core_cm4.h **** 
 635:C:\Users\bahri\GitHub\VirtualKeypad\Eclipse_USBProject_WS\Project_USB_CrossCompile\system\include\cmsis\core_cm4.h **** #define SCB_CFSR_MUNSTKERR_Pos             (SCB_CFSR_MEMFAULTSR_Pos + 3U)                 /*!< SCB 
 636:C:\Users\bahri\GitHub\VirtualKeypad\Eclipse_USBProject_WS\Project_USB_CrossCompile\system\include\cmsis\core_cm4.h **** #define SCB_CFSR_MUNSTKERR_Msk             (1UL << SCB_CFSR_MUNSTKERR_Pos)                /*!< SCB 
 637:C:\Users\bahri\GitHub\VirtualKeypad\Eclipse_USBProject_WS\Project_USB_CrossCompile\system\include\cmsis\core_cm4.h **** 
 638:C:\Users\bahri\GitHub\VirtualKeypad\Eclipse_USBProject_WS\Project_USB_CrossCompile\system\include\cmsis\core_cm4.h **** #define SCB_CFSR_DACCVIOL_Pos              (SCB_CFSR_MEMFAULTSR_Pos + 1U)                 /*!< SCB 
 639:C:\Users\bahri\GitHub\VirtualKeypad\Eclipse_USBProject_WS\Project_USB_CrossCompile\system\include\cmsis\core_cm4.h **** #define SCB_CFSR_DACCVIOL_Msk              (1UL << SCB_CFSR_DACCVIOL_Pos)                 /*!< SCB 
 640:C:\Users\bahri\GitHub\VirtualKeypad\Eclipse_USBProject_WS\Project_USB_CrossCompile\system\include\cmsis\core_cm4.h **** 
 641:C:\Users\bahri\GitHub\VirtualKeypad\Eclipse_USBProject_WS\Project_USB_CrossCompile\system\include\cmsis\core_cm4.h **** #define SCB_CFSR_IACCVIOL_Pos              (SCB_CFSR_MEMFAULTSR_Pos + 0U)                 /*!< SCB 
 642:C:\Users\bahri\GitHub\VirtualKeypad\Eclipse_USBProject_WS\Project_USB_CrossCompile\system\include\cmsis\core_cm4.h **** #define SCB_CFSR_IACCVIOL_Msk              (1UL /*<< SCB_CFSR_IACCVIOL_Pos*/)             /*!< SCB 
 643:C:\Users\bahri\GitHub\VirtualKeypad\Eclipse_USBProject_WS\Project_USB_CrossCompile\system\include\cmsis\core_cm4.h **** 
 644:C:\Users\bahri\GitHub\VirtualKeypad\Eclipse_USBProject_WS\Project_USB_CrossCompile\system\include\cmsis\core_cm4.h **** /* BusFault Status Register (part of SCB Configurable Fault Status Register) */
 645:C:\Users\bahri\GitHub\VirtualKeypad\Eclipse_USBProject_WS\Project_USB_CrossCompile\system\include\cmsis\core_cm4.h **** #define SCB_CFSR_BFARVALID_Pos            (SCB_CFSR_BUSFAULTSR_Pos + 7U)                  /*!< SCB 
 646:C:\Users\bahri\GitHub\VirtualKeypad\Eclipse_USBProject_WS\Project_USB_CrossCompile\system\include\cmsis\core_cm4.h **** #define SCB_CFSR_BFARVALID_Msk            (1UL << SCB_CFSR_BFARVALID_Pos)                 /*!< SCB 
 647:C:\Users\bahri\GitHub\VirtualKeypad\Eclipse_USBProject_WS\Project_USB_CrossCompile\system\include\cmsis\core_cm4.h **** 
 648:C:\Users\bahri\GitHub\VirtualKeypad\Eclipse_USBProject_WS\Project_USB_CrossCompile\system\include\cmsis\core_cm4.h **** #define SCB_CFSR_LSPERR_Pos               (SCB_CFSR_BUSFAULTSR_Pos + 5U)                  /*!< SCB 
 649:C:\Users\bahri\GitHub\VirtualKeypad\Eclipse_USBProject_WS\Project_USB_CrossCompile\system\include\cmsis\core_cm4.h **** #define SCB_CFSR_LSPERR_Msk               (1UL << SCB_CFSR_LSPERR_Pos)                    /*!< SCB 
 650:C:\Users\bahri\GitHub\VirtualKeypad\Eclipse_USBProject_WS\Project_USB_CrossCompile\system\include\cmsis\core_cm4.h **** 
 651:C:\Users\bahri\GitHub\VirtualKeypad\Eclipse_USBProject_WS\Project_USB_CrossCompile\system\include\cmsis\core_cm4.h **** #define SCB_CFSR_STKERR_Pos               (SCB_CFSR_BUSFAULTSR_Pos + 4U)                  /*!< SCB 
 652:C:\Users\bahri\GitHub\VirtualKeypad\Eclipse_USBProject_WS\Project_USB_CrossCompile\system\include\cmsis\core_cm4.h **** #define SCB_CFSR_STKERR_Msk               (1UL << SCB_CFSR_STKERR_Pos)                    /*!< SCB 
 653:C:\Users\bahri\GitHub\VirtualKeypad\Eclipse_USBProject_WS\Project_USB_CrossCompile\system\include\cmsis\core_cm4.h **** 
 654:C:\Users\bahri\GitHub\VirtualKeypad\Eclipse_USBProject_WS\Project_USB_CrossCompile\system\include\cmsis\core_cm4.h **** #define SCB_CFSR_UNSTKERR_Pos             (SCB_CFSR_BUSFAULTSR_Pos + 3U)                  /*!< SCB 
 655:C:\Users\bahri\GitHub\VirtualKeypad\Eclipse_USBProject_WS\Project_USB_CrossCompile\system\include\cmsis\core_cm4.h **** #define SCB_CFSR_UNSTKERR_Msk             (1UL << SCB_CFSR_UNSTKERR_Pos)                  /*!< SCB 
 656:C:\Users\bahri\GitHub\VirtualKeypad\Eclipse_USBProject_WS\Project_USB_CrossCompile\system\include\cmsis\core_cm4.h **** 
 657:C:\Users\bahri\GitHub\VirtualKeypad\Eclipse_USBProject_WS\Project_USB_CrossCompile\system\include\cmsis\core_cm4.h **** #define SCB_CFSR_IMPRECISERR_Pos          (SCB_CFSR_BUSFAULTSR_Pos + 2U)                  /*!< SCB 
 658:C:\Users\bahri\GitHub\VirtualKeypad\Eclipse_USBProject_WS\Project_USB_CrossCompile\system\include\cmsis\core_cm4.h **** #define SCB_CFSR_IMPRECISERR_Msk          (1UL << SCB_CFSR_IMPRECISERR_Pos)               /*!< SCB 
 659:C:\Users\bahri\GitHub\VirtualKeypad\Eclipse_USBProject_WS\Project_USB_CrossCompile\system\include\cmsis\core_cm4.h **** 
 660:C:\Users\bahri\GitHub\VirtualKeypad\Eclipse_USBProject_WS\Project_USB_CrossCompile\system\include\cmsis\core_cm4.h **** #define SCB_CFSR_PRECISERR_Pos            (SCB_CFSR_BUSFAULTSR_Pos + 1U)                  /*!< SCB 
 661:C:\Users\bahri\GitHub\VirtualKeypad\Eclipse_USBProject_WS\Project_USB_CrossCompile\system\include\cmsis\core_cm4.h **** #define SCB_CFSR_PRECISERR_Msk            (1UL << SCB_CFSR_PRECISERR_Pos)                 /*!< SCB 
 662:C:\Users\bahri\GitHub\VirtualKeypad\Eclipse_USBProject_WS\Project_USB_CrossCompile\system\include\cmsis\core_cm4.h **** 
 663:C:\Users\bahri\GitHub\VirtualKeypad\Eclipse_USBProject_WS\Project_USB_CrossCompile\system\include\cmsis\core_cm4.h **** #define SCB_CFSR_IBUSERR_Pos              (SCB_CFSR_BUSFAULTSR_Pos + 0U)                  /*!< SCB 
 664:C:\Users\bahri\GitHub\VirtualKeypad\Eclipse_USBProject_WS\Project_USB_CrossCompile\system\include\cmsis\core_cm4.h **** #define SCB_CFSR_IBUSERR_Msk              (1UL << SCB_CFSR_IBUSERR_Pos)                   /*!< SCB 
 665:C:\Users\bahri\GitHub\VirtualKeypad\Eclipse_USBProject_WS\Project_USB_CrossCompile\system\include\cmsis\core_cm4.h **** 
 666:C:\Users\bahri\GitHub\VirtualKeypad\Eclipse_USBProject_WS\Project_USB_CrossCompile\system\include\cmsis\core_cm4.h **** /* UsageFault Status Register (part of SCB Configurable Fault Status Register) */
 667:C:\Users\bahri\GitHub\VirtualKeypad\Eclipse_USBProject_WS\Project_USB_CrossCompile\system\include\cmsis\core_cm4.h **** #define SCB_CFSR_DIVBYZERO_Pos            (SCB_CFSR_USGFAULTSR_Pos + 9U)                  /*!< SCB 
 668:C:\Users\bahri\GitHub\VirtualKeypad\Eclipse_USBProject_WS\Project_USB_CrossCompile\system\include\cmsis\core_cm4.h **** #define SCB_CFSR_DIVBYZERO_Msk            (1UL << SCB_CFSR_DIVBYZERO_Pos)                 /*!< SCB 
 669:C:\Users\bahri\GitHub\VirtualKeypad\Eclipse_USBProject_WS\Project_USB_CrossCompile\system\include\cmsis\core_cm4.h **** 
 670:C:\Users\bahri\GitHub\VirtualKeypad\Eclipse_USBProject_WS\Project_USB_CrossCompile\system\include\cmsis\core_cm4.h **** #define SCB_CFSR_UNALIGNED_Pos            (SCB_CFSR_USGFAULTSR_Pos + 8U)                  /*!< SCB 
 671:C:\Users\bahri\GitHub\VirtualKeypad\Eclipse_USBProject_WS\Project_USB_CrossCompile\system\include\cmsis\core_cm4.h **** #define SCB_CFSR_UNALIGNED_Msk            (1UL << SCB_CFSR_UNALIGNED_Pos)                 /*!< SCB 
 672:C:\Users\bahri\GitHub\VirtualKeypad\Eclipse_USBProject_WS\Project_USB_CrossCompile\system\include\cmsis\core_cm4.h **** 
 673:C:\Users\bahri\GitHub\VirtualKeypad\Eclipse_USBProject_WS\Project_USB_CrossCompile\system\include\cmsis\core_cm4.h **** #define SCB_CFSR_NOCP_Pos                 (SCB_CFSR_USGFAULTSR_Pos + 3U)                  /*!< SCB 
 674:C:\Users\bahri\GitHub\VirtualKeypad\Eclipse_USBProject_WS\Project_USB_CrossCompile\system\include\cmsis\core_cm4.h **** #define SCB_CFSR_NOCP_Msk                 (1UL << SCB_CFSR_NOCP_Pos)                      /*!< SCB 
 675:C:\Users\bahri\GitHub\VirtualKeypad\Eclipse_USBProject_WS\Project_USB_CrossCompile\system\include\cmsis\core_cm4.h **** 
 676:C:\Users\bahri\GitHub\VirtualKeypad\Eclipse_USBProject_WS\Project_USB_CrossCompile\system\include\cmsis\core_cm4.h **** #define SCB_CFSR_INVPC_Pos                (SCB_CFSR_USGFAULTSR_Pos + 2U)                  /*!< SCB 
 677:C:\Users\bahri\GitHub\VirtualKeypad\Eclipse_USBProject_WS\Project_USB_CrossCompile\system\include\cmsis\core_cm4.h **** #define SCB_CFSR_INVPC_Msk                (1UL << SCB_CFSR_INVPC_Pos)                     /*!< SCB 
 678:C:\Users\bahri\GitHub\VirtualKeypad\Eclipse_USBProject_WS\Project_USB_CrossCompile\system\include\cmsis\core_cm4.h **** 
 679:C:\Users\bahri\GitHub\VirtualKeypad\Eclipse_USBProject_WS\Project_USB_CrossCompile\system\include\cmsis\core_cm4.h **** #define SCB_CFSR_INVSTATE_Pos             (SCB_CFSR_USGFAULTSR_Pos + 1U)                  /*!< SCB 
 680:C:\Users\bahri\GitHub\VirtualKeypad\Eclipse_USBProject_WS\Project_USB_CrossCompile\system\include\cmsis\core_cm4.h **** #define SCB_CFSR_INVSTATE_Msk             (1UL << SCB_CFSR_INVSTATE_Pos)                  /*!< SCB 
 681:C:\Users\bahri\GitHub\VirtualKeypad\Eclipse_USBProject_WS\Project_USB_CrossCompile\system\include\cmsis\core_cm4.h **** 
 682:C:\Users\bahri\GitHub\VirtualKeypad\Eclipse_USBProject_WS\Project_USB_CrossCompile\system\include\cmsis\core_cm4.h **** #define SCB_CFSR_UNDEFINSTR_Pos           (SCB_CFSR_USGFAULTSR_Pos + 0U)                  /*!< SCB 
 683:C:\Users\bahri\GitHub\VirtualKeypad\Eclipse_USBProject_WS\Project_USB_CrossCompile\system\include\cmsis\core_cm4.h **** #define SCB_CFSR_UNDEFINSTR_Msk           (1UL << SCB_CFSR_UNDEFINSTR_Pos)                /*!< SCB 
 684:C:\Users\bahri\GitHub\VirtualKeypad\Eclipse_USBProject_WS\Project_USB_CrossCompile\system\include\cmsis\core_cm4.h **** 
 685:C:\Users\bahri\GitHub\VirtualKeypad\Eclipse_USBProject_WS\Project_USB_CrossCompile\system\include\cmsis\core_cm4.h **** /* SCB Hard Fault Status Register Definitions */
 686:C:\Users\bahri\GitHub\VirtualKeypad\Eclipse_USBProject_WS\Project_USB_CrossCompile\system\include\cmsis\core_cm4.h **** #define SCB_HFSR_DEBUGEVT_Pos              31U                                            /*!< SCB 
 687:C:\Users\bahri\GitHub\VirtualKeypad\Eclipse_USBProject_WS\Project_USB_CrossCompile\system\include\cmsis\core_cm4.h **** #define SCB_HFSR_DEBUGEVT_Msk              (1UL << SCB_HFSR_DEBUGEVT_Pos)                 /*!< SCB 
 688:C:\Users\bahri\GitHub\VirtualKeypad\Eclipse_USBProject_WS\Project_USB_CrossCompile\system\include\cmsis\core_cm4.h **** 
 689:C:\Users\bahri\GitHub\VirtualKeypad\Eclipse_USBProject_WS\Project_USB_CrossCompile\system\include\cmsis\core_cm4.h **** #define SCB_HFSR_FORCED_Pos                30U                                            /*!< SCB 
 690:C:\Users\bahri\GitHub\VirtualKeypad\Eclipse_USBProject_WS\Project_USB_CrossCompile\system\include\cmsis\core_cm4.h **** #define SCB_HFSR_FORCED_Msk                (1UL << SCB_HFSR_FORCED_Pos)                   /*!< SCB 
 691:C:\Users\bahri\GitHub\VirtualKeypad\Eclipse_USBProject_WS\Project_USB_CrossCompile\system\include\cmsis\core_cm4.h **** 
 692:C:\Users\bahri\GitHub\VirtualKeypad\Eclipse_USBProject_WS\Project_USB_CrossCompile\system\include\cmsis\core_cm4.h **** #define SCB_HFSR_VECTTBL_Pos                1U                                            /*!< SCB 
 693:C:\Users\bahri\GitHub\VirtualKeypad\Eclipse_USBProject_WS\Project_USB_CrossCompile\system\include\cmsis\core_cm4.h **** #define SCB_HFSR_VECTTBL_Msk               (1UL << SCB_HFSR_VECTTBL_Pos)                  /*!< SCB 
 694:C:\Users\bahri\GitHub\VirtualKeypad\Eclipse_USBProject_WS\Project_USB_CrossCompile\system\include\cmsis\core_cm4.h **** 
 695:C:\Users\bahri\GitHub\VirtualKeypad\Eclipse_USBProject_WS\Project_USB_CrossCompile\system\include\cmsis\core_cm4.h **** /* SCB Debug Fault Status Register Definitions */
 696:C:\Users\bahri\GitHub\VirtualKeypad\Eclipse_USBProject_WS\Project_USB_CrossCompile\system\include\cmsis\core_cm4.h **** #define SCB_DFSR_EXTERNAL_Pos               4U                                            /*!< SCB 
 697:C:\Users\bahri\GitHub\VirtualKeypad\Eclipse_USBProject_WS\Project_USB_CrossCompile\system\include\cmsis\core_cm4.h **** #define SCB_DFSR_EXTERNAL_Msk              (1UL << SCB_DFSR_EXTERNAL_Pos)                 /*!< SCB 
 698:C:\Users\bahri\GitHub\VirtualKeypad\Eclipse_USBProject_WS\Project_USB_CrossCompile\system\include\cmsis\core_cm4.h **** 
 699:C:\Users\bahri\GitHub\VirtualKeypad\Eclipse_USBProject_WS\Project_USB_CrossCompile\system\include\cmsis\core_cm4.h **** #define SCB_DFSR_VCATCH_Pos                 3U                                            /*!< SCB 
 700:C:\Users\bahri\GitHub\VirtualKeypad\Eclipse_USBProject_WS\Project_USB_CrossCompile\system\include\cmsis\core_cm4.h **** #define SCB_DFSR_VCATCH_Msk                (1UL << SCB_DFSR_VCATCH_Pos)                   /*!< SCB 
 701:C:\Users\bahri\GitHub\VirtualKeypad\Eclipse_USBProject_WS\Project_USB_CrossCompile\system\include\cmsis\core_cm4.h **** 
 702:C:\Users\bahri\GitHub\VirtualKeypad\Eclipse_USBProject_WS\Project_USB_CrossCompile\system\include\cmsis\core_cm4.h **** #define SCB_DFSR_DWTTRAP_Pos                2U                                            /*!< SCB 
 703:C:\Users\bahri\GitHub\VirtualKeypad\Eclipse_USBProject_WS\Project_USB_CrossCompile\system\include\cmsis\core_cm4.h **** #define SCB_DFSR_DWTTRAP_Msk               (1UL << SCB_DFSR_DWTTRAP_Pos)                  /*!< SCB 
 704:C:\Users\bahri\GitHub\VirtualKeypad\Eclipse_USBProject_WS\Project_USB_CrossCompile\system\include\cmsis\core_cm4.h **** 
 705:C:\Users\bahri\GitHub\VirtualKeypad\Eclipse_USBProject_WS\Project_USB_CrossCompile\system\include\cmsis\core_cm4.h **** #define SCB_DFSR_BKPT_Pos                   1U                                            /*!< SCB 
 706:C:\Users\bahri\GitHub\VirtualKeypad\Eclipse_USBProject_WS\Project_USB_CrossCompile\system\include\cmsis\core_cm4.h **** #define SCB_DFSR_BKPT_Msk                  (1UL << SCB_DFSR_BKPT_Pos)                     /*!< SCB 
 707:C:\Users\bahri\GitHub\VirtualKeypad\Eclipse_USBProject_WS\Project_USB_CrossCompile\system\include\cmsis\core_cm4.h **** 
 708:C:\Users\bahri\GitHub\VirtualKeypad\Eclipse_USBProject_WS\Project_USB_CrossCompile\system\include\cmsis\core_cm4.h **** #define SCB_DFSR_HALTED_Pos                 0U                                            /*!< SCB 
 709:C:\Users\bahri\GitHub\VirtualKeypad\Eclipse_USBProject_WS\Project_USB_CrossCompile\system\include\cmsis\core_cm4.h **** #define SCB_DFSR_HALTED_Msk                (1UL /*<< SCB_DFSR_HALTED_Pos*/)               /*!< SCB 
 710:C:\Users\bahri\GitHub\VirtualKeypad\Eclipse_USBProject_WS\Project_USB_CrossCompile\system\include\cmsis\core_cm4.h **** 
 711:C:\Users\bahri\GitHub\VirtualKeypad\Eclipse_USBProject_WS\Project_USB_CrossCompile\system\include\cmsis\core_cm4.h **** /*@} end of group CMSIS_SCB */
 712:C:\Users\bahri\GitHub\VirtualKeypad\Eclipse_USBProject_WS\Project_USB_CrossCompile\system\include\cmsis\core_cm4.h **** 
 713:C:\Users\bahri\GitHub\VirtualKeypad\Eclipse_USBProject_WS\Project_USB_CrossCompile\system\include\cmsis\core_cm4.h **** 
 714:C:\Users\bahri\GitHub\VirtualKeypad\Eclipse_USBProject_WS\Project_USB_CrossCompile\system\include\cmsis\core_cm4.h **** /**
 715:C:\Users\bahri\GitHub\VirtualKeypad\Eclipse_USBProject_WS\Project_USB_CrossCompile\system\include\cmsis\core_cm4.h ****   \ingroup  CMSIS_core_register
 716:C:\Users\bahri\GitHub\VirtualKeypad\Eclipse_USBProject_WS\Project_USB_CrossCompile\system\include\cmsis\core_cm4.h ****   \defgroup CMSIS_SCnSCB System Controls not in SCB (SCnSCB)
 717:C:\Users\bahri\GitHub\VirtualKeypad\Eclipse_USBProject_WS\Project_USB_CrossCompile\system\include\cmsis\core_cm4.h ****   \brief    Type definitions for the System Control and ID Register not in the SCB
 718:C:\Users\bahri\GitHub\VirtualKeypad\Eclipse_USBProject_WS\Project_USB_CrossCompile\system\include\cmsis\core_cm4.h ****   @{
 719:C:\Users\bahri\GitHub\VirtualKeypad\Eclipse_USBProject_WS\Project_USB_CrossCompile\system\include\cmsis\core_cm4.h ****  */
 720:C:\Users\bahri\GitHub\VirtualKeypad\Eclipse_USBProject_WS\Project_USB_CrossCompile\system\include\cmsis\core_cm4.h **** 
 721:C:\Users\bahri\GitHub\VirtualKeypad\Eclipse_USBProject_WS\Project_USB_CrossCompile\system\include\cmsis\core_cm4.h **** /**
 722:C:\Users\bahri\GitHub\VirtualKeypad\Eclipse_USBProject_WS\Project_USB_CrossCompile\system\include\cmsis\core_cm4.h ****   \brief  Structure type to access the System Control and ID Register not in the SCB.
 723:C:\Users\bahri\GitHub\VirtualKeypad\Eclipse_USBProject_WS\Project_USB_CrossCompile\system\include\cmsis\core_cm4.h ****  */
 724:C:\Users\bahri\GitHub\VirtualKeypad\Eclipse_USBProject_WS\Project_USB_CrossCompile\system\include\cmsis\core_cm4.h **** typedef struct
 725:C:\Users\bahri\GitHub\VirtualKeypad\Eclipse_USBProject_WS\Project_USB_CrossCompile\system\include\cmsis\core_cm4.h **** {
 726:C:\Users\bahri\GitHub\VirtualKeypad\Eclipse_USBProject_WS\Project_USB_CrossCompile\system\include\cmsis\core_cm4.h ****         uint32_t RESERVED0[1U];
 727:C:\Users\bahri\GitHub\VirtualKeypad\Eclipse_USBProject_WS\Project_USB_CrossCompile\system\include\cmsis\core_cm4.h ****   __IM  uint32_t ICTR;                   /*!< Offset: 0x004 (R/ )  Interrupt Controller Type Regist
 728:C:\Users\bahri\GitHub\VirtualKeypad\Eclipse_USBProject_WS\Project_USB_CrossCompile\system\include\cmsis\core_cm4.h ****   __IOM uint32_t ACTLR;                  /*!< Offset: 0x008 (R/W)  Auxiliary Control Register */
 729:C:\Users\bahri\GitHub\VirtualKeypad\Eclipse_USBProject_WS\Project_USB_CrossCompile\system\include\cmsis\core_cm4.h **** } SCnSCB_Type;
 730:C:\Users\bahri\GitHub\VirtualKeypad\Eclipse_USBProject_WS\Project_USB_CrossCompile\system\include\cmsis\core_cm4.h **** 
 731:C:\Users\bahri\GitHub\VirtualKeypad\Eclipse_USBProject_WS\Project_USB_CrossCompile\system\include\cmsis\core_cm4.h **** /* Interrupt Controller Type Register Definitions */
 732:C:\Users\bahri\GitHub\VirtualKeypad\Eclipse_USBProject_WS\Project_USB_CrossCompile\system\include\cmsis\core_cm4.h **** #define SCnSCB_ICTR_INTLINESNUM_Pos         0U                                         /*!< ICTR: I
 733:C:\Users\bahri\GitHub\VirtualKeypad\Eclipse_USBProject_WS\Project_USB_CrossCompile\system\include\cmsis\core_cm4.h **** #define SCnSCB_ICTR_INTLINESNUM_Msk        (0xFUL /*<< SCnSCB_ICTR_INTLINESNUM_Pos*/)  /*!< ICTR: I
 734:C:\Users\bahri\GitHub\VirtualKeypad\Eclipse_USBProject_WS\Project_USB_CrossCompile\system\include\cmsis\core_cm4.h **** 
 735:C:\Users\bahri\GitHub\VirtualKeypad\Eclipse_USBProject_WS\Project_USB_CrossCompile\system\include\cmsis\core_cm4.h **** /* Auxiliary Control Register Definitions */
 736:C:\Users\bahri\GitHub\VirtualKeypad\Eclipse_USBProject_WS\Project_USB_CrossCompile\system\include\cmsis\core_cm4.h **** #define SCnSCB_ACTLR_DISOOFP_Pos            9U                                         /*!< ACTLR: 
 737:C:\Users\bahri\GitHub\VirtualKeypad\Eclipse_USBProject_WS\Project_USB_CrossCompile\system\include\cmsis\core_cm4.h **** #define SCnSCB_ACTLR_DISOOFP_Msk           (1UL << SCnSCB_ACTLR_DISOOFP_Pos)           /*!< ACTLR: 
 738:C:\Users\bahri\GitHub\VirtualKeypad\Eclipse_USBProject_WS\Project_USB_CrossCompile\system\include\cmsis\core_cm4.h **** 
 739:C:\Users\bahri\GitHub\VirtualKeypad\Eclipse_USBProject_WS\Project_USB_CrossCompile\system\include\cmsis\core_cm4.h **** #define SCnSCB_ACTLR_DISFPCA_Pos            8U                                         /*!< ACTLR: 
 740:C:\Users\bahri\GitHub\VirtualKeypad\Eclipse_USBProject_WS\Project_USB_CrossCompile\system\include\cmsis\core_cm4.h **** #define SCnSCB_ACTLR_DISFPCA_Msk           (1UL << SCnSCB_ACTLR_DISFPCA_Pos)           /*!< ACTLR: 
 741:C:\Users\bahri\GitHub\VirtualKeypad\Eclipse_USBProject_WS\Project_USB_CrossCompile\system\include\cmsis\core_cm4.h **** 
 742:C:\Users\bahri\GitHub\VirtualKeypad\Eclipse_USBProject_WS\Project_USB_CrossCompile\system\include\cmsis\core_cm4.h **** #define SCnSCB_ACTLR_DISFOLD_Pos            2U                                         /*!< ACTLR: 
 743:C:\Users\bahri\GitHub\VirtualKeypad\Eclipse_USBProject_WS\Project_USB_CrossCompile\system\include\cmsis\core_cm4.h **** #define SCnSCB_ACTLR_DISFOLD_Msk           (1UL << SCnSCB_ACTLR_DISFOLD_Pos)           /*!< ACTLR: 
 744:C:\Users\bahri\GitHub\VirtualKeypad\Eclipse_USBProject_WS\Project_USB_CrossCompile\system\include\cmsis\core_cm4.h **** 
 745:C:\Users\bahri\GitHub\VirtualKeypad\Eclipse_USBProject_WS\Project_USB_CrossCompile\system\include\cmsis\core_cm4.h **** #define SCnSCB_ACTLR_DISDEFWBUF_Pos         1U                                         /*!< ACTLR: 
 746:C:\Users\bahri\GitHub\VirtualKeypad\Eclipse_USBProject_WS\Project_USB_CrossCompile\system\include\cmsis\core_cm4.h **** #define SCnSCB_ACTLR_DISDEFWBUF_Msk        (1UL << SCnSCB_ACTLR_DISDEFWBUF_Pos)        /*!< ACTLR: 
 747:C:\Users\bahri\GitHub\VirtualKeypad\Eclipse_USBProject_WS\Project_USB_CrossCompile\system\include\cmsis\core_cm4.h **** 
 748:C:\Users\bahri\GitHub\VirtualKeypad\Eclipse_USBProject_WS\Project_USB_CrossCompile\system\include\cmsis\core_cm4.h **** #define SCnSCB_ACTLR_DISMCYCINT_Pos         0U                                         /*!< ACTLR: 
 749:C:\Users\bahri\GitHub\VirtualKeypad\Eclipse_USBProject_WS\Project_USB_CrossCompile\system\include\cmsis\core_cm4.h **** #define SCnSCB_ACTLR_DISMCYCINT_Msk        (1UL /*<< SCnSCB_ACTLR_DISMCYCINT_Pos*/)    /*!< ACTLR: 
 750:C:\Users\bahri\GitHub\VirtualKeypad\Eclipse_USBProject_WS\Project_USB_CrossCompile\system\include\cmsis\core_cm4.h **** 
 751:C:\Users\bahri\GitHub\VirtualKeypad\Eclipse_USBProject_WS\Project_USB_CrossCompile\system\include\cmsis\core_cm4.h **** /*@} end of group CMSIS_SCnotSCB */
 752:C:\Users\bahri\GitHub\VirtualKeypad\Eclipse_USBProject_WS\Project_USB_CrossCompile\system\include\cmsis\core_cm4.h **** 
 753:C:\Users\bahri\GitHub\VirtualKeypad\Eclipse_USBProject_WS\Project_USB_CrossCompile\system\include\cmsis\core_cm4.h **** 
 754:C:\Users\bahri\GitHub\VirtualKeypad\Eclipse_USBProject_WS\Project_USB_CrossCompile\system\include\cmsis\core_cm4.h **** /**
 755:C:\Users\bahri\GitHub\VirtualKeypad\Eclipse_USBProject_WS\Project_USB_CrossCompile\system\include\cmsis\core_cm4.h ****   \ingroup  CMSIS_core_register
 756:C:\Users\bahri\GitHub\VirtualKeypad\Eclipse_USBProject_WS\Project_USB_CrossCompile\system\include\cmsis\core_cm4.h ****   \defgroup CMSIS_SysTick     System Tick Timer (SysTick)
 757:C:\Users\bahri\GitHub\VirtualKeypad\Eclipse_USBProject_WS\Project_USB_CrossCompile\system\include\cmsis\core_cm4.h ****   \brief    Type definitions for the System Timer Registers.
 758:C:\Users\bahri\GitHub\VirtualKeypad\Eclipse_USBProject_WS\Project_USB_CrossCompile\system\include\cmsis\core_cm4.h ****   @{
 759:C:\Users\bahri\GitHub\VirtualKeypad\Eclipse_USBProject_WS\Project_USB_CrossCompile\system\include\cmsis\core_cm4.h ****  */
 760:C:\Users\bahri\GitHub\VirtualKeypad\Eclipse_USBProject_WS\Project_USB_CrossCompile\system\include\cmsis\core_cm4.h **** 
 761:C:\Users\bahri\GitHub\VirtualKeypad\Eclipse_USBProject_WS\Project_USB_CrossCompile\system\include\cmsis\core_cm4.h **** /**
 762:C:\Users\bahri\GitHub\VirtualKeypad\Eclipse_USBProject_WS\Project_USB_CrossCompile\system\include\cmsis\core_cm4.h ****   \brief  Structure type to access the System Timer (SysTick).
 763:C:\Users\bahri\GitHub\VirtualKeypad\Eclipse_USBProject_WS\Project_USB_CrossCompile\system\include\cmsis\core_cm4.h ****  */
 764:C:\Users\bahri\GitHub\VirtualKeypad\Eclipse_USBProject_WS\Project_USB_CrossCompile\system\include\cmsis\core_cm4.h **** typedef struct
 765:C:\Users\bahri\GitHub\VirtualKeypad\Eclipse_USBProject_WS\Project_USB_CrossCompile\system\include\cmsis\core_cm4.h **** {
 766:C:\Users\bahri\GitHub\VirtualKeypad\Eclipse_USBProject_WS\Project_USB_CrossCompile\system\include\cmsis\core_cm4.h ****   __IOM uint32_t CTRL;                   /*!< Offset: 0x000 (R/W)  SysTick Control and Status Regis
 767:C:\Users\bahri\GitHub\VirtualKeypad\Eclipse_USBProject_WS\Project_USB_CrossCompile\system\include\cmsis\core_cm4.h ****   __IOM uint32_t LOAD;                   /*!< Offset: 0x004 (R/W)  SysTick Reload Value Register */
 768:C:\Users\bahri\GitHub\VirtualKeypad\Eclipse_USBProject_WS\Project_USB_CrossCompile\system\include\cmsis\core_cm4.h ****   __IOM uint32_t VAL;                    /*!< Offset: 0x008 (R/W)  SysTick Current Value Register *
 769:C:\Users\bahri\GitHub\VirtualKeypad\Eclipse_USBProject_WS\Project_USB_CrossCompile\system\include\cmsis\core_cm4.h ****   __IM  uint32_t CALIB;                  /*!< Offset: 0x00C (R/ )  SysTick Calibration Register */
 770:C:\Users\bahri\GitHub\VirtualKeypad\Eclipse_USBProject_WS\Project_USB_CrossCompile\system\include\cmsis\core_cm4.h **** } SysTick_Type;
 771:C:\Users\bahri\GitHub\VirtualKeypad\Eclipse_USBProject_WS\Project_USB_CrossCompile\system\include\cmsis\core_cm4.h **** 
 772:C:\Users\bahri\GitHub\VirtualKeypad\Eclipse_USBProject_WS\Project_USB_CrossCompile\system\include\cmsis\core_cm4.h **** /* SysTick Control / Status Register Definitions */
 773:C:\Users\bahri\GitHub\VirtualKeypad\Eclipse_USBProject_WS\Project_USB_CrossCompile\system\include\cmsis\core_cm4.h **** #define SysTick_CTRL_COUNTFLAG_Pos         16U                                            /*!< SysT
 774:C:\Users\bahri\GitHub\VirtualKeypad\Eclipse_USBProject_WS\Project_USB_CrossCompile\system\include\cmsis\core_cm4.h **** #define SysTick_CTRL_COUNTFLAG_Msk         (1UL << SysTick_CTRL_COUNTFLAG_Pos)            /*!< SysT
 775:C:\Users\bahri\GitHub\VirtualKeypad\Eclipse_USBProject_WS\Project_USB_CrossCompile\system\include\cmsis\core_cm4.h **** 
 776:C:\Users\bahri\GitHub\VirtualKeypad\Eclipse_USBProject_WS\Project_USB_CrossCompile\system\include\cmsis\core_cm4.h **** #define SysTick_CTRL_CLKSOURCE_Pos          2U                                            /*!< SysT
 777:C:\Users\bahri\GitHub\VirtualKeypad\Eclipse_USBProject_WS\Project_USB_CrossCompile\system\include\cmsis\core_cm4.h **** #define SysTick_CTRL_CLKSOURCE_Msk         (1UL << SysTick_CTRL_CLKSOURCE_Pos)            /*!< SysT
 778:C:\Users\bahri\GitHub\VirtualKeypad\Eclipse_USBProject_WS\Project_USB_CrossCompile\system\include\cmsis\core_cm4.h **** 
 779:C:\Users\bahri\GitHub\VirtualKeypad\Eclipse_USBProject_WS\Project_USB_CrossCompile\system\include\cmsis\core_cm4.h **** #define SysTick_CTRL_TICKINT_Pos            1U                                            /*!< SysT
 780:C:\Users\bahri\GitHub\VirtualKeypad\Eclipse_USBProject_WS\Project_USB_CrossCompile\system\include\cmsis\core_cm4.h **** #define SysTick_CTRL_TICKINT_Msk           (1UL << SysTick_CTRL_TICKINT_Pos)              /*!< SysT
 781:C:\Users\bahri\GitHub\VirtualKeypad\Eclipse_USBProject_WS\Project_USB_CrossCompile\system\include\cmsis\core_cm4.h **** 
 782:C:\Users\bahri\GitHub\VirtualKeypad\Eclipse_USBProject_WS\Project_USB_CrossCompile\system\include\cmsis\core_cm4.h **** #define SysTick_CTRL_ENABLE_Pos             0U                                            /*!< SysT
 783:C:\Users\bahri\GitHub\VirtualKeypad\Eclipse_USBProject_WS\Project_USB_CrossCompile\system\include\cmsis\core_cm4.h **** #define SysTick_CTRL_ENABLE_Msk            (1UL /*<< SysTick_CTRL_ENABLE_Pos*/)           /*!< SysT
 784:C:\Users\bahri\GitHub\VirtualKeypad\Eclipse_USBProject_WS\Project_USB_CrossCompile\system\include\cmsis\core_cm4.h **** 
 785:C:\Users\bahri\GitHub\VirtualKeypad\Eclipse_USBProject_WS\Project_USB_CrossCompile\system\include\cmsis\core_cm4.h **** /* SysTick Reload Register Definitions */
 786:C:\Users\bahri\GitHub\VirtualKeypad\Eclipse_USBProject_WS\Project_USB_CrossCompile\system\include\cmsis\core_cm4.h **** #define SysTick_LOAD_RELOAD_Pos             0U                                            /*!< SysT
 787:C:\Users\bahri\GitHub\VirtualKeypad\Eclipse_USBProject_WS\Project_USB_CrossCompile\system\include\cmsis\core_cm4.h **** #define SysTick_LOAD_RELOAD_Msk            (0xFFFFFFUL /*<< SysTick_LOAD_RELOAD_Pos*/)    /*!< SysT
 788:C:\Users\bahri\GitHub\VirtualKeypad\Eclipse_USBProject_WS\Project_USB_CrossCompile\system\include\cmsis\core_cm4.h **** 
 789:C:\Users\bahri\GitHub\VirtualKeypad\Eclipse_USBProject_WS\Project_USB_CrossCompile\system\include\cmsis\core_cm4.h **** /* SysTick Current Register Definitions */
 790:C:\Users\bahri\GitHub\VirtualKeypad\Eclipse_USBProject_WS\Project_USB_CrossCompile\system\include\cmsis\core_cm4.h **** #define SysTick_VAL_CURRENT_Pos             0U                                            /*!< SysT
 791:C:\Users\bahri\GitHub\VirtualKeypad\Eclipse_USBProject_WS\Project_USB_CrossCompile\system\include\cmsis\core_cm4.h **** #define SysTick_VAL_CURRENT_Msk            (0xFFFFFFUL /*<< SysTick_VAL_CURRENT_Pos*/)    /*!< SysT
 792:C:\Users\bahri\GitHub\VirtualKeypad\Eclipse_USBProject_WS\Project_USB_CrossCompile\system\include\cmsis\core_cm4.h **** 
 793:C:\Users\bahri\GitHub\VirtualKeypad\Eclipse_USBProject_WS\Project_USB_CrossCompile\system\include\cmsis\core_cm4.h **** /* SysTick Calibration Register Definitions */
 794:C:\Users\bahri\GitHub\VirtualKeypad\Eclipse_USBProject_WS\Project_USB_CrossCompile\system\include\cmsis\core_cm4.h **** #define SysTick_CALIB_NOREF_Pos            31U                                            /*!< SysT
 795:C:\Users\bahri\GitHub\VirtualKeypad\Eclipse_USBProject_WS\Project_USB_CrossCompile\system\include\cmsis\core_cm4.h **** #define SysTick_CALIB_NOREF_Msk            (1UL << SysTick_CALIB_NOREF_Pos)               /*!< SysT
 796:C:\Users\bahri\GitHub\VirtualKeypad\Eclipse_USBProject_WS\Project_USB_CrossCompile\system\include\cmsis\core_cm4.h **** 
 797:C:\Users\bahri\GitHub\VirtualKeypad\Eclipse_USBProject_WS\Project_USB_CrossCompile\system\include\cmsis\core_cm4.h **** #define SysTick_CALIB_SKEW_Pos             30U                                            /*!< SysT
 798:C:\Users\bahri\GitHub\VirtualKeypad\Eclipse_USBProject_WS\Project_USB_CrossCompile\system\include\cmsis\core_cm4.h **** #define SysTick_CALIB_SKEW_Msk             (1UL << SysTick_CALIB_SKEW_Pos)                /*!< SysT
 799:C:\Users\bahri\GitHub\VirtualKeypad\Eclipse_USBProject_WS\Project_USB_CrossCompile\system\include\cmsis\core_cm4.h **** 
 800:C:\Users\bahri\GitHub\VirtualKeypad\Eclipse_USBProject_WS\Project_USB_CrossCompile\system\include\cmsis\core_cm4.h **** #define SysTick_CALIB_TENMS_Pos             0U                                            /*!< SysT
 801:C:\Users\bahri\GitHub\VirtualKeypad\Eclipse_USBProject_WS\Project_USB_CrossCompile\system\include\cmsis\core_cm4.h **** #define SysTick_CALIB_TENMS_Msk            (0xFFFFFFUL /*<< SysTick_CALIB_TENMS_Pos*/)    /*!< SysT
 802:C:\Users\bahri\GitHub\VirtualKeypad\Eclipse_USBProject_WS\Project_USB_CrossCompile\system\include\cmsis\core_cm4.h **** 
 803:C:\Users\bahri\GitHub\VirtualKeypad\Eclipse_USBProject_WS\Project_USB_CrossCompile\system\include\cmsis\core_cm4.h **** /*@} end of group CMSIS_SysTick */
 804:C:\Users\bahri\GitHub\VirtualKeypad\Eclipse_USBProject_WS\Project_USB_CrossCompile\system\include\cmsis\core_cm4.h **** 
 805:C:\Users\bahri\GitHub\VirtualKeypad\Eclipse_USBProject_WS\Project_USB_CrossCompile\system\include\cmsis\core_cm4.h **** 
 806:C:\Users\bahri\GitHub\VirtualKeypad\Eclipse_USBProject_WS\Project_USB_CrossCompile\system\include\cmsis\core_cm4.h **** /**
 807:C:\Users\bahri\GitHub\VirtualKeypad\Eclipse_USBProject_WS\Project_USB_CrossCompile\system\include\cmsis\core_cm4.h ****   \ingroup  CMSIS_core_register
 808:C:\Users\bahri\GitHub\VirtualKeypad\Eclipse_USBProject_WS\Project_USB_CrossCompile\system\include\cmsis\core_cm4.h ****   \defgroup CMSIS_ITM     Instrumentation Trace Macrocell (ITM)
 809:C:\Users\bahri\GitHub\VirtualKeypad\Eclipse_USBProject_WS\Project_USB_CrossCompile\system\include\cmsis\core_cm4.h ****   \brief    Type definitions for the Instrumentation Trace Macrocell (ITM)
 810:C:\Users\bahri\GitHub\VirtualKeypad\Eclipse_USBProject_WS\Project_USB_CrossCompile\system\include\cmsis\core_cm4.h ****   @{
 811:C:\Users\bahri\GitHub\VirtualKeypad\Eclipse_USBProject_WS\Project_USB_CrossCompile\system\include\cmsis\core_cm4.h ****  */
 812:C:\Users\bahri\GitHub\VirtualKeypad\Eclipse_USBProject_WS\Project_USB_CrossCompile\system\include\cmsis\core_cm4.h **** 
 813:C:\Users\bahri\GitHub\VirtualKeypad\Eclipse_USBProject_WS\Project_USB_CrossCompile\system\include\cmsis\core_cm4.h **** /**
 814:C:\Users\bahri\GitHub\VirtualKeypad\Eclipse_USBProject_WS\Project_USB_CrossCompile\system\include\cmsis\core_cm4.h ****   \brief  Structure type to access the Instrumentation Trace Macrocell Register (ITM).
 815:C:\Users\bahri\GitHub\VirtualKeypad\Eclipse_USBProject_WS\Project_USB_CrossCompile\system\include\cmsis\core_cm4.h ****  */
 816:C:\Users\bahri\GitHub\VirtualKeypad\Eclipse_USBProject_WS\Project_USB_CrossCompile\system\include\cmsis\core_cm4.h **** typedef struct
 817:C:\Users\bahri\GitHub\VirtualKeypad\Eclipse_USBProject_WS\Project_USB_CrossCompile\system\include\cmsis\core_cm4.h **** {
 818:C:\Users\bahri\GitHub\VirtualKeypad\Eclipse_USBProject_WS\Project_USB_CrossCompile\system\include\cmsis\core_cm4.h ****   __OM  union
 819:C:\Users\bahri\GitHub\VirtualKeypad\Eclipse_USBProject_WS\Project_USB_CrossCompile\system\include\cmsis\core_cm4.h ****   {
 820:C:\Users\bahri\GitHub\VirtualKeypad\Eclipse_USBProject_WS\Project_USB_CrossCompile\system\include\cmsis\core_cm4.h ****     __OM  uint8_t    u8;                 /*!< Offset: 0x000 ( /W)  ITM Stimulus Port 8-bit */
 821:C:\Users\bahri\GitHub\VirtualKeypad\Eclipse_USBProject_WS\Project_USB_CrossCompile\system\include\cmsis\core_cm4.h ****     __OM  uint16_t   u16;                /*!< Offset: 0x000 ( /W)  ITM Stimulus Port 16-bit */
 822:C:\Users\bahri\GitHub\VirtualKeypad\Eclipse_USBProject_WS\Project_USB_CrossCompile\system\include\cmsis\core_cm4.h ****     __OM  uint32_t   u32;                /*!< Offset: 0x000 ( /W)  ITM Stimulus Port 32-bit */
 823:C:\Users\bahri\GitHub\VirtualKeypad\Eclipse_USBProject_WS\Project_USB_CrossCompile\system\include\cmsis\core_cm4.h ****   }  PORT [32U];                         /*!< Offset: 0x000 ( /W)  ITM Stimulus Port Registers */
 824:C:\Users\bahri\GitHub\VirtualKeypad\Eclipse_USBProject_WS\Project_USB_CrossCompile\system\include\cmsis\core_cm4.h ****         uint32_t RESERVED0[864U];
 825:C:\Users\bahri\GitHub\VirtualKeypad\Eclipse_USBProject_WS\Project_USB_CrossCompile\system\include\cmsis\core_cm4.h ****   __IOM uint32_t TER;                    /*!< Offset: 0xE00 (R/W)  ITM Trace Enable Register */
 826:C:\Users\bahri\GitHub\VirtualKeypad\Eclipse_USBProject_WS\Project_USB_CrossCompile\system\include\cmsis\core_cm4.h ****         uint32_t RESERVED1[15U];
 827:C:\Users\bahri\GitHub\VirtualKeypad\Eclipse_USBProject_WS\Project_USB_CrossCompile\system\include\cmsis\core_cm4.h ****   __IOM uint32_t TPR;                    /*!< Offset: 0xE40 (R/W)  ITM Trace Privilege Register */
 828:C:\Users\bahri\GitHub\VirtualKeypad\Eclipse_USBProject_WS\Project_USB_CrossCompile\system\include\cmsis\core_cm4.h ****         uint32_t RESERVED2[15U];
 829:C:\Users\bahri\GitHub\VirtualKeypad\Eclipse_USBProject_WS\Project_USB_CrossCompile\system\include\cmsis\core_cm4.h ****   __IOM uint32_t TCR;                    /*!< Offset: 0xE80 (R/W)  ITM Trace Control Register */
 830:C:\Users\bahri\GitHub\VirtualKeypad\Eclipse_USBProject_WS\Project_USB_CrossCompile\system\include\cmsis\core_cm4.h ****         uint32_t RESERVED3[32U];
 831:C:\Users\bahri\GitHub\VirtualKeypad\Eclipse_USBProject_WS\Project_USB_CrossCompile\system\include\cmsis\core_cm4.h ****         uint32_t RESERVED4[43U];
 832:C:\Users\bahri\GitHub\VirtualKeypad\Eclipse_USBProject_WS\Project_USB_CrossCompile\system\include\cmsis\core_cm4.h ****   __OM  uint32_t LAR;                    /*!< Offset: 0xFB0 ( /W)  ITM Lock Access Register */
 833:C:\Users\bahri\GitHub\VirtualKeypad\Eclipse_USBProject_WS\Project_USB_CrossCompile\system\include\cmsis\core_cm4.h ****   __IM  uint32_t LSR;                    /*!< Offset: 0xFB4 (R/ )  ITM Lock Status Register */
 834:C:\Users\bahri\GitHub\VirtualKeypad\Eclipse_USBProject_WS\Project_USB_CrossCompile\system\include\cmsis\core_cm4.h ****         uint32_t RESERVED5[6U];
 835:C:\Users\bahri\GitHub\VirtualKeypad\Eclipse_USBProject_WS\Project_USB_CrossCompile\system\include\cmsis\core_cm4.h ****   __IM  uint32_t PID4;                   /*!< Offset: 0xFD0 (R/ )  ITM Peripheral Identification Re
 836:C:\Users\bahri\GitHub\VirtualKeypad\Eclipse_USBProject_WS\Project_USB_CrossCompile\system\include\cmsis\core_cm4.h ****   __IM  uint32_t PID5;                   /*!< Offset: 0xFD4 (R/ )  ITM Peripheral Identification Re
 837:C:\Users\bahri\GitHub\VirtualKeypad\Eclipse_USBProject_WS\Project_USB_CrossCompile\system\include\cmsis\core_cm4.h ****   __IM  uint32_t PID6;                   /*!< Offset: 0xFD8 (R/ )  ITM Peripheral Identification Re
 838:C:\Users\bahri\GitHub\VirtualKeypad\Eclipse_USBProject_WS\Project_USB_CrossCompile\system\include\cmsis\core_cm4.h ****   __IM  uint32_t PID7;                   /*!< Offset: 0xFDC (R/ )  ITM Peripheral Identification Re
 839:C:\Users\bahri\GitHub\VirtualKeypad\Eclipse_USBProject_WS\Project_USB_CrossCompile\system\include\cmsis\core_cm4.h ****   __IM  uint32_t PID0;                   /*!< Offset: 0xFE0 (R/ )  ITM Peripheral Identification Re
 840:C:\Users\bahri\GitHub\VirtualKeypad\Eclipse_USBProject_WS\Project_USB_CrossCompile\system\include\cmsis\core_cm4.h ****   __IM  uint32_t PID1;                   /*!< Offset: 0xFE4 (R/ )  ITM Peripheral Identification Re
 841:C:\Users\bahri\GitHub\VirtualKeypad\Eclipse_USBProject_WS\Project_USB_CrossCompile\system\include\cmsis\core_cm4.h ****   __IM  uint32_t PID2;                   /*!< Offset: 0xFE8 (R/ )  ITM Peripheral Identification Re
 842:C:\Users\bahri\GitHub\VirtualKeypad\Eclipse_USBProject_WS\Project_USB_CrossCompile\system\include\cmsis\core_cm4.h ****   __IM  uint32_t PID3;                   /*!< Offset: 0xFEC (R/ )  ITM Peripheral Identification Re
 843:C:\Users\bahri\GitHub\VirtualKeypad\Eclipse_USBProject_WS\Project_USB_CrossCompile\system\include\cmsis\core_cm4.h ****   __IM  uint32_t CID0;                   /*!< Offset: 0xFF0 (R/ )  ITM Component  Identification Re
 844:C:\Users\bahri\GitHub\VirtualKeypad\Eclipse_USBProject_WS\Project_USB_CrossCompile\system\include\cmsis\core_cm4.h ****   __IM  uint32_t CID1;                   /*!< Offset: 0xFF4 (R/ )  ITM Component  Identification Re
 845:C:\Users\bahri\GitHub\VirtualKeypad\Eclipse_USBProject_WS\Project_USB_CrossCompile\system\include\cmsis\core_cm4.h ****   __IM  uint32_t CID2;                   /*!< Offset: 0xFF8 (R/ )  ITM Component  Identification Re
 846:C:\Users\bahri\GitHub\VirtualKeypad\Eclipse_USBProject_WS\Project_USB_CrossCompile\system\include\cmsis\core_cm4.h ****   __IM  uint32_t CID3;                   /*!< Offset: 0xFFC (R/ )  ITM Component  Identification Re
 847:C:\Users\bahri\GitHub\VirtualKeypad\Eclipse_USBProject_WS\Project_USB_CrossCompile\system\include\cmsis\core_cm4.h **** } ITM_Type;
 848:C:\Users\bahri\GitHub\VirtualKeypad\Eclipse_USBProject_WS\Project_USB_CrossCompile\system\include\cmsis\core_cm4.h **** 
 849:C:\Users\bahri\GitHub\VirtualKeypad\Eclipse_USBProject_WS\Project_USB_CrossCompile\system\include\cmsis\core_cm4.h **** /* ITM Trace Privilege Register Definitions */
 850:C:\Users\bahri\GitHub\VirtualKeypad\Eclipse_USBProject_WS\Project_USB_CrossCompile\system\include\cmsis\core_cm4.h **** #define ITM_TPR_PRIVMASK_Pos                0U                                            /*!< ITM 
 851:C:\Users\bahri\GitHub\VirtualKeypad\Eclipse_USBProject_WS\Project_USB_CrossCompile\system\include\cmsis\core_cm4.h **** #define ITM_TPR_PRIVMASK_Msk               (0xFFFFFFFFUL /*<< ITM_TPR_PRIVMASK_Pos*/)     /*!< ITM 
 852:C:\Users\bahri\GitHub\VirtualKeypad\Eclipse_USBProject_WS\Project_USB_CrossCompile\system\include\cmsis\core_cm4.h **** 
 853:C:\Users\bahri\GitHub\VirtualKeypad\Eclipse_USBProject_WS\Project_USB_CrossCompile\system\include\cmsis\core_cm4.h **** /* ITM Trace Control Register Definitions */
 854:C:\Users\bahri\GitHub\VirtualKeypad\Eclipse_USBProject_WS\Project_USB_CrossCompile\system\include\cmsis\core_cm4.h **** #define ITM_TCR_BUSY_Pos                   23U                                            /*!< ITM 
 855:C:\Users\bahri\GitHub\VirtualKeypad\Eclipse_USBProject_WS\Project_USB_CrossCompile\system\include\cmsis\core_cm4.h **** #define ITM_TCR_BUSY_Msk                   (1UL << ITM_TCR_BUSY_Pos)                      /*!< ITM 
 856:C:\Users\bahri\GitHub\VirtualKeypad\Eclipse_USBProject_WS\Project_USB_CrossCompile\system\include\cmsis\core_cm4.h **** 
 857:C:\Users\bahri\GitHub\VirtualKeypad\Eclipse_USBProject_WS\Project_USB_CrossCompile\system\include\cmsis\core_cm4.h **** #define ITM_TCR_TraceBusID_Pos             16U                                            /*!< ITM 
 858:C:\Users\bahri\GitHub\VirtualKeypad\Eclipse_USBProject_WS\Project_USB_CrossCompile\system\include\cmsis\core_cm4.h **** #define ITM_TCR_TraceBusID_Msk             (0x7FUL << ITM_TCR_TraceBusID_Pos)             /*!< ITM 
 859:C:\Users\bahri\GitHub\VirtualKeypad\Eclipse_USBProject_WS\Project_USB_CrossCompile\system\include\cmsis\core_cm4.h **** 
 860:C:\Users\bahri\GitHub\VirtualKeypad\Eclipse_USBProject_WS\Project_USB_CrossCompile\system\include\cmsis\core_cm4.h **** #define ITM_TCR_GTSFREQ_Pos                10U                                            /*!< ITM 
 861:C:\Users\bahri\GitHub\VirtualKeypad\Eclipse_USBProject_WS\Project_USB_CrossCompile\system\include\cmsis\core_cm4.h **** #define ITM_TCR_GTSFREQ_Msk                (3UL << ITM_TCR_GTSFREQ_Pos)                   /*!< ITM 
 862:C:\Users\bahri\GitHub\VirtualKeypad\Eclipse_USBProject_WS\Project_USB_CrossCompile\system\include\cmsis\core_cm4.h **** 
 863:C:\Users\bahri\GitHub\VirtualKeypad\Eclipse_USBProject_WS\Project_USB_CrossCompile\system\include\cmsis\core_cm4.h **** #define ITM_TCR_TSPrescale_Pos              8U                                            /*!< ITM 
 864:C:\Users\bahri\GitHub\VirtualKeypad\Eclipse_USBProject_WS\Project_USB_CrossCompile\system\include\cmsis\core_cm4.h **** #define ITM_TCR_TSPrescale_Msk             (3UL << ITM_TCR_TSPrescale_Pos)                /*!< ITM 
 865:C:\Users\bahri\GitHub\VirtualKeypad\Eclipse_USBProject_WS\Project_USB_CrossCompile\system\include\cmsis\core_cm4.h **** 
 866:C:\Users\bahri\GitHub\VirtualKeypad\Eclipse_USBProject_WS\Project_USB_CrossCompile\system\include\cmsis\core_cm4.h **** #define ITM_TCR_SWOENA_Pos                  4U                                            /*!< ITM 
 867:C:\Users\bahri\GitHub\VirtualKeypad\Eclipse_USBProject_WS\Project_USB_CrossCompile\system\include\cmsis\core_cm4.h **** #define ITM_TCR_SWOENA_Msk                 (1UL << ITM_TCR_SWOENA_Pos)                    /*!< ITM 
 868:C:\Users\bahri\GitHub\VirtualKeypad\Eclipse_USBProject_WS\Project_USB_CrossCompile\system\include\cmsis\core_cm4.h **** 
 869:C:\Users\bahri\GitHub\VirtualKeypad\Eclipse_USBProject_WS\Project_USB_CrossCompile\system\include\cmsis\core_cm4.h **** #define ITM_TCR_DWTENA_Pos                  3U                                            /*!< ITM 
 870:C:\Users\bahri\GitHub\VirtualKeypad\Eclipse_USBProject_WS\Project_USB_CrossCompile\system\include\cmsis\core_cm4.h **** #define ITM_TCR_DWTENA_Msk                 (1UL << ITM_TCR_DWTENA_Pos)                    /*!< ITM 
 871:C:\Users\bahri\GitHub\VirtualKeypad\Eclipse_USBProject_WS\Project_USB_CrossCompile\system\include\cmsis\core_cm4.h **** 
 872:C:\Users\bahri\GitHub\VirtualKeypad\Eclipse_USBProject_WS\Project_USB_CrossCompile\system\include\cmsis\core_cm4.h **** #define ITM_TCR_SYNCENA_Pos                 2U                                            /*!< ITM 
 873:C:\Users\bahri\GitHub\VirtualKeypad\Eclipse_USBProject_WS\Project_USB_CrossCompile\system\include\cmsis\core_cm4.h **** #define ITM_TCR_SYNCENA_Msk                (1UL << ITM_TCR_SYNCENA_Pos)                   /*!< ITM 
 874:C:\Users\bahri\GitHub\VirtualKeypad\Eclipse_USBProject_WS\Project_USB_CrossCompile\system\include\cmsis\core_cm4.h **** 
 875:C:\Users\bahri\GitHub\VirtualKeypad\Eclipse_USBProject_WS\Project_USB_CrossCompile\system\include\cmsis\core_cm4.h **** #define ITM_TCR_TSENA_Pos                   1U                                            /*!< ITM 
 876:C:\Users\bahri\GitHub\VirtualKeypad\Eclipse_USBProject_WS\Project_USB_CrossCompile\system\include\cmsis\core_cm4.h **** #define ITM_TCR_TSENA_Msk                  (1UL << ITM_TCR_TSENA_Pos)                     /*!< ITM 
 877:C:\Users\bahri\GitHub\VirtualKeypad\Eclipse_USBProject_WS\Project_USB_CrossCompile\system\include\cmsis\core_cm4.h **** 
 878:C:\Users\bahri\GitHub\VirtualKeypad\Eclipse_USBProject_WS\Project_USB_CrossCompile\system\include\cmsis\core_cm4.h **** #define ITM_TCR_ITMENA_Pos                  0U                                            /*!< ITM 
 879:C:\Users\bahri\GitHub\VirtualKeypad\Eclipse_USBProject_WS\Project_USB_CrossCompile\system\include\cmsis\core_cm4.h **** #define ITM_TCR_ITMENA_Msk                 (1UL /*<< ITM_TCR_ITMENA_Pos*/)                /*!< ITM 
 880:C:\Users\bahri\GitHub\VirtualKeypad\Eclipse_USBProject_WS\Project_USB_CrossCompile\system\include\cmsis\core_cm4.h **** 
 881:C:\Users\bahri\GitHub\VirtualKeypad\Eclipse_USBProject_WS\Project_USB_CrossCompile\system\include\cmsis\core_cm4.h **** /* ITM Lock Status Register Definitions */
 882:C:\Users\bahri\GitHub\VirtualKeypad\Eclipse_USBProject_WS\Project_USB_CrossCompile\system\include\cmsis\core_cm4.h **** #define ITM_LSR_ByteAcc_Pos                 2U                                            /*!< ITM 
 883:C:\Users\bahri\GitHub\VirtualKeypad\Eclipse_USBProject_WS\Project_USB_CrossCompile\system\include\cmsis\core_cm4.h **** #define ITM_LSR_ByteAcc_Msk                (1UL << ITM_LSR_ByteAcc_Pos)                   /*!< ITM 
 884:C:\Users\bahri\GitHub\VirtualKeypad\Eclipse_USBProject_WS\Project_USB_CrossCompile\system\include\cmsis\core_cm4.h **** 
 885:C:\Users\bahri\GitHub\VirtualKeypad\Eclipse_USBProject_WS\Project_USB_CrossCompile\system\include\cmsis\core_cm4.h **** #define ITM_LSR_Access_Pos                  1U                                            /*!< ITM 
 886:C:\Users\bahri\GitHub\VirtualKeypad\Eclipse_USBProject_WS\Project_USB_CrossCompile\system\include\cmsis\core_cm4.h **** #define ITM_LSR_Access_Msk                 (1UL << ITM_LSR_Access_Pos)                    /*!< ITM 
 887:C:\Users\bahri\GitHub\VirtualKeypad\Eclipse_USBProject_WS\Project_USB_CrossCompile\system\include\cmsis\core_cm4.h **** 
 888:C:\Users\bahri\GitHub\VirtualKeypad\Eclipse_USBProject_WS\Project_USB_CrossCompile\system\include\cmsis\core_cm4.h **** #define ITM_LSR_Present_Pos                 0U                                            /*!< ITM 
 889:C:\Users\bahri\GitHub\VirtualKeypad\Eclipse_USBProject_WS\Project_USB_CrossCompile\system\include\cmsis\core_cm4.h **** #define ITM_LSR_Present_Msk                (1UL /*<< ITM_LSR_Present_Pos*/)               /*!< ITM 
 890:C:\Users\bahri\GitHub\VirtualKeypad\Eclipse_USBProject_WS\Project_USB_CrossCompile\system\include\cmsis\core_cm4.h **** 
 891:C:\Users\bahri\GitHub\VirtualKeypad\Eclipse_USBProject_WS\Project_USB_CrossCompile\system\include\cmsis\core_cm4.h **** /*@}*/ /* end of group CMSIS_ITM */
 892:C:\Users\bahri\GitHub\VirtualKeypad\Eclipse_USBProject_WS\Project_USB_CrossCompile\system\include\cmsis\core_cm4.h **** 
 893:C:\Users\bahri\GitHub\VirtualKeypad\Eclipse_USBProject_WS\Project_USB_CrossCompile\system\include\cmsis\core_cm4.h **** 
 894:C:\Users\bahri\GitHub\VirtualKeypad\Eclipse_USBProject_WS\Project_USB_CrossCompile\system\include\cmsis\core_cm4.h **** /**
 895:C:\Users\bahri\GitHub\VirtualKeypad\Eclipse_USBProject_WS\Project_USB_CrossCompile\system\include\cmsis\core_cm4.h ****   \ingroup  CMSIS_core_register
 896:C:\Users\bahri\GitHub\VirtualKeypad\Eclipse_USBProject_WS\Project_USB_CrossCompile\system\include\cmsis\core_cm4.h ****   \defgroup CMSIS_DWT     Data Watchpoint and Trace (DWT)
 897:C:\Users\bahri\GitHub\VirtualKeypad\Eclipse_USBProject_WS\Project_USB_CrossCompile\system\include\cmsis\core_cm4.h ****   \brief    Type definitions for the Data Watchpoint and Trace (DWT)
 898:C:\Users\bahri\GitHub\VirtualKeypad\Eclipse_USBProject_WS\Project_USB_CrossCompile\system\include\cmsis\core_cm4.h ****   @{
 899:C:\Users\bahri\GitHub\VirtualKeypad\Eclipse_USBProject_WS\Project_USB_CrossCompile\system\include\cmsis\core_cm4.h ****  */
 900:C:\Users\bahri\GitHub\VirtualKeypad\Eclipse_USBProject_WS\Project_USB_CrossCompile\system\include\cmsis\core_cm4.h **** 
 901:C:\Users\bahri\GitHub\VirtualKeypad\Eclipse_USBProject_WS\Project_USB_CrossCompile\system\include\cmsis\core_cm4.h **** /**
 902:C:\Users\bahri\GitHub\VirtualKeypad\Eclipse_USBProject_WS\Project_USB_CrossCompile\system\include\cmsis\core_cm4.h ****   \brief  Structure type to access the Data Watchpoint and Trace Register (DWT).
 903:C:\Users\bahri\GitHub\VirtualKeypad\Eclipse_USBProject_WS\Project_USB_CrossCompile\system\include\cmsis\core_cm4.h ****  */
 904:C:\Users\bahri\GitHub\VirtualKeypad\Eclipse_USBProject_WS\Project_USB_CrossCompile\system\include\cmsis\core_cm4.h **** typedef struct
 905:C:\Users\bahri\GitHub\VirtualKeypad\Eclipse_USBProject_WS\Project_USB_CrossCompile\system\include\cmsis\core_cm4.h **** {
 906:C:\Users\bahri\GitHub\VirtualKeypad\Eclipse_USBProject_WS\Project_USB_CrossCompile\system\include\cmsis\core_cm4.h ****   __IOM uint32_t CTRL;                   /*!< Offset: 0x000 (R/W)  Control Register */
 907:C:\Users\bahri\GitHub\VirtualKeypad\Eclipse_USBProject_WS\Project_USB_CrossCompile\system\include\cmsis\core_cm4.h ****   __IOM uint32_t CYCCNT;                 /*!< Offset: 0x004 (R/W)  Cycle Count Register */
 908:C:\Users\bahri\GitHub\VirtualKeypad\Eclipse_USBProject_WS\Project_USB_CrossCompile\system\include\cmsis\core_cm4.h ****   __IOM uint32_t CPICNT;                 /*!< Offset: 0x008 (R/W)  CPI Count Register */
 909:C:\Users\bahri\GitHub\VirtualKeypad\Eclipse_USBProject_WS\Project_USB_CrossCompile\system\include\cmsis\core_cm4.h ****   __IOM uint32_t EXCCNT;                 /*!< Offset: 0x00C (R/W)  Exception Overhead Count Registe
 910:C:\Users\bahri\GitHub\VirtualKeypad\Eclipse_USBProject_WS\Project_USB_CrossCompile\system\include\cmsis\core_cm4.h ****   __IOM uint32_t SLEEPCNT;               /*!< Offset: 0x010 (R/W)  Sleep Count Register */
 911:C:\Users\bahri\GitHub\VirtualKeypad\Eclipse_USBProject_WS\Project_USB_CrossCompile\system\include\cmsis\core_cm4.h ****   __IOM uint32_t LSUCNT;                 /*!< Offset: 0x014 (R/W)  LSU Count Register */
 912:C:\Users\bahri\GitHub\VirtualKeypad\Eclipse_USBProject_WS\Project_USB_CrossCompile\system\include\cmsis\core_cm4.h ****   __IOM uint32_t FOLDCNT;                /*!< Offset: 0x018 (R/W)  Folded-instruction Count Registe
 913:C:\Users\bahri\GitHub\VirtualKeypad\Eclipse_USBProject_WS\Project_USB_CrossCompile\system\include\cmsis\core_cm4.h ****   __IM  uint32_t PCSR;                   /*!< Offset: 0x01C (R/ )  Program Counter Sample Register 
 914:C:\Users\bahri\GitHub\VirtualKeypad\Eclipse_USBProject_WS\Project_USB_CrossCompile\system\include\cmsis\core_cm4.h ****   __IOM uint32_t COMP0;                  /*!< Offset: 0x020 (R/W)  Comparator Register 0 */
 915:C:\Users\bahri\GitHub\VirtualKeypad\Eclipse_USBProject_WS\Project_USB_CrossCompile\system\include\cmsis\core_cm4.h ****   __IOM uint32_t MASK0;                  /*!< Offset: 0x024 (R/W)  Mask Register 0 */
 916:C:\Users\bahri\GitHub\VirtualKeypad\Eclipse_USBProject_WS\Project_USB_CrossCompile\system\include\cmsis\core_cm4.h ****   __IOM uint32_t FUNCTION0;              /*!< Offset: 0x028 (R/W)  Function Register 0 */
 917:C:\Users\bahri\GitHub\VirtualKeypad\Eclipse_USBProject_WS\Project_USB_CrossCompile\system\include\cmsis\core_cm4.h ****         uint32_t RESERVED0[1U];
 918:C:\Users\bahri\GitHub\VirtualKeypad\Eclipse_USBProject_WS\Project_USB_CrossCompile\system\include\cmsis\core_cm4.h ****   __IOM uint32_t COMP1;                  /*!< Offset: 0x030 (R/W)  Comparator Register 1 */
 919:C:\Users\bahri\GitHub\VirtualKeypad\Eclipse_USBProject_WS\Project_USB_CrossCompile\system\include\cmsis\core_cm4.h ****   __IOM uint32_t MASK1;                  /*!< Offset: 0x034 (R/W)  Mask Register 1 */
 920:C:\Users\bahri\GitHub\VirtualKeypad\Eclipse_USBProject_WS\Project_USB_CrossCompile\system\include\cmsis\core_cm4.h ****   __IOM uint32_t FUNCTION1;              /*!< Offset: 0x038 (R/W)  Function Register 1 */
 921:C:\Users\bahri\GitHub\VirtualKeypad\Eclipse_USBProject_WS\Project_USB_CrossCompile\system\include\cmsis\core_cm4.h ****         uint32_t RESERVED1[1U];
 922:C:\Users\bahri\GitHub\VirtualKeypad\Eclipse_USBProject_WS\Project_USB_CrossCompile\system\include\cmsis\core_cm4.h ****   __IOM uint32_t COMP2;                  /*!< Offset: 0x040 (R/W)  Comparator Register 2 */
 923:C:\Users\bahri\GitHub\VirtualKeypad\Eclipse_USBProject_WS\Project_USB_CrossCompile\system\include\cmsis\core_cm4.h ****   __IOM uint32_t MASK2;                  /*!< Offset: 0x044 (R/W)  Mask Register 2 */
 924:C:\Users\bahri\GitHub\VirtualKeypad\Eclipse_USBProject_WS\Project_USB_CrossCompile\system\include\cmsis\core_cm4.h ****   __IOM uint32_t FUNCTION2;              /*!< Offset: 0x048 (R/W)  Function Register 2 */
 925:C:\Users\bahri\GitHub\VirtualKeypad\Eclipse_USBProject_WS\Project_USB_CrossCompile\system\include\cmsis\core_cm4.h ****         uint32_t RESERVED2[1U];
 926:C:\Users\bahri\GitHub\VirtualKeypad\Eclipse_USBProject_WS\Project_USB_CrossCompile\system\include\cmsis\core_cm4.h ****   __IOM uint32_t COMP3;                  /*!< Offset: 0x050 (R/W)  Comparator Register 3 */
 927:C:\Users\bahri\GitHub\VirtualKeypad\Eclipse_USBProject_WS\Project_USB_CrossCompile\system\include\cmsis\core_cm4.h ****   __IOM uint32_t MASK3;                  /*!< Offset: 0x054 (R/W)  Mask Register 3 */
 928:C:\Users\bahri\GitHub\VirtualKeypad\Eclipse_USBProject_WS\Project_USB_CrossCompile\system\include\cmsis\core_cm4.h ****   __IOM uint32_t FUNCTION3;              /*!< Offset: 0x058 (R/W)  Function Register 3 */
 929:C:\Users\bahri\GitHub\VirtualKeypad\Eclipse_USBProject_WS\Project_USB_CrossCompile\system\include\cmsis\core_cm4.h **** } DWT_Type;
 930:C:\Users\bahri\GitHub\VirtualKeypad\Eclipse_USBProject_WS\Project_USB_CrossCompile\system\include\cmsis\core_cm4.h **** 
 931:C:\Users\bahri\GitHub\VirtualKeypad\Eclipse_USBProject_WS\Project_USB_CrossCompile\system\include\cmsis\core_cm4.h **** /* DWT Control Register Definitions */
 932:C:\Users\bahri\GitHub\VirtualKeypad\Eclipse_USBProject_WS\Project_USB_CrossCompile\system\include\cmsis\core_cm4.h **** #define DWT_CTRL_NUMCOMP_Pos               28U                                         /*!< DWT CTR
 933:C:\Users\bahri\GitHub\VirtualKeypad\Eclipse_USBProject_WS\Project_USB_CrossCompile\system\include\cmsis\core_cm4.h **** #define DWT_CTRL_NUMCOMP_Msk               (0xFUL << DWT_CTRL_NUMCOMP_Pos)             /*!< DWT CTR
 934:C:\Users\bahri\GitHub\VirtualKeypad\Eclipse_USBProject_WS\Project_USB_CrossCompile\system\include\cmsis\core_cm4.h **** 
 935:C:\Users\bahri\GitHub\VirtualKeypad\Eclipse_USBProject_WS\Project_USB_CrossCompile\system\include\cmsis\core_cm4.h **** #define DWT_CTRL_NOTRCPKT_Pos              27U                                         /*!< DWT CTR
 936:C:\Users\bahri\GitHub\VirtualKeypad\Eclipse_USBProject_WS\Project_USB_CrossCompile\system\include\cmsis\core_cm4.h **** #define DWT_CTRL_NOTRCPKT_Msk              (0x1UL << DWT_CTRL_NOTRCPKT_Pos)            /*!< DWT CTR
 937:C:\Users\bahri\GitHub\VirtualKeypad\Eclipse_USBProject_WS\Project_USB_CrossCompile\system\include\cmsis\core_cm4.h **** 
 938:C:\Users\bahri\GitHub\VirtualKeypad\Eclipse_USBProject_WS\Project_USB_CrossCompile\system\include\cmsis\core_cm4.h **** #define DWT_CTRL_NOEXTTRIG_Pos             26U                                         /*!< DWT CTR
 939:C:\Users\bahri\GitHub\VirtualKeypad\Eclipse_USBProject_WS\Project_USB_CrossCompile\system\include\cmsis\core_cm4.h **** #define DWT_CTRL_NOEXTTRIG_Msk             (0x1UL << DWT_CTRL_NOEXTTRIG_Pos)           /*!< DWT CTR
 940:C:\Users\bahri\GitHub\VirtualKeypad\Eclipse_USBProject_WS\Project_USB_CrossCompile\system\include\cmsis\core_cm4.h **** 
 941:C:\Users\bahri\GitHub\VirtualKeypad\Eclipse_USBProject_WS\Project_USB_CrossCompile\system\include\cmsis\core_cm4.h **** #define DWT_CTRL_NOCYCCNT_Pos              25U                                         /*!< DWT CTR
 942:C:\Users\bahri\GitHub\VirtualKeypad\Eclipse_USBProject_WS\Project_USB_CrossCompile\system\include\cmsis\core_cm4.h **** #define DWT_CTRL_NOCYCCNT_Msk              (0x1UL << DWT_CTRL_NOCYCCNT_Pos)            /*!< DWT CTR
 943:C:\Users\bahri\GitHub\VirtualKeypad\Eclipse_USBProject_WS\Project_USB_CrossCompile\system\include\cmsis\core_cm4.h **** 
 944:C:\Users\bahri\GitHub\VirtualKeypad\Eclipse_USBProject_WS\Project_USB_CrossCompile\system\include\cmsis\core_cm4.h **** #define DWT_CTRL_NOPRFCNT_Pos              24U                                         /*!< DWT CTR
 945:C:\Users\bahri\GitHub\VirtualKeypad\Eclipse_USBProject_WS\Project_USB_CrossCompile\system\include\cmsis\core_cm4.h **** #define DWT_CTRL_NOPRFCNT_Msk              (0x1UL << DWT_CTRL_NOPRFCNT_Pos)            /*!< DWT CTR
 946:C:\Users\bahri\GitHub\VirtualKeypad\Eclipse_USBProject_WS\Project_USB_CrossCompile\system\include\cmsis\core_cm4.h **** 
 947:C:\Users\bahri\GitHub\VirtualKeypad\Eclipse_USBProject_WS\Project_USB_CrossCompile\system\include\cmsis\core_cm4.h **** #define DWT_CTRL_CYCEVTENA_Pos             22U                                         /*!< DWT CTR
 948:C:\Users\bahri\GitHub\VirtualKeypad\Eclipse_USBProject_WS\Project_USB_CrossCompile\system\include\cmsis\core_cm4.h **** #define DWT_CTRL_CYCEVTENA_Msk             (0x1UL << DWT_CTRL_CYCEVTENA_Pos)           /*!< DWT CTR
 949:C:\Users\bahri\GitHub\VirtualKeypad\Eclipse_USBProject_WS\Project_USB_CrossCompile\system\include\cmsis\core_cm4.h **** 
 950:C:\Users\bahri\GitHub\VirtualKeypad\Eclipse_USBProject_WS\Project_USB_CrossCompile\system\include\cmsis\core_cm4.h **** #define DWT_CTRL_FOLDEVTENA_Pos            21U                                         /*!< DWT CTR
 951:C:\Users\bahri\GitHub\VirtualKeypad\Eclipse_USBProject_WS\Project_USB_CrossCompile\system\include\cmsis\core_cm4.h **** #define DWT_CTRL_FOLDEVTENA_Msk            (0x1UL << DWT_CTRL_FOLDEVTENA_Pos)          /*!< DWT CTR
 952:C:\Users\bahri\GitHub\VirtualKeypad\Eclipse_USBProject_WS\Project_USB_CrossCompile\system\include\cmsis\core_cm4.h **** 
 953:C:\Users\bahri\GitHub\VirtualKeypad\Eclipse_USBProject_WS\Project_USB_CrossCompile\system\include\cmsis\core_cm4.h **** #define DWT_CTRL_LSUEVTENA_Pos             20U                                         /*!< DWT CTR
 954:C:\Users\bahri\GitHub\VirtualKeypad\Eclipse_USBProject_WS\Project_USB_CrossCompile\system\include\cmsis\core_cm4.h **** #define DWT_CTRL_LSUEVTENA_Msk             (0x1UL << DWT_CTRL_LSUEVTENA_Pos)           /*!< DWT CTR
 955:C:\Users\bahri\GitHub\VirtualKeypad\Eclipse_USBProject_WS\Project_USB_CrossCompile\system\include\cmsis\core_cm4.h **** 
 956:C:\Users\bahri\GitHub\VirtualKeypad\Eclipse_USBProject_WS\Project_USB_CrossCompile\system\include\cmsis\core_cm4.h **** #define DWT_CTRL_SLEEPEVTENA_Pos           19U                                         /*!< DWT CTR
 957:C:\Users\bahri\GitHub\VirtualKeypad\Eclipse_USBProject_WS\Project_USB_CrossCompile\system\include\cmsis\core_cm4.h **** #define DWT_CTRL_SLEEPEVTENA_Msk           (0x1UL << DWT_CTRL_SLEEPEVTENA_Pos)         /*!< DWT CTR
 958:C:\Users\bahri\GitHub\VirtualKeypad\Eclipse_USBProject_WS\Project_USB_CrossCompile\system\include\cmsis\core_cm4.h **** 
 959:C:\Users\bahri\GitHub\VirtualKeypad\Eclipse_USBProject_WS\Project_USB_CrossCompile\system\include\cmsis\core_cm4.h **** #define DWT_CTRL_EXCEVTENA_Pos             18U                                         /*!< DWT CTR
 960:C:\Users\bahri\GitHub\VirtualKeypad\Eclipse_USBProject_WS\Project_USB_CrossCompile\system\include\cmsis\core_cm4.h **** #define DWT_CTRL_EXCEVTENA_Msk             (0x1UL << DWT_CTRL_EXCEVTENA_Pos)           /*!< DWT CTR
 961:C:\Users\bahri\GitHub\VirtualKeypad\Eclipse_USBProject_WS\Project_USB_CrossCompile\system\include\cmsis\core_cm4.h **** 
 962:C:\Users\bahri\GitHub\VirtualKeypad\Eclipse_USBProject_WS\Project_USB_CrossCompile\system\include\cmsis\core_cm4.h **** #define DWT_CTRL_CPIEVTENA_Pos             17U                                         /*!< DWT CTR
 963:C:\Users\bahri\GitHub\VirtualKeypad\Eclipse_USBProject_WS\Project_USB_CrossCompile\system\include\cmsis\core_cm4.h **** #define DWT_CTRL_CPIEVTENA_Msk             (0x1UL << DWT_CTRL_CPIEVTENA_Pos)           /*!< DWT CTR
 964:C:\Users\bahri\GitHub\VirtualKeypad\Eclipse_USBProject_WS\Project_USB_CrossCompile\system\include\cmsis\core_cm4.h **** 
 965:C:\Users\bahri\GitHub\VirtualKeypad\Eclipse_USBProject_WS\Project_USB_CrossCompile\system\include\cmsis\core_cm4.h **** #define DWT_CTRL_EXCTRCENA_Pos             16U                                         /*!< DWT CTR
 966:C:\Users\bahri\GitHub\VirtualKeypad\Eclipse_USBProject_WS\Project_USB_CrossCompile\system\include\cmsis\core_cm4.h **** #define DWT_CTRL_EXCTRCENA_Msk             (0x1UL << DWT_CTRL_EXCTRCENA_Pos)           /*!< DWT CTR
 967:C:\Users\bahri\GitHub\VirtualKeypad\Eclipse_USBProject_WS\Project_USB_CrossCompile\system\include\cmsis\core_cm4.h **** 
 968:C:\Users\bahri\GitHub\VirtualKeypad\Eclipse_USBProject_WS\Project_USB_CrossCompile\system\include\cmsis\core_cm4.h **** #define DWT_CTRL_PCSAMPLENA_Pos            12U                                         /*!< DWT CTR
 969:C:\Users\bahri\GitHub\VirtualKeypad\Eclipse_USBProject_WS\Project_USB_CrossCompile\system\include\cmsis\core_cm4.h **** #define DWT_CTRL_PCSAMPLENA_Msk            (0x1UL << DWT_CTRL_PCSAMPLENA_Pos)          /*!< DWT CTR
 970:C:\Users\bahri\GitHub\VirtualKeypad\Eclipse_USBProject_WS\Project_USB_CrossCompile\system\include\cmsis\core_cm4.h **** 
 971:C:\Users\bahri\GitHub\VirtualKeypad\Eclipse_USBProject_WS\Project_USB_CrossCompile\system\include\cmsis\core_cm4.h **** #define DWT_CTRL_SYNCTAP_Pos               10U                                         /*!< DWT CTR
 972:C:\Users\bahri\GitHub\VirtualKeypad\Eclipse_USBProject_WS\Project_USB_CrossCompile\system\include\cmsis\core_cm4.h **** #define DWT_CTRL_SYNCTAP_Msk               (0x3UL << DWT_CTRL_SYNCTAP_Pos)             /*!< DWT CTR
 973:C:\Users\bahri\GitHub\VirtualKeypad\Eclipse_USBProject_WS\Project_USB_CrossCompile\system\include\cmsis\core_cm4.h **** 
 974:C:\Users\bahri\GitHub\VirtualKeypad\Eclipse_USBProject_WS\Project_USB_CrossCompile\system\include\cmsis\core_cm4.h **** #define DWT_CTRL_CYCTAP_Pos                 9U                                         /*!< DWT CTR
 975:C:\Users\bahri\GitHub\VirtualKeypad\Eclipse_USBProject_WS\Project_USB_CrossCompile\system\include\cmsis\core_cm4.h **** #define DWT_CTRL_CYCTAP_Msk                (0x1UL << DWT_CTRL_CYCTAP_Pos)              /*!< DWT CTR
 976:C:\Users\bahri\GitHub\VirtualKeypad\Eclipse_USBProject_WS\Project_USB_CrossCompile\system\include\cmsis\core_cm4.h **** 
 977:C:\Users\bahri\GitHub\VirtualKeypad\Eclipse_USBProject_WS\Project_USB_CrossCompile\system\include\cmsis\core_cm4.h **** #define DWT_CTRL_POSTINIT_Pos               5U                                         /*!< DWT CTR
 978:C:\Users\bahri\GitHub\VirtualKeypad\Eclipse_USBProject_WS\Project_USB_CrossCompile\system\include\cmsis\core_cm4.h **** #define DWT_CTRL_POSTINIT_Msk              (0xFUL << DWT_CTRL_POSTINIT_Pos)            /*!< DWT CTR
 979:C:\Users\bahri\GitHub\VirtualKeypad\Eclipse_USBProject_WS\Project_USB_CrossCompile\system\include\cmsis\core_cm4.h **** 
 980:C:\Users\bahri\GitHub\VirtualKeypad\Eclipse_USBProject_WS\Project_USB_CrossCompile\system\include\cmsis\core_cm4.h **** #define DWT_CTRL_POSTPRESET_Pos             1U                                         /*!< DWT CTR
 981:C:\Users\bahri\GitHub\VirtualKeypad\Eclipse_USBProject_WS\Project_USB_CrossCompile\system\include\cmsis\core_cm4.h **** #define DWT_CTRL_POSTPRESET_Msk            (0xFUL << DWT_CTRL_POSTPRESET_Pos)          /*!< DWT CTR
 982:C:\Users\bahri\GitHub\VirtualKeypad\Eclipse_USBProject_WS\Project_USB_CrossCompile\system\include\cmsis\core_cm4.h **** 
 983:C:\Users\bahri\GitHub\VirtualKeypad\Eclipse_USBProject_WS\Project_USB_CrossCompile\system\include\cmsis\core_cm4.h **** #define DWT_CTRL_CYCCNTENA_Pos              0U                                         /*!< DWT CTR
 984:C:\Users\bahri\GitHub\VirtualKeypad\Eclipse_USBProject_WS\Project_USB_CrossCompile\system\include\cmsis\core_cm4.h **** #define DWT_CTRL_CYCCNTENA_Msk             (0x1UL /*<< DWT_CTRL_CYCCNTENA_Pos*/)       /*!< DWT CTR
 985:C:\Users\bahri\GitHub\VirtualKeypad\Eclipse_USBProject_WS\Project_USB_CrossCompile\system\include\cmsis\core_cm4.h **** 
 986:C:\Users\bahri\GitHub\VirtualKeypad\Eclipse_USBProject_WS\Project_USB_CrossCompile\system\include\cmsis\core_cm4.h **** /* DWT CPI Count Register Definitions */
 987:C:\Users\bahri\GitHub\VirtualKeypad\Eclipse_USBProject_WS\Project_USB_CrossCompile\system\include\cmsis\core_cm4.h **** #define DWT_CPICNT_CPICNT_Pos               0U                                         /*!< DWT CPI
 988:C:\Users\bahri\GitHub\VirtualKeypad\Eclipse_USBProject_WS\Project_USB_CrossCompile\system\include\cmsis\core_cm4.h **** #define DWT_CPICNT_CPICNT_Msk              (0xFFUL /*<< DWT_CPICNT_CPICNT_Pos*/)       /*!< DWT CPI
 989:C:\Users\bahri\GitHub\VirtualKeypad\Eclipse_USBProject_WS\Project_USB_CrossCompile\system\include\cmsis\core_cm4.h **** 
 990:C:\Users\bahri\GitHub\VirtualKeypad\Eclipse_USBProject_WS\Project_USB_CrossCompile\system\include\cmsis\core_cm4.h **** /* DWT Exception Overhead Count Register Definitions */
 991:C:\Users\bahri\GitHub\VirtualKeypad\Eclipse_USBProject_WS\Project_USB_CrossCompile\system\include\cmsis\core_cm4.h **** #define DWT_EXCCNT_EXCCNT_Pos               0U                                         /*!< DWT EXC
 992:C:\Users\bahri\GitHub\VirtualKeypad\Eclipse_USBProject_WS\Project_USB_CrossCompile\system\include\cmsis\core_cm4.h **** #define DWT_EXCCNT_EXCCNT_Msk              (0xFFUL /*<< DWT_EXCCNT_EXCCNT_Pos*/)       /*!< DWT EXC
 993:C:\Users\bahri\GitHub\VirtualKeypad\Eclipse_USBProject_WS\Project_USB_CrossCompile\system\include\cmsis\core_cm4.h **** 
 994:C:\Users\bahri\GitHub\VirtualKeypad\Eclipse_USBProject_WS\Project_USB_CrossCompile\system\include\cmsis\core_cm4.h **** /* DWT Sleep Count Register Definitions */
 995:C:\Users\bahri\GitHub\VirtualKeypad\Eclipse_USBProject_WS\Project_USB_CrossCompile\system\include\cmsis\core_cm4.h **** #define DWT_SLEEPCNT_SLEEPCNT_Pos           0U                                         /*!< DWT SLE
 996:C:\Users\bahri\GitHub\VirtualKeypad\Eclipse_USBProject_WS\Project_USB_CrossCompile\system\include\cmsis\core_cm4.h **** #define DWT_SLEEPCNT_SLEEPCNT_Msk          (0xFFUL /*<< DWT_SLEEPCNT_SLEEPCNT_Pos*/)   /*!< DWT SLE
 997:C:\Users\bahri\GitHub\VirtualKeypad\Eclipse_USBProject_WS\Project_USB_CrossCompile\system\include\cmsis\core_cm4.h **** 
 998:C:\Users\bahri\GitHub\VirtualKeypad\Eclipse_USBProject_WS\Project_USB_CrossCompile\system\include\cmsis\core_cm4.h **** /* DWT LSU Count Register Definitions */
 999:C:\Users\bahri\GitHub\VirtualKeypad\Eclipse_USBProject_WS\Project_USB_CrossCompile\system\include\cmsis\core_cm4.h **** #define DWT_LSUCNT_LSUCNT_Pos               0U                                         /*!< DWT LSU
1000:C:\Users\bahri\GitHub\VirtualKeypad\Eclipse_USBProject_WS\Project_USB_CrossCompile\system\include\cmsis\core_cm4.h **** #define DWT_LSUCNT_LSUCNT_Msk              (0xFFUL /*<< DWT_LSUCNT_LSUCNT_Pos*/)       /*!< DWT LSU
1001:C:\Users\bahri\GitHub\VirtualKeypad\Eclipse_USBProject_WS\Project_USB_CrossCompile\system\include\cmsis\core_cm4.h **** 
1002:C:\Users\bahri\GitHub\VirtualKeypad\Eclipse_USBProject_WS\Project_USB_CrossCompile\system\include\cmsis\core_cm4.h **** /* DWT Folded-instruction Count Register Definitions */
1003:C:\Users\bahri\GitHub\VirtualKeypad\Eclipse_USBProject_WS\Project_USB_CrossCompile\system\include\cmsis\core_cm4.h **** #define DWT_FOLDCNT_FOLDCNT_Pos             0U                                         /*!< DWT FOL
1004:C:\Users\bahri\GitHub\VirtualKeypad\Eclipse_USBProject_WS\Project_USB_CrossCompile\system\include\cmsis\core_cm4.h **** #define DWT_FOLDCNT_FOLDCNT_Msk            (0xFFUL /*<< DWT_FOLDCNT_FOLDCNT_Pos*/)     /*!< DWT FOL
1005:C:\Users\bahri\GitHub\VirtualKeypad\Eclipse_USBProject_WS\Project_USB_CrossCompile\system\include\cmsis\core_cm4.h **** 
1006:C:\Users\bahri\GitHub\VirtualKeypad\Eclipse_USBProject_WS\Project_USB_CrossCompile\system\include\cmsis\core_cm4.h **** /* DWT Comparator Mask Register Definitions */
1007:C:\Users\bahri\GitHub\VirtualKeypad\Eclipse_USBProject_WS\Project_USB_CrossCompile\system\include\cmsis\core_cm4.h **** #define DWT_MASK_MASK_Pos                   0U                                         /*!< DWT MAS
1008:C:\Users\bahri\GitHub\VirtualKeypad\Eclipse_USBProject_WS\Project_USB_CrossCompile\system\include\cmsis\core_cm4.h **** #define DWT_MASK_MASK_Msk                  (0x1FUL /*<< DWT_MASK_MASK_Pos*/)           /*!< DWT MAS
1009:C:\Users\bahri\GitHub\VirtualKeypad\Eclipse_USBProject_WS\Project_USB_CrossCompile\system\include\cmsis\core_cm4.h **** 
1010:C:\Users\bahri\GitHub\VirtualKeypad\Eclipse_USBProject_WS\Project_USB_CrossCompile\system\include\cmsis\core_cm4.h **** /* DWT Comparator Function Register Definitions */
1011:C:\Users\bahri\GitHub\VirtualKeypad\Eclipse_USBProject_WS\Project_USB_CrossCompile\system\include\cmsis\core_cm4.h **** #define DWT_FUNCTION_MATCHED_Pos           24U                                         /*!< DWT FUN
1012:C:\Users\bahri\GitHub\VirtualKeypad\Eclipse_USBProject_WS\Project_USB_CrossCompile\system\include\cmsis\core_cm4.h **** #define DWT_FUNCTION_MATCHED_Msk           (0x1UL << DWT_FUNCTION_MATCHED_Pos)         /*!< DWT FUN
1013:C:\Users\bahri\GitHub\VirtualKeypad\Eclipse_USBProject_WS\Project_USB_CrossCompile\system\include\cmsis\core_cm4.h **** 
1014:C:\Users\bahri\GitHub\VirtualKeypad\Eclipse_USBProject_WS\Project_USB_CrossCompile\system\include\cmsis\core_cm4.h **** #define DWT_FUNCTION_DATAVADDR1_Pos        16U                                         /*!< DWT FUN
1015:C:\Users\bahri\GitHub\VirtualKeypad\Eclipse_USBProject_WS\Project_USB_CrossCompile\system\include\cmsis\core_cm4.h **** #define DWT_FUNCTION_DATAVADDR1_Msk        (0xFUL << DWT_FUNCTION_DATAVADDR1_Pos)      /*!< DWT FUN
1016:C:\Users\bahri\GitHub\VirtualKeypad\Eclipse_USBProject_WS\Project_USB_CrossCompile\system\include\cmsis\core_cm4.h **** 
1017:C:\Users\bahri\GitHub\VirtualKeypad\Eclipse_USBProject_WS\Project_USB_CrossCompile\system\include\cmsis\core_cm4.h **** #define DWT_FUNCTION_DATAVADDR0_Pos        12U                                         /*!< DWT FUN
1018:C:\Users\bahri\GitHub\VirtualKeypad\Eclipse_USBProject_WS\Project_USB_CrossCompile\system\include\cmsis\core_cm4.h **** #define DWT_FUNCTION_DATAVADDR0_Msk        (0xFUL << DWT_FUNCTION_DATAVADDR0_Pos)      /*!< DWT FUN
1019:C:\Users\bahri\GitHub\VirtualKeypad\Eclipse_USBProject_WS\Project_USB_CrossCompile\system\include\cmsis\core_cm4.h **** 
1020:C:\Users\bahri\GitHub\VirtualKeypad\Eclipse_USBProject_WS\Project_USB_CrossCompile\system\include\cmsis\core_cm4.h **** #define DWT_FUNCTION_DATAVSIZE_Pos         10U                                         /*!< DWT FUN
1021:C:\Users\bahri\GitHub\VirtualKeypad\Eclipse_USBProject_WS\Project_USB_CrossCompile\system\include\cmsis\core_cm4.h **** #define DWT_FUNCTION_DATAVSIZE_Msk         (0x3UL << DWT_FUNCTION_DATAVSIZE_Pos)       /*!< DWT FUN
1022:C:\Users\bahri\GitHub\VirtualKeypad\Eclipse_USBProject_WS\Project_USB_CrossCompile\system\include\cmsis\core_cm4.h **** 
1023:C:\Users\bahri\GitHub\VirtualKeypad\Eclipse_USBProject_WS\Project_USB_CrossCompile\system\include\cmsis\core_cm4.h **** #define DWT_FUNCTION_LNK1ENA_Pos            9U                                         /*!< DWT FUN
1024:C:\Users\bahri\GitHub\VirtualKeypad\Eclipse_USBProject_WS\Project_USB_CrossCompile\system\include\cmsis\core_cm4.h **** #define DWT_FUNCTION_LNK1ENA_Msk           (0x1UL << DWT_FUNCTION_LNK1ENA_Pos)         /*!< DWT FUN
1025:C:\Users\bahri\GitHub\VirtualKeypad\Eclipse_USBProject_WS\Project_USB_CrossCompile\system\include\cmsis\core_cm4.h **** 
1026:C:\Users\bahri\GitHub\VirtualKeypad\Eclipse_USBProject_WS\Project_USB_CrossCompile\system\include\cmsis\core_cm4.h **** #define DWT_FUNCTION_DATAVMATCH_Pos         8U                                         /*!< DWT FUN
1027:C:\Users\bahri\GitHub\VirtualKeypad\Eclipse_USBProject_WS\Project_USB_CrossCompile\system\include\cmsis\core_cm4.h **** #define DWT_FUNCTION_DATAVMATCH_Msk        (0x1UL << DWT_FUNCTION_DATAVMATCH_Pos)      /*!< DWT FUN
1028:C:\Users\bahri\GitHub\VirtualKeypad\Eclipse_USBProject_WS\Project_USB_CrossCompile\system\include\cmsis\core_cm4.h **** 
1029:C:\Users\bahri\GitHub\VirtualKeypad\Eclipse_USBProject_WS\Project_USB_CrossCompile\system\include\cmsis\core_cm4.h **** #define DWT_FUNCTION_CYCMATCH_Pos           7U                                         /*!< DWT FUN
1030:C:\Users\bahri\GitHub\VirtualKeypad\Eclipse_USBProject_WS\Project_USB_CrossCompile\system\include\cmsis\core_cm4.h **** #define DWT_FUNCTION_CYCMATCH_Msk          (0x1UL << DWT_FUNCTION_CYCMATCH_Pos)        /*!< DWT FUN
1031:C:\Users\bahri\GitHub\VirtualKeypad\Eclipse_USBProject_WS\Project_USB_CrossCompile\system\include\cmsis\core_cm4.h **** 
1032:C:\Users\bahri\GitHub\VirtualKeypad\Eclipse_USBProject_WS\Project_USB_CrossCompile\system\include\cmsis\core_cm4.h **** #define DWT_FUNCTION_EMITRANGE_Pos          5U                                         /*!< DWT FUN
1033:C:\Users\bahri\GitHub\VirtualKeypad\Eclipse_USBProject_WS\Project_USB_CrossCompile\system\include\cmsis\core_cm4.h **** #define DWT_FUNCTION_EMITRANGE_Msk         (0x1UL << DWT_FUNCTION_EMITRANGE_Pos)       /*!< DWT FUN
1034:C:\Users\bahri\GitHub\VirtualKeypad\Eclipse_USBProject_WS\Project_USB_CrossCompile\system\include\cmsis\core_cm4.h **** 
1035:C:\Users\bahri\GitHub\VirtualKeypad\Eclipse_USBProject_WS\Project_USB_CrossCompile\system\include\cmsis\core_cm4.h **** #define DWT_FUNCTION_FUNCTION_Pos           0U                                         /*!< DWT FUN
1036:C:\Users\bahri\GitHub\VirtualKeypad\Eclipse_USBProject_WS\Project_USB_CrossCompile\system\include\cmsis\core_cm4.h **** #define DWT_FUNCTION_FUNCTION_Msk          (0xFUL /*<< DWT_FUNCTION_FUNCTION_Pos*/)    /*!< DWT FUN
1037:C:\Users\bahri\GitHub\VirtualKeypad\Eclipse_USBProject_WS\Project_USB_CrossCompile\system\include\cmsis\core_cm4.h **** 
1038:C:\Users\bahri\GitHub\VirtualKeypad\Eclipse_USBProject_WS\Project_USB_CrossCompile\system\include\cmsis\core_cm4.h **** /*@}*/ /* end of group CMSIS_DWT */
1039:C:\Users\bahri\GitHub\VirtualKeypad\Eclipse_USBProject_WS\Project_USB_CrossCompile\system\include\cmsis\core_cm4.h **** 
1040:C:\Users\bahri\GitHub\VirtualKeypad\Eclipse_USBProject_WS\Project_USB_CrossCompile\system\include\cmsis\core_cm4.h **** 
1041:C:\Users\bahri\GitHub\VirtualKeypad\Eclipse_USBProject_WS\Project_USB_CrossCompile\system\include\cmsis\core_cm4.h **** /**
1042:C:\Users\bahri\GitHub\VirtualKeypad\Eclipse_USBProject_WS\Project_USB_CrossCompile\system\include\cmsis\core_cm4.h ****   \ingroup  CMSIS_core_register
1043:C:\Users\bahri\GitHub\VirtualKeypad\Eclipse_USBProject_WS\Project_USB_CrossCompile\system\include\cmsis\core_cm4.h ****   \defgroup CMSIS_TPI     Trace Port Interface (TPI)
1044:C:\Users\bahri\GitHub\VirtualKeypad\Eclipse_USBProject_WS\Project_USB_CrossCompile\system\include\cmsis\core_cm4.h ****   \brief    Type definitions for the Trace Port Interface (TPI)
1045:C:\Users\bahri\GitHub\VirtualKeypad\Eclipse_USBProject_WS\Project_USB_CrossCompile\system\include\cmsis\core_cm4.h ****   @{
1046:C:\Users\bahri\GitHub\VirtualKeypad\Eclipse_USBProject_WS\Project_USB_CrossCompile\system\include\cmsis\core_cm4.h ****  */
1047:C:\Users\bahri\GitHub\VirtualKeypad\Eclipse_USBProject_WS\Project_USB_CrossCompile\system\include\cmsis\core_cm4.h **** 
1048:C:\Users\bahri\GitHub\VirtualKeypad\Eclipse_USBProject_WS\Project_USB_CrossCompile\system\include\cmsis\core_cm4.h **** /**
1049:C:\Users\bahri\GitHub\VirtualKeypad\Eclipse_USBProject_WS\Project_USB_CrossCompile\system\include\cmsis\core_cm4.h ****   \brief  Structure type to access the Trace Port Interface Register (TPI).
1050:C:\Users\bahri\GitHub\VirtualKeypad\Eclipse_USBProject_WS\Project_USB_CrossCompile\system\include\cmsis\core_cm4.h ****  */
1051:C:\Users\bahri\GitHub\VirtualKeypad\Eclipse_USBProject_WS\Project_USB_CrossCompile\system\include\cmsis\core_cm4.h **** typedef struct
1052:C:\Users\bahri\GitHub\VirtualKeypad\Eclipse_USBProject_WS\Project_USB_CrossCompile\system\include\cmsis\core_cm4.h **** {
1053:C:\Users\bahri\GitHub\VirtualKeypad\Eclipse_USBProject_WS\Project_USB_CrossCompile\system\include\cmsis\core_cm4.h ****   __IM  uint32_t SSPSR;                  /*!< Offset: 0x000 (R/ )  Supported Parallel Port Size Reg
1054:C:\Users\bahri\GitHub\VirtualKeypad\Eclipse_USBProject_WS\Project_USB_CrossCompile\system\include\cmsis\core_cm4.h ****   __IOM uint32_t CSPSR;                  /*!< Offset: 0x004 (R/W)  Current Parallel Port Size Regis
1055:C:\Users\bahri\GitHub\VirtualKeypad\Eclipse_USBProject_WS\Project_USB_CrossCompile\system\include\cmsis\core_cm4.h ****         uint32_t RESERVED0[2U];
1056:C:\Users\bahri\GitHub\VirtualKeypad\Eclipse_USBProject_WS\Project_USB_CrossCompile\system\include\cmsis\core_cm4.h ****   __IOM uint32_t ACPR;                   /*!< Offset: 0x010 (R/W)  Asynchronous Clock Prescaler Reg
1057:C:\Users\bahri\GitHub\VirtualKeypad\Eclipse_USBProject_WS\Project_USB_CrossCompile\system\include\cmsis\core_cm4.h ****         uint32_t RESERVED1[55U];
1058:C:\Users\bahri\GitHub\VirtualKeypad\Eclipse_USBProject_WS\Project_USB_CrossCompile\system\include\cmsis\core_cm4.h ****   __IOM uint32_t SPPR;                   /*!< Offset: 0x0F0 (R/W)  Selected Pin Protocol Register *
1059:C:\Users\bahri\GitHub\VirtualKeypad\Eclipse_USBProject_WS\Project_USB_CrossCompile\system\include\cmsis\core_cm4.h ****         uint32_t RESERVED2[131U];
1060:C:\Users\bahri\GitHub\VirtualKeypad\Eclipse_USBProject_WS\Project_USB_CrossCompile\system\include\cmsis\core_cm4.h ****   __IM  uint32_t FFSR;                   /*!< Offset: 0x300 (R/ )  Formatter and Flush Status Regis
1061:C:\Users\bahri\GitHub\VirtualKeypad\Eclipse_USBProject_WS\Project_USB_CrossCompile\system\include\cmsis\core_cm4.h ****   __IOM uint32_t FFCR;                   /*!< Offset: 0x304 (R/W)  Formatter and Flush Control Regi
1062:C:\Users\bahri\GitHub\VirtualKeypad\Eclipse_USBProject_WS\Project_USB_CrossCompile\system\include\cmsis\core_cm4.h ****   __IM  uint32_t FSCR;                   /*!< Offset: 0x308 (R/ )  Formatter Synchronization Counte
1063:C:\Users\bahri\GitHub\VirtualKeypad\Eclipse_USBProject_WS\Project_USB_CrossCompile\system\include\cmsis\core_cm4.h ****         uint32_t RESERVED3[759U];
1064:C:\Users\bahri\GitHub\VirtualKeypad\Eclipse_USBProject_WS\Project_USB_CrossCompile\system\include\cmsis\core_cm4.h ****   __IM  uint32_t TRIGGER;                /*!< Offset: 0xEE8 (R/ )  TRIGGER Register */
1065:C:\Users\bahri\GitHub\VirtualKeypad\Eclipse_USBProject_WS\Project_USB_CrossCompile\system\include\cmsis\core_cm4.h ****   __IM  uint32_t FIFO0;                  /*!< Offset: 0xEEC (R/ )  Integration ETM Data */
1066:C:\Users\bahri\GitHub\VirtualKeypad\Eclipse_USBProject_WS\Project_USB_CrossCompile\system\include\cmsis\core_cm4.h ****   __IM  uint32_t ITATBCTR2;              /*!< Offset: 0xEF0 (R/ )  ITATBCTR2 */
1067:C:\Users\bahri\GitHub\VirtualKeypad\Eclipse_USBProject_WS\Project_USB_CrossCompile\system\include\cmsis\core_cm4.h ****         uint32_t RESERVED4[1U];
1068:C:\Users\bahri\GitHub\VirtualKeypad\Eclipse_USBProject_WS\Project_USB_CrossCompile\system\include\cmsis\core_cm4.h ****   __IM  uint32_t ITATBCTR0;              /*!< Offset: 0xEF8 (R/ )  ITATBCTR0 */
1069:C:\Users\bahri\GitHub\VirtualKeypad\Eclipse_USBProject_WS\Project_USB_CrossCompile\system\include\cmsis\core_cm4.h ****   __IM  uint32_t FIFO1;                  /*!< Offset: 0xEFC (R/ )  Integration ITM Data */
1070:C:\Users\bahri\GitHub\VirtualKeypad\Eclipse_USBProject_WS\Project_USB_CrossCompile\system\include\cmsis\core_cm4.h ****   __IOM uint32_t ITCTRL;                 /*!< Offset: 0xF00 (R/W)  Integration Mode Control */
1071:C:\Users\bahri\GitHub\VirtualKeypad\Eclipse_USBProject_WS\Project_USB_CrossCompile\system\include\cmsis\core_cm4.h ****         uint32_t RESERVED5[39U];
1072:C:\Users\bahri\GitHub\VirtualKeypad\Eclipse_USBProject_WS\Project_USB_CrossCompile\system\include\cmsis\core_cm4.h ****   __IOM uint32_t CLAIMSET;               /*!< Offset: 0xFA0 (R/W)  Claim tag set */
1073:C:\Users\bahri\GitHub\VirtualKeypad\Eclipse_USBProject_WS\Project_USB_CrossCompile\system\include\cmsis\core_cm4.h ****   __IOM uint32_t CLAIMCLR;               /*!< Offset: 0xFA4 (R/W)  Claim tag clear */
1074:C:\Users\bahri\GitHub\VirtualKeypad\Eclipse_USBProject_WS\Project_USB_CrossCompile\system\include\cmsis\core_cm4.h ****         uint32_t RESERVED7[8U];
1075:C:\Users\bahri\GitHub\VirtualKeypad\Eclipse_USBProject_WS\Project_USB_CrossCompile\system\include\cmsis\core_cm4.h ****   __IM  uint32_t DEVID;                  /*!< Offset: 0xFC8 (R/ )  TPIU_DEVID */
1076:C:\Users\bahri\GitHub\VirtualKeypad\Eclipse_USBProject_WS\Project_USB_CrossCompile\system\include\cmsis\core_cm4.h ****   __IM  uint32_t DEVTYPE;                /*!< Offset: 0xFCC (R/ )  TPIU_DEVTYPE */
1077:C:\Users\bahri\GitHub\VirtualKeypad\Eclipse_USBProject_WS\Project_USB_CrossCompile\system\include\cmsis\core_cm4.h **** } TPI_Type;
1078:C:\Users\bahri\GitHub\VirtualKeypad\Eclipse_USBProject_WS\Project_USB_CrossCompile\system\include\cmsis\core_cm4.h **** 
1079:C:\Users\bahri\GitHub\VirtualKeypad\Eclipse_USBProject_WS\Project_USB_CrossCompile\system\include\cmsis\core_cm4.h **** /* TPI Asynchronous Clock Prescaler Register Definitions */
1080:C:\Users\bahri\GitHub\VirtualKeypad\Eclipse_USBProject_WS\Project_USB_CrossCompile\system\include\cmsis\core_cm4.h **** #define TPI_ACPR_PRESCALER_Pos              0U                                         /*!< TPI ACP
1081:C:\Users\bahri\GitHub\VirtualKeypad\Eclipse_USBProject_WS\Project_USB_CrossCompile\system\include\cmsis\core_cm4.h **** #define TPI_ACPR_PRESCALER_Msk             (0x1FFFUL /*<< TPI_ACPR_PRESCALER_Pos*/)    /*!< TPI ACP
1082:C:\Users\bahri\GitHub\VirtualKeypad\Eclipse_USBProject_WS\Project_USB_CrossCompile\system\include\cmsis\core_cm4.h **** 
1083:C:\Users\bahri\GitHub\VirtualKeypad\Eclipse_USBProject_WS\Project_USB_CrossCompile\system\include\cmsis\core_cm4.h **** /* TPI Selected Pin Protocol Register Definitions */
1084:C:\Users\bahri\GitHub\VirtualKeypad\Eclipse_USBProject_WS\Project_USB_CrossCompile\system\include\cmsis\core_cm4.h **** #define TPI_SPPR_TXMODE_Pos                 0U                                         /*!< TPI SPP
1085:C:\Users\bahri\GitHub\VirtualKeypad\Eclipse_USBProject_WS\Project_USB_CrossCompile\system\include\cmsis\core_cm4.h **** #define TPI_SPPR_TXMODE_Msk                (0x3UL /*<< TPI_SPPR_TXMODE_Pos*/)          /*!< TPI SPP
1086:C:\Users\bahri\GitHub\VirtualKeypad\Eclipse_USBProject_WS\Project_USB_CrossCompile\system\include\cmsis\core_cm4.h **** 
1087:C:\Users\bahri\GitHub\VirtualKeypad\Eclipse_USBProject_WS\Project_USB_CrossCompile\system\include\cmsis\core_cm4.h **** /* TPI Formatter and Flush Status Register Definitions */
1088:C:\Users\bahri\GitHub\VirtualKeypad\Eclipse_USBProject_WS\Project_USB_CrossCompile\system\include\cmsis\core_cm4.h **** #define TPI_FFSR_FtNonStop_Pos              3U                                         /*!< TPI FFS
1089:C:\Users\bahri\GitHub\VirtualKeypad\Eclipse_USBProject_WS\Project_USB_CrossCompile\system\include\cmsis\core_cm4.h **** #define TPI_FFSR_FtNonStop_Msk             (0x1UL << TPI_FFSR_FtNonStop_Pos)           /*!< TPI FFS
1090:C:\Users\bahri\GitHub\VirtualKeypad\Eclipse_USBProject_WS\Project_USB_CrossCompile\system\include\cmsis\core_cm4.h **** 
1091:C:\Users\bahri\GitHub\VirtualKeypad\Eclipse_USBProject_WS\Project_USB_CrossCompile\system\include\cmsis\core_cm4.h **** #define TPI_FFSR_TCPresent_Pos              2U                                         /*!< TPI FFS
1092:C:\Users\bahri\GitHub\VirtualKeypad\Eclipse_USBProject_WS\Project_USB_CrossCompile\system\include\cmsis\core_cm4.h **** #define TPI_FFSR_TCPresent_Msk             (0x1UL << TPI_FFSR_TCPresent_Pos)           /*!< TPI FFS
1093:C:\Users\bahri\GitHub\VirtualKeypad\Eclipse_USBProject_WS\Project_USB_CrossCompile\system\include\cmsis\core_cm4.h **** 
1094:C:\Users\bahri\GitHub\VirtualKeypad\Eclipse_USBProject_WS\Project_USB_CrossCompile\system\include\cmsis\core_cm4.h **** #define TPI_FFSR_FtStopped_Pos              1U                                         /*!< TPI FFS
1095:C:\Users\bahri\GitHub\VirtualKeypad\Eclipse_USBProject_WS\Project_USB_CrossCompile\system\include\cmsis\core_cm4.h **** #define TPI_FFSR_FtStopped_Msk             (0x1UL << TPI_FFSR_FtStopped_Pos)           /*!< TPI FFS
1096:C:\Users\bahri\GitHub\VirtualKeypad\Eclipse_USBProject_WS\Project_USB_CrossCompile\system\include\cmsis\core_cm4.h **** 
1097:C:\Users\bahri\GitHub\VirtualKeypad\Eclipse_USBProject_WS\Project_USB_CrossCompile\system\include\cmsis\core_cm4.h **** #define TPI_FFSR_FlInProg_Pos               0U                                         /*!< TPI FFS
1098:C:\Users\bahri\GitHub\VirtualKeypad\Eclipse_USBProject_WS\Project_USB_CrossCompile\system\include\cmsis\core_cm4.h **** #define TPI_FFSR_FlInProg_Msk              (0x1UL /*<< TPI_FFSR_FlInProg_Pos*/)        /*!< TPI FFS
1099:C:\Users\bahri\GitHub\VirtualKeypad\Eclipse_USBProject_WS\Project_USB_CrossCompile\system\include\cmsis\core_cm4.h **** 
1100:C:\Users\bahri\GitHub\VirtualKeypad\Eclipse_USBProject_WS\Project_USB_CrossCompile\system\include\cmsis\core_cm4.h **** /* TPI Formatter and Flush Control Register Definitions */
1101:C:\Users\bahri\GitHub\VirtualKeypad\Eclipse_USBProject_WS\Project_USB_CrossCompile\system\include\cmsis\core_cm4.h **** #define TPI_FFCR_TrigIn_Pos                 8U                                         /*!< TPI FFC
1102:C:\Users\bahri\GitHub\VirtualKeypad\Eclipse_USBProject_WS\Project_USB_CrossCompile\system\include\cmsis\core_cm4.h **** #define TPI_FFCR_TrigIn_Msk                (0x1UL << TPI_FFCR_TrigIn_Pos)              /*!< TPI FFC
1103:C:\Users\bahri\GitHub\VirtualKeypad\Eclipse_USBProject_WS\Project_USB_CrossCompile\system\include\cmsis\core_cm4.h **** 
1104:C:\Users\bahri\GitHub\VirtualKeypad\Eclipse_USBProject_WS\Project_USB_CrossCompile\system\include\cmsis\core_cm4.h **** #define TPI_FFCR_EnFCont_Pos                1U                                         /*!< TPI FFC
1105:C:\Users\bahri\GitHub\VirtualKeypad\Eclipse_USBProject_WS\Project_USB_CrossCompile\system\include\cmsis\core_cm4.h **** #define TPI_FFCR_EnFCont_Msk               (0x1UL << TPI_FFCR_EnFCont_Pos)             /*!< TPI FFC
1106:C:\Users\bahri\GitHub\VirtualKeypad\Eclipse_USBProject_WS\Project_USB_CrossCompile\system\include\cmsis\core_cm4.h **** 
1107:C:\Users\bahri\GitHub\VirtualKeypad\Eclipse_USBProject_WS\Project_USB_CrossCompile\system\include\cmsis\core_cm4.h **** /* TPI TRIGGER Register Definitions */
1108:C:\Users\bahri\GitHub\VirtualKeypad\Eclipse_USBProject_WS\Project_USB_CrossCompile\system\include\cmsis\core_cm4.h **** #define TPI_TRIGGER_TRIGGER_Pos             0U                                         /*!< TPI TRI
1109:C:\Users\bahri\GitHub\VirtualKeypad\Eclipse_USBProject_WS\Project_USB_CrossCompile\system\include\cmsis\core_cm4.h **** #define TPI_TRIGGER_TRIGGER_Msk            (0x1UL /*<< TPI_TRIGGER_TRIGGER_Pos*/)      /*!< TPI TRI
1110:C:\Users\bahri\GitHub\VirtualKeypad\Eclipse_USBProject_WS\Project_USB_CrossCompile\system\include\cmsis\core_cm4.h **** 
1111:C:\Users\bahri\GitHub\VirtualKeypad\Eclipse_USBProject_WS\Project_USB_CrossCompile\system\include\cmsis\core_cm4.h **** /* TPI Integration ETM Data Register Definitions (FIFO0) */
1112:C:\Users\bahri\GitHub\VirtualKeypad\Eclipse_USBProject_WS\Project_USB_CrossCompile\system\include\cmsis\core_cm4.h **** #define TPI_FIFO0_ITM_ATVALID_Pos          29U                                         /*!< TPI FIF
1113:C:\Users\bahri\GitHub\VirtualKeypad\Eclipse_USBProject_WS\Project_USB_CrossCompile\system\include\cmsis\core_cm4.h **** #define TPI_FIFO0_ITM_ATVALID_Msk          (0x1UL << TPI_FIFO0_ITM_ATVALID_Pos)        /*!< TPI FIF
1114:C:\Users\bahri\GitHub\VirtualKeypad\Eclipse_USBProject_WS\Project_USB_CrossCompile\system\include\cmsis\core_cm4.h **** 
1115:C:\Users\bahri\GitHub\VirtualKeypad\Eclipse_USBProject_WS\Project_USB_CrossCompile\system\include\cmsis\core_cm4.h **** #define TPI_FIFO0_ITM_bytecount_Pos        27U                                         /*!< TPI FIF
1116:C:\Users\bahri\GitHub\VirtualKeypad\Eclipse_USBProject_WS\Project_USB_CrossCompile\system\include\cmsis\core_cm4.h **** #define TPI_FIFO0_ITM_bytecount_Msk        (0x3UL << TPI_FIFO0_ITM_bytecount_Pos)      /*!< TPI FIF
1117:C:\Users\bahri\GitHub\VirtualKeypad\Eclipse_USBProject_WS\Project_USB_CrossCompile\system\include\cmsis\core_cm4.h **** 
1118:C:\Users\bahri\GitHub\VirtualKeypad\Eclipse_USBProject_WS\Project_USB_CrossCompile\system\include\cmsis\core_cm4.h **** #define TPI_FIFO0_ETM_ATVALID_Pos          26U                                         /*!< TPI FIF
1119:C:\Users\bahri\GitHub\VirtualKeypad\Eclipse_USBProject_WS\Project_USB_CrossCompile\system\include\cmsis\core_cm4.h **** #define TPI_FIFO0_ETM_ATVALID_Msk          (0x1UL << TPI_FIFO0_ETM_ATVALID_Pos)        /*!< TPI FIF
1120:C:\Users\bahri\GitHub\VirtualKeypad\Eclipse_USBProject_WS\Project_USB_CrossCompile\system\include\cmsis\core_cm4.h **** 
1121:C:\Users\bahri\GitHub\VirtualKeypad\Eclipse_USBProject_WS\Project_USB_CrossCompile\system\include\cmsis\core_cm4.h **** #define TPI_FIFO0_ETM_bytecount_Pos        24U                                         /*!< TPI FIF
1122:C:\Users\bahri\GitHub\VirtualKeypad\Eclipse_USBProject_WS\Project_USB_CrossCompile\system\include\cmsis\core_cm4.h **** #define TPI_FIFO0_ETM_bytecount_Msk        (0x3UL << TPI_FIFO0_ETM_bytecount_Pos)      /*!< TPI FIF
1123:C:\Users\bahri\GitHub\VirtualKeypad\Eclipse_USBProject_WS\Project_USB_CrossCompile\system\include\cmsis\core_cm4.h **** 
1124:C:\Users\bahri\GitHub\VirtualKeypad\Eclipse_USBProject_WS\Project_USB_CrossCompile\system\include\cmsis\core_cm4.h **** #define TPI_FIFO0_ETM2_Pos                 16U                                         /*!< TPI FIF
1125:C:\Users\bahri\GitHub\VirtualKeypad\Eclipse_USBProject_WS\Project_USB_CrossCompile\system\include\cmsis\core_cm4.h **** #define TPI_FIFO0_ETM2_Msk                 (0xFFUL << TPI_FIFO0_ETM2_Pos)              /*!< TPI FIF
1126:C:\Users\bahri\GitHub\VirtualKeypad\Eclipse_USBProject_WS\Project_USB_CrossCompile\system\include\cmsis\core_cm4.h **** 
1127:C:\Users\bahri\GitHub\VirtualKeypad\Eclipse_USBProject_WS\Project_USB_CrossCompile\system\include\cmsis\core_cm4.h **** #define TPI_FIFO0_ETM1_Pos                  8U                                         /*!< TPI FIF
1128:C:\Users\bahri\GitHub\VirtualKeypad\Eclipse_USBProject_WS\Project_USB_CrossCompile\system\include\cmsis\core_cm4.h **** #define TPI_FIFO0_ETM1_Msk                 (0xFFUL << TPI_FIFO0_ETM1_Pos)              /*!< TPI FIF
1129:C:\Users\bahri\GitHub\VirtualKeypad\Eclipse_USBProject_WS\Project_USB_CrossCompile\system\include\cmsis\core_cm4.h **** 
1130:C:\Users\bahri\GitHub\VirtualKeypad\Eclipse_USBProject_WS\Project_USB_CrossCompile\system\include\cmsis\core_cm4.h **** #define TPI_FIFO0_ETM0_Pos                  0U                                         /*!< TPI FIF
1131:C:\Users\bahri\GitHub\VirtualKeypad\Eclipse_USBProject_WS\Project_USB_CrossCompile\system\include\cmsis\core_cm4.h **** #define TPI_FIFO0_ETM0_Msk                 (0xFFUL /*<< TPI_FIFO0_ETM0_Pos*/)          /*!< TPI FIF
1132:C:\Users\bahri\GitHub\VirtualKeypad\Eclipse_USBProject_WS\Project_USB_CrossCompile\system\include\cmsis\core_cm4.h **** 
1133:C:\Users\bahri\GitHub\VirtualKeypad\Eclipse_USBProject_WS\Project_USB_CrossCompile\system\include\cmsis\core_cm4.h **** /* TPI ITATBCTR2 Register Definitions */
1134:C:\Users\bahri\GitHub\VirtualKeypad\Eclipse_USBProject_WS\Project_USB_CrossCompile\system\include\cmsis\core_cm4.h **** #define TPI_ITATBCTR2_ATREADY2_Pos          0U                                         /*!< TPI ITA
1135:C:\Users\bahri\GitHub\VirtualKeypad\Eclipse_USBProject_WS\Project_USB_CrossCompile\system\include\cmsis\core_cm4.h **** #define TPI_ITATBCTR2_ATREADY2_Msk         (0x1UL /*<< TPI_ITATBCTR2_ATREADY2_Pos*/)   /*!< TPI ITA
1136:C:\Users\bahri\GitHub\VirtualKeypad\Eclipse_USBProject_WS\Project_USB_CrossCompile\system\include\cmsis\core_cm4.h **** 
1137:C:\Users\bahri\GitHub\VirtualKeypad\Eclipse_USBProject_WS\Project_USB_CrossCompile\system\include\cmsis\core_cm4.h **** #define TPI_ITATBCTR2_ATREADY1_Pos          0U                                         /*!< TPI ITA
1138:C:\Users\bahri\GitHub\VirtualKeypad\Eclipse_USBProject_WS\Project_USB_CrossCompile\system\include\cmsis\core_cm4.h **** #define TPI_ITATBCTR2_ATREADY1_Msk         (0x1UL /*<< TPI_ITATBCTR2_ATREADY1_Pos*/)   /*!< TPI ITA
1139:C:\Users\bahri\GitHub\VirtualKeypad\Eclipse_USBProject_WS\Project_USB_CrossCompile\system\include\cmsis\core_cm4.h **** 
1140:C:\Users\bahri\GitHub\VirtualKeypad\Eclipse_USBProject_WS\Project_USB_CrossCompile\system\include\cmsis\core_cm4.h **** /* TPI Integration ITM Data Register Definitions (FIFO1) */
1141:C:\Users\bahri\GitHub\VirtualKeypad\Eclipse_USBProject_WS\Project_USB_CrossCompile\system\include\cmsis\core_cm4.h **** #define TPI_FIFO1_ITM_ATVALID_Pos          29U                                         /*!< TPI FIF
1142:C:\Users\bahri\GitHub\VirtualKeypad\Eclipse_USBProject_WS\Project_USB_CrossCompile\system\include\cmsis\core_cm4.h **** #define TPI_FIFO1_ITM_ATVALID_Msk          (0x1UL << TPI_FIFO1_ITM_ATVALID_Pos)        /*!< TPI FIF
1143:C:\Users\bahri\GitHub\VirtualKeypad\Eclipse_USBProject_WS\Project_USB_CrossCompile\system\include\cmsis\core_cm4.h **** 
1144:C:\Users\bahri\GitHub\VirtualKeypad\Eclipse_USBProject_WS\Project_USB_CrossCompile\system\include\cmsis\core_cm4.h **** #define TPI_FIFO1_ITM_bytecount_Pos        27U                                         /*!< TPI FIF
1145:C:\Users\bahri\GitHub\VirtualKeypad\Eclipse_USBProject_WS\Project_USB_CrossCompile\system\include\cmsis\core_cm4.h **** #define TPI_FIFO1_ITM_bytecount_Msk        (0x3UL << TPI_FIFO1_ITM_bytecount_Pos)      /*!< TPI FIF
1146:C:\Users\bahri\GitHub\VirtualKeypad\Eclipse_USBProject_WS\Project_USB_CrossCompile\system\include\cmsis\core_cm4.h **** 
1147:C:\Users\bahri\GitHub\VirtualKeypad\Eclipse_USBProject_WS\Project_USB_CrossCompile\system\include\cmsis\core_cm4.h **** #define TPI_FIFO1_ETM_ATVALID_Pos          26U                                         /*!< TPI FIF
1148:C:\Users\bahri\GitHub\VirtualKeypad\Eclipse_USBProject_WS\Project_USB_CrossCompile\system\include\cmsis\core_cm4.h **** #define TPI_FIFO1_ETM_ATVALID_Msk          (0x1UL << TPI_FIFO1_ETM_ATVALID_Pos)        /*!< TPI FIF
1149:C:\Users\bahri\GitHub\VirtualKeypad\Eclipse_USBProject_WS\Project_USB_CrossCompile\system\include\cmsis\core_cm4.h **** 
1150:C:\Users\bahri\GitHub\VirtualKeypad\Eclipse_USBProject_WS\Project_USB_CrossCompile\system\include\cmsis\core_cm4.h **** #define TPI_FIFO1_ETM_bytecount_Pos        24U                                         /*!< TPI FIF
1151:C:\Users\bahri\GitHub\VirtualKeypad\Eclipse_USBProject_WS\Project_USB_CrossCompile\system\include\cmsis\core_cm4.h **** #define TPI_FIFO1_ETM_bytecount_Msk        (0x3UL << TPI_FIFO1_ETM_bytecount_Pos)      /*!< TPI FIF
1152:C:\Users\bahri\GitHub\VirtualKeypad\Eclipse_USBProject_WS\Project_USB_CrossCompile\system\include\cmsis\core_cm4.h **** 
1153:C:\Users\bahri\GitHub\VirtualKeypad\Eclipse_USBProject_WS\Project_USB_CrossCompile\system\include\cmsis\core_cm4.h **** #define TPI_FIFO1_ITM2_Pos                 16U                                         /*!< TPI FIF
1154:C:\Users\bahri\GitHub\VirtualKeypad\Eclipse_USBProject_WS\Project_USB_CrossCompile\system\include\cmsis\core_cm4.h **** #define TPI_FIFO1_ITM2_Msk                 (0xFFUL << TPI_FIFO1_ITM2_Pos)              /*!< TPI FIF
1155:C:\Users\bahri\GitHub\VirtualKeypad\Eclipse_USBProject_WS\Project_USB_CrossCompile\system\include\cmsis\core_cm4.h **** 
1156:C:\Users\bahri\GitHub\VirtualKeypad\Eclipse_USBProject_WS\Project_USB_CrossCompile\system\include\cmsis\core_cm4.h **** #define TPI_FIFO1_ITM1_Pos                  8U                                         /*!< TPI FIF
1157:C:\Users\bahri\GitHub\VirtualKeypad\Eclipse_USBProject_WS\Project_USB_CrossCompile\system\include\cmsis\core_cm4.h **** #define TPI_FIFO1_ITM1_Msk                 (0xFFUL << TPI_FIFO1_ITM1_Pos)              /*!< TPI FIF
1158:C:\Users\bahri\GitHub\VirtualKeypad\Eclipse_USBProject_WS\Project_USB_CrossCompile\system\include\cmsis\core_cm4.h **** 
1159:C:\Users\bahri\GitHub\VirtualKeypad\Eclipse_USBProject_WS\Project_USB_CrossCompile\system\include\cmsis\core_cm4.h **** #define TPI_FIFO1_ITM0_Pos                  0U                                         /*!< TPI FIF
1160:C:\Users\bahri\GitHub\VirtualKeypad\Eclipse_USBProject_WS\Project_USB_CrossCompile\system\include\cmsis\core_cm4.h **** #define TPI_FIFO1_ITM0_Msk                 (0xFFUL /*<< TPI_FIFO1_ITM0_Pos*/)          /*!< TPI FIF
1161:C:\Users\bahri\GitHub\VirtualKeypad\Eclipse_USBProject_WS\Project_USB_CrossCompile\system\include\cmsis\core_cm4.h **** 
1162:C:\Users\bahri\GitHub\VirtualKeypad\Eclipse_USBProject_WS\Project_USB_CrossCompile\system\include\cmsis\core_cm4.h **** /* TPI ITATBCTR0 Register Definitions */
1163:C:\Users\bahri\GitHub\VirtualKeypad\Eclipse_USBProject_WS\Project_USB_CrossCompile\system\include\cmsis\core_cm4.h **** #define TPI_ITATBCTR0_ATREADY2_Pos          0U                                         /*!< TPI ITA
1164:C:\Users\bahri\GitHub\VirtualKeypad\Eclipse_USBProject_WS\Project_USB_CrossCompile\system\include\cmsis\core_cm4.h **** #define TPI_ITATBCTR0_ATREADY2_Msk         (0x1UL /*<< TPI_ITATBCTR0_ATREADY2_Pos*/)   /*!< TPI ITA
1165:C:\Users\bahri\GitHub\VirtualKeypad\Eclipse_USBProject_WS\Project_USB_CrossCompile\system\include\cmsis\core_cm4.h **** 
1166:C:\Users\bahri\GitHub\VirtualKeypad\Eclipse_USBProject_WS\Project_USB_CrossCompile\system\include\cmsis\core_cm4.h **** #define TPI_ITATBCTR0_ATREADY1_Pos          0U                                         /*!< TPI ITA
1167:C:\Users\bahri\GitHub\VirtualKeypad\Eclipse_USBProject_WS\Project_USB_CrossCompile\system\include\cmsis\core_cm4.h **** #define TPI_ITATBCTR0_ATREADY1_Msk         (0x1UL /*<< TPI_ITATBCTR0_ATREADY1_Pos*/)   /*!< TPI ITA
1168:C:\Users\bahri\GitHub\VirtualKeypad\Eclipse_USBProject_WS\Project_USB_CrossCompile\system\include\cmsis\core_cm4.h **** 
1169:C:\Users\bahri\GitHub\VirtualKeypad\Eclipse_USBProject_WS\Project_USB_CrossCompile\system\include\cmsis\core_cm4.h **** /* TPI Integration Mode Control Register Definitions */
1170:C:\Users\bahri\GitHub\VirtualKeypad\Eclipse_USBProject_WS\Project_USB_CrossCompile\system\include\cmsis\core_cm4.h **** #define TPI_ITCTRL_Mode_Pos                 0U                                         /*!< TPI ITC
1171:C:\Users\bahri\GitHub\VirtualKeypad\Eclipse_USBProject_WS\Project_USB_CrossCompile\system\include\cmsis\core_cm4.h **** #define TPI_ITCTRL_Mode_Msk                (0x3UL /*<< TPI_ITCTRL_Mode_Pos*/)          /*!< TPI ITC
1172:C:\Users\bahri\GitHub\VirtualKeypad\Eclipse_USBProject_WS\Project_USB_CrossCompile\system\include\cmsis\core_cm4.h **** 
1173:C:\Users\bahri\GitHub\VirtualKeypad\Eclipse_USBProject_WS\Project_USB_CrossCompile\system\include\cmsis\core_cm4.h **** /* TPI DEVID Register Definitions */
1174:C:\Users\bahri\GitHub\VirtualKeypad\Eclipse_USBProject_WS\Project_USB_CrossCompile\system\include\cmsis\core_cm4.h **** #define TPI_DEVID_NRZVALID_Pos             11U                                         /*!< TPI DEV
1175:C:\Users\bahri\GitHub\VirtualKeypad\Eclipse_USBProject_WS\Project_USB_CrossCompile\system\include\cmsis\core_cm4.h **** #define TPI_DEVID_NRZVALID_Msk             (0x1UL << TPI_DEVID_NRZVALID_Pos)           /*!< TPI DEV
1176:C:\Users\bahri\GitHub\VirtualKeypad\Eclipse_USBProject_WS\Project_USB_CrossCompile\system\include\cmsis\core_cm4.h **** 
1177:C:\Users\bahri\GitHub\VirtualKeypad\Eclipse_USBProject_WS\Project_USB_CrossCompile\system\include\cmsis\core_cm4.h **** #define TPI_DEVID_MANCVALID_Pos            10U                                         /*!< TPI DEV
1178:C:\Users\bahri\GitHub\VirtualKeypad\Eclipse_USBProject_WS\Project_USB_CrossCompile\system\include\cmsis\core_cm4.h **** #define TPI_DEVID_MANCVALID_Msk            (0x1UL << TPI_DEVID_MANCVALID_Pos)          /*!< TPI DEV
1179:C:\Users\bahri\GitHub\VirtualKeypad\Eclipse_USBProject_WS\Project_USB_CrossCompile\system\include\cmsis\core_cm4.h **** 
1180:C:\Users\bahri\GitHub\VirtualKeypad\Eclipse_USBProject_WS\Project_USB_CrossCompile\system\include\cmsis\core_cm4.h **** #define TPI_DEVID_PTINVALID_Pos             9U                                         /*!< TPI DEV
1181:C:\Users\bahri\GitHub\VirtualKeypad\Eclipse_USBProject_WS\Project_USB_CrossCompile\system\include\cmsis\core_cm4.h **** #define TPI_DEVID_PTINVALID_Msk            (0x1UL << TPI_DEVID_PTINVALID_Pos)          /*!< TPI DEV
1182:C:\Users\bahri\GitHub\VirtualKeypad\Eclipse_USBProject_WS\Project_USB_CrossCompile\system\include\cmsis\core_cm4.h **** 
1183:C:\Users\bahri\GitHub\VirtualKeypad\Eclipse_USBProject_WS\Project_USB_CrossCompile\system\include\cmsis\core_cm4.h **** #define TPI_DEVID_MinBufSz_Pos              6U                                         /*!< TPI DEV
1184:C:\Users\bahri\GitHub\VirtualKeypad\Eclipse_USBProject_WS\Project_USB_CrossCompile\system\include\cmsis\core_cm4.h **** #define TPI_DEVID_MinBufSz_Msk             (0x7UL << TPI_DEVID_MinBufSz_Pos)           /*!< TPI DEV
1185:C:\Users\bahri\GitHub\VirtualKeypad\Eclipse_USBProject_WS\Project_USB_CrossCompile\system\include\cmsis\core_cm4.h **** 
1186:C:\Users\bahri\GitHub\VirtualKeypad\Eclipse_USBProject_WS\Project_USB_CrossCompile\system\include\cmsis\core_cm4.h **** #define TPI_DEVID_AsynClkIn_Pos             5U                                         /*!< TPI DEV
1187:C:\Users\bahri\GitHub\VirtualKeypad\Eclipse_USBProject_WS\Project_USB_CrossCompile\system\include\cmsis\core_cm4.h **** #define TPI_DEVID_AsynClkIn_Msk            (0x1UL << TPI_DEVID_AsynClkIn_Pos)          /*!< TPI DEV
1188:C:\Users\bahri\GitHub\VirtualKeypad\Eclipse_USBProject_WS\Project_USB_CrossCompile\system\include\cmsis\core_cm4.h **** 
1189:C:\Users\bahri\GitHub\VirtualKeypad\Eclipse_USBProject_WS\Project_USB_CrossCompile\system\include\cmsis\core_cm4.h **** #define TPI_DEVID_NrTraceInput_Pos          0U                                         /*!< TPI DEV
1190:C:\Users\bahri\GitHub\VirtualKeypad\Eclipse_USBProject_WS\Project_USB_CrossCompile\system\include\cmsis\core_cm4.h **** #define TPI_DEVID_NrTraceInput_Msk         (0x1FUL /*<< TPI_DEVID_NrTraceInput_Pos*/)  /*!< TPI DEV
1191:C:\Users\bahri\GitHub\VirtualKeypad\Eclipse_USBProject_WS\Project_USB_CrossCompile\system\include\cmsis\core_cm4.h **** 
1192:C:\Users\bahri\GitHub\VirtualKeypad\Eclipse_USBProject_WS\Project_USB_CrossCompile\system\include\cmsis\core_cm4.h **** /* TPI DEVTYPE Register Definitions */
1193:C:\Users\bahri\GitHub\VirtualKeypad\Eclipse_USBProject_WS\Project_USB_CrossCompile\system\include\cmsis\core_cm4.h **** #define TPI_DEVTYPE_SubType_Pos             4U                                         /*!< TPI DEV
1194:C:\Users\bahri\GitHub\VirtualKeypad\Eclipse_USBProject_WS\Project_USB_CrossCompile\system\include\cmsis\core_cm4.h **** #define TPI_DEVTYPE_SubType_Msk            (0xFUL /*<< TPI_DEVTYPE_SubType_Pos*/)      /*!< TPI DEV
1195:C:\Users\bahri\GitHub\VirtualKeypad\Eclipse_USBProject_WS\Project_USB_CrossCompile\system\include\cmsis\core_cm4.h **** 
1196:C:\Users\bahri\GitHub\VirtualKeypad\Eclipse_USBProject_WS\Project_USB_CrossCompile\system\include\cmsis\core_cm4.h **** #define TPI_DEVTYPE_MajorType_Pos           0U                                         /*!< TPI DEV
1197:C:\Users\bahri\GitHub\VirtualKeypad\Eclipse_USBProject_WS\Project_USB_CrossCompile\system\include\cmsis\core_cm4.h **** #define TPI_DEVTYPE_MajorType_Msk          (0xFUL << TPI_DEVTYPE_MajorType_Pos)        /*!< TPI DEV
1198:C:\Users\bahri\GitHub\VirtualKeypad\Eclipse_USBProject_WS\Project_USB_CrossCompile\system\include\cmsis\core_cm4.h **** 
1199:C:\Users\bahri\GitHub\VirtualKeypad\Eclipse_USBProject_WS\Project_USB_CrossCompile\system\include\cmsis\core_cm4.h **** /*@}*/ /* end of group CMSIS_TPI */
1200:C:\Users\bahri\GitHub\VirtualKeypad\Eclipse_USBProject_WS\Project_USB_CrossCompile\system\include\cmsis\core_cm4.h **** 
1201:C:\Users\bahri\GitHub\VirtualKeypad\Eclipse_USBProject_WS\Project_USB_CrossCompile\system\include\cmsis\core_cm4.h **** 
1202:C:\Users\bahri\GitHub\VirtualKeypad\Eclipse_USBProject_WS\Project_USB_CrossCompile\system\include\cmsis\core_cm4.h **** #if defined (__MPU_PRESENT) && (__MPU_PRESENT == 1U)
1203:C:\Users\bahri\GitHub\VirtualKeypad\Eclipse_USBProject_WS\Project_USB_CrossCompile\system\include\cmsis\core_cm4.h **** /**
1204:C:\Users\bahri\GitHub\VirtualKeypad\Eclipse_USBProject_WS\Project_USB_CrossCompile\system\include\cmsis\core_cm4.h ****   \ingroup  CMSIS_core_register
1205:C:\Users\bahri\GitHub\VirtualKeypad\Eclipse_USBProject_WS\Project_USB_CrossCompile\system\include\cmsis\core_cm4.h ****   \defgroup CMSIS_MPU     Memory Protection Unit (MPU)
1206:C:\Users\bahri\GitHub\VirtualKeypad\Eclipse_USBProject_WS\Project_USB_CrossCompile\system\include\cmsis\core_cm4.h ****   \brief    Type definitions for the Memory Protection Unit (MPU)
1207:C:\Users\bahri\GitHub\VirtualKeypad\Eclipse_USBProject_WS\Project_USB_CrossCompile\system\include\cmsis\core_cm4.h ****   @{
1208:C:\Users\bahri\GitHub\VirtualKeypad\Eclipse_USBProject_WS\Project_USB_CrossCompile\system\include\cmsis\core_cm4.h ****  */
1209:C:\Users\bahri\GitHub\VirtualKeypad\Eclipse_USBProject_WS\Project_USB_CrossCompile\system\include\cmsis\core_cm4.h **** 
1210:C:\Users\bahri\GitHub\VirtualKeypad\Eclipse_USBProject_WS\Project_USB_CrossCompile\system\include\cmsis\core_cm4.h **** /**
1211:C:\Users\bahri\GitHub\VirtualKeypad\Eclipse_USBProject_WS\Project_USB_CrossCompile\system\include\cmsis\core_cm4.h ****   \brief  Structure type to access the Memory Protection Unit (MPU).
1212:C:\Users\bahri\GitHub\VirtualKeypad\Eclipse_USBProject_WS\Project_USB_CrossCompile\system\include\cmsis\core_cm4.h ****  */
1213:C:\Users\bahri\GitHub\VirtualKeypad\Eclipse_USBProject_WS\Project_USB_CrossCompile\system\include\cmsis\core_cm4.h **** typedef struct
1214:C:\Users\bahri\GitHub\VirtualKeypad\Eclipse_USBProject_WS\Project_USB_CrossCompile\system\include\cmsis\core_cm4.h **** {
1215:C:\Users\bahri\GitHub\VirtualKeypad\Eclipse_USBProject_WS\Project_USB_CrossCompile\system\include\cmsis\core_cm4.h ****   __IM  uint32_t TYPE;                   /*!< Offset: 0x000 (R/ )  MPU Type Register */
1216:C:\Users\bahri\GitHub\VirtualKeypad\Eclipse_USBProject_WS\Project_USB_CrossCompile\system\include\cmsis\core_cm4.h ****   __IOM uint32_t CTRL;                   /*!< Offset: 0x004 (R/W)  MPU Control Register */
1217:C:\Users\bahri\GitHub\VirtualKeypad\Eclipse_USBProject_WS\Project_USB_CrossCompile\system\include\cmsis\core_cm4.h ****   __IOM uint32_t RNR;                    /*!< Offset: 0x008 (R/W)  MPU Region RNRber Register */
1218:C:\Users\bahri\GitHub\VirtualKeypad\Eclipse_USBProject_WS\Project_USB_CrossCompile\system\include\cmsis\core_cm4.h ****   __IOM uint32_t RBAR;                   /*!< Offset: 0x00C (R/W)  MPU Region Base Address Register
1219:C:\Users\bahri\GitHub\VirtualKeypad\Eclipse_USBProject_WS\Project_USB_CrossCompile\system\include\cmsis\core_cm4.h ****   __IOM uint32_t RASR;                   /*!< Offset: 0x010 (R/W)  MPU Region Attribute and Size Re
1220:C:\Users\bahri\GitHub\VirtualKeypad\Eclipse_USBProject_WS\Project_USB_CrossCompile\system\include\cmsis\core_cm4.h ****   __IOM uint32_t RBAR_A1;                /*!< Offset: 0x014 (R/W)  MPU Alias 1 Region Base Address 
1221:C:\Users\bahri\GitHub\VirtualKeypad\Eclipse_USBProject_WS\Project_USB_CrossCompile\system\include\cmsis\core_cm4.h ****   __IOM uint32_t RASR_A1;                /*!< Offset: 0x018 (R/W)  MPU Alias 1 Region Attribute and
1222:C:\Users\bahri\GitHub\VirtualKeypad\Eclipse_USBProject_WS\Project_USB_CrossCompile\system\include\cmsis\core_cm4.h ****   __IOM uint32_t RBAR_A2;                /*!< Offset: 0x01C (R/W)  MPU Alias 2 Region Base Address 
1223:C:\Users\bahri\GitHub\VirtualKeypad\Eclipse_USBProject_WS\Project_USB_CrossCompile\system\include\cmsis\core_cm4.h ****   __IOM uint32_t RASR_A2;                /*!< Offset: 0x020 (R/W)  MPU Alias 2 Region Attribute and
1224:C:\Users\bahri\GitHub\VirtualKeypad\Eclipse_USBProject_WS\Project_USB_CrossCompile\system\include\cmsis\core_cm4.h ****   __IOM uint32_t RBAR_A3;                /*!< Offset: 0x024 (R/W)  MPU Alias 3 Region Base Address 
1225:C:\Users\bahri\GitHub\VirtualKeypad\Eclipse_USBProject_WS\Project_USB_CrossCompile\system\include\cmsis\core_cm4.h ****   __IOM uint32_t RASR_A3;                /*!< Offset: 0x028 (R/W)  MPU Alias 3 Region Attribute and
1226:C:\Users\bahri\GitHub\VirtualKeypad\Eclipse_USBProject_WS\Project_USB_CrossCompile\system\include\cmsis\core_cm4.h **** } MPU_Type;
1227:C:\Users\bahri\GitHub\VirtualKeypad\Eclipse_USBProject_WS\Project_USB_CrossCompile\system\include\cmsis\core_cm4.h **** 
1228:C:\Users\bahri\GitHub\VirtualKeypad\Eclipse_USBProject_WS\Project_USB_CrossCompile\system\include\cmsis\core_cm4.h **** #define MPU_TYPE_RALIASES                  4U
1229:C:\Users\bahri\GitHub\VirtualKeypad\Eclipse_USBProject_WS\Project_USB_CrossCompile\system\include\cmsis\core_cm4.h **** 
1230:C:\Users\bahri\GitHub\VirtualKeypad\Eclipse_USBProject_WS\Project_USB_CrossCompile\system\include\cmsis\core_cm4.h **** /* MPU Type Register Definitions */
1231:C:\Users\bahri\GitHub\VirtualKeypad\Eclipse_USBProject_WS\Project_USB_CrossCompile\system\include\cmsis\core_cm4.h **** #define MPU_TYPE_IREGION_Pos               16U                                            /*!< MPU 
1232:C:\Users\bahri\GitHub\VirtualKeypad\Eclipse_USBProject_WS\Project_USB_CrossCompile\system\include\cmsis\core_cm4.h **** #define MPU_TYPE_IREGION_Msk               (0xFFUL << MPU_TYPE_IREGION_Pos)               /*!< MPU 
1233:C:\Users\bahri\GitHub\VirtualKeypad\Eclipse_USBProject_WS\Project_USB_CrossCompile\system\include\cmsis\core_cm4.h **** 
1234:C:\Users\bahri\GitHub\VirtualKeypad\Eclipse_USBProject_WS\Project_USB_CrossCompile\system\include\cmsis\core_cm4.h **** #define MPU_TYPE_DREGION_Pos                8U                                            /*!< MPU 
1235:C:\Users\bahri\GitHub\VirtualKeypad\Eclipse_USBProject_WS\Project_USB_CrossCompile\system\include\cmsis\core_cm4.h **** #define MPU_TYPE_DREGION_Msk               (0xFFUL << MPU_TYPE_DREGION_Pos)               /*!< MPU 
1236:C:\Users\bahri\GitHub\VirtualKeypad\Eclipse_USBProject_WS\Project_USB_CrossCompile\system\include\cmsis\core_cm4.h **** 
1237:C:\Users\bahri\GitHub\VirtualKeypad\Eclipse_USBProject_WS\Project_USB_CrossCompile\system\include\cmsis\core_cm4.h **** #define MPU_TYPE_SEPARATE_Pos               0U                                            /*!< MPU 
1238:C:\Users\bahri\GitHub\VirtualKeypad\Eclipse_USBProject_WS\Project_USB_CrossCompile\system\include\cmsis\core_cm4.h **** #define MPU_TYPE_SEPARATE_Msk              (1UL /*<< MPU_TYPE_SEPARATE_Pos*/)             /*!< MPU 
1239:C:\Users\bahri\GitHub\VirtualKeypad\Eclipse_USBProject_WS\Project_USB_CrossCompile\system\include\cmsis\core_cm4.h **** 
1240:C:\Users\bahri\GitHub\VirtualKeypad\Eclipse_USBProject_WS\Project_USB_CrossCompile\system\include\cmsis\core_cm4.h **** /* MPU Control Register Definitions */
1241:C:\Users\bahri\GitHub\VirtualKeypad\Eclipse_USBProject_WS\Project_USB_CrossCompile\system\include\cmsis\core_cm4.h **** #define MPU_CTRL_PRIVDEFENA_Pos             2U                                            /*!< MPU 
1242:C:\Users\bahri\GitHub\VirtualKeypad\Eclipse_USBProject_WS\Project_USB_CrossCompile\system\include\cmsis\core_cm4.h **** #define MPU_CTRL_PRIVDEFENA_Msk            (1UL << MPU_CTRL_PRIVDEFENA_Pos)               /*!< MPU 
1243:C:\Users\bahri\GitHub\VirtualKeypad\Eclipse_USBProject_WS\Project_USB_CrossCompile\system\include\cmsis\core_cm4.h **** 
1244:C:\Users\bahri\GitHub\VirtualKeypad\Eclipse_USBProject_WS\Project_USB_CrossCompile\system\include\cmsis\core_cm4.h **** #define MPU_CTRL_HFNMIENA_Pos               1U                                            /*!< MPU 
1245:C:\Users\bahri\GitHub\VirtualKeypad\Eclipse_USBProject_WS\Project_USB_CrossCompile\system\include\cmsis\core_cm4.h **** #define MPU_CTRL_HFNMIENA_Msk              (1UL << MPU_CTRL_HFNMIENA_Pos)                 /*!< MPU 
1246:C:\Users\bahri\GitHub\VirtualKeypad\Eclipse_USBProject_WS\Project_USB_CrossCompile\system\include\cmsis\core_cm4.h **** 
1247:C:\Users\bahri\GitHub\VirtualKeypad\Eclipse_USBProject_WS\Project_USB_CrossCompile\system\include\cmsis\core_cm4.h **** #define MPU_CTRL_ENABLE_Pos                 0U                                            /*!< MPU 
1248:C:\Users\bahri\GitHub\VirtualKeypad\Eclipse_USBProject_WS\Project_USB_CrossCompile\system\include\cmsis\core_cm4.h **** #define MPU_CTRL_ENABLE_Msk                (1UL /*<< MPU_CTRL_ENABLE_Pos*/)               /*!< MPU 
1249:C:\Users\bahri\GitHub\VirtualKeypad\Eclipse_USBProject_WS\Project_USB_CrossCompile\system\include\cmsis\core_cm4.h **** 
1250:C:\Users\bahri\GitHub\VirtualKeypad\Eclipse_USBProject_WS\Project_USB_CrossCompile\system\include\cmsis\core_cm4.h **** /* MPU Region Number Register Definitions */
1251:C:\Users\bahri\GitHub\VirtualKeypad\Eclipse_USBProject_WS\Project_USB_CrossCompile\system\include\cmsis\core_cm4.h **** #define MPU_RNR_REGION_Pos                  0U                                            /*!< MPU 
1252:C:\Users\bahri\GitHub\VirtualKeypad\Eclipse_USBProject_WS\Project_USB_CrossCompile\system\include\cmsis\core_cm4.h **** #define MPU_RNR_REGION_Msk                 (0xFFUL /*<< MPU_RNR_REGION_Pos*/)             /*!< MPU 
1253:C:\Users\bahri\GitHub\VirtualKeypad\Eclipse_USBProject_WS\Project_USB_CrossCompile\system\include\cmsis\core_cm4.h **** 
1254:C:\Users\bahri\GitHub\VirtualKeypad\Eclipse_USBProject_WS\Project_USB_CrossCompile\system\include\cmsis\core_cm4.h **** /* MPU Region Base Address Register Definitions */
1255:C:\Users\bahri\GitHub\VirtualKeypad\Eclipse_USBProject_WS\Project_USB_CrossCompile\system\include\cmsis\core_cm4.h **** #define MPU_RBAR_ADDR_Pos                   5U                                            /*!< MPU 
1256:C:\Users\bahri\GitHub\VirtualKeypad\Eclipse_USBProject_WS\Project_USB_CrossCompile\system\include\cmsis\core_cm4.h **** #define MPU_RBAR_ADDR_Msk                  (0x7FFFFFFUL << MPU_RBAR_ADDR_Pos)             /*!< MPU 
1257:C:\Users\bahri\GitHub\VirtualKeypad\Eclipse_USBProject_WS\Project_USB_CrossCompile\system\include\cmsis\core_cm4.h **** 
1258:C:\Users\bahri\GitHub\VirtualKeypad\Eclipse_USBProject_WS\Project_USB_CrossCompile\system\include\cmsis\core_cm4.h **** #define MPU_RBAR_VALID_Pos                  4U                                            /*!< MPU 
1259:C:\Users\bahri\GitHub\VirtualKeypad\Eclipse_USBProject_WS\Project_USB_CrossCompile\system\include\cmsis\core_cm4.h **** #define MPU_RBAR_VALID_Msk                 (1UL << MPU_RBAR_VALID_Pos)                    /*!< MPU 
1260:C:\Users\bahri\GitHub\VirtualKeypad\Eclipse_USBProject_WS\Project_USB_CrossCompile\system\include\cmsis\core_cm4.h **** 
1261:C:\Users\bahri\GitHub\VirtualKeypad\Eclipse_USBProject_WS\Project_USB_CrossCompile\system\include\cmsis\core_cm4.h **** #define MPU_RBAR_REGION_Pos                 0U                                            /*!< MPU 
1262:C:\Users\bahri\GitHub\VirtualKeypad\Eclipse_USBProject_WS\Project_USB_CrossCompile\system\include\cmsis\core_cm4.h **** #define MPU_RBAR_REGION_Msk                (0xFUL /*<< MPU_RBAR_REGION_Pos*/)             /*!< MPU 
1263:C:\Users\bahri\GitHub\VirtualKeypad\Eclipse_USBProject_WS\Project_USB_CrossCompile\system\include\cmsis\core_cm4.h **** 
1264:C:\Users\bahri\GitHub\VirtualKeypad\Eclipse_USBProject_WS\Project_USB_CrossCompile\system\include\cmsis\core_cm4.h **** /* MPU Region Attribute and Size Register Definitions */
1265:C:\Users\bahri\GitHub\VirtualKeypad\Eclipse_USBProject_WS\Project_USB_CrossCompile\system\include\cmsis\core_cm4.h **** #define MPU_RASR_ATTRS_Pos                 16U                                            /*!< MPU 
1266:C:\Users\bahri\GitHub\VirtualKeypad\Eclipse_USBProject_WS\Project_USB_CrossCompile\system\include\cmsis\core_cm4.h **** #define MPU_RASR_ATTRS_Msk                 (0xFFFFUL << MPU_RASR_ATTRS_Pos)               /*!< MPU 
1267:C:\Users\bahri\GitHub\VirtualKeypad\Eclipse_USBProject_WS\Project_USB_CrossCompile\system\include\cmsis\core_cm4.h **** 
1268:C:\Users\bahri\GitHub\VirtualKeypad\Eclipse_USBProject_WS\Project_USB_CrossCompile\system\include\cmsis\core_cm4.h **** #define MPU_RASR_XN_Pos                    28U                                            /*!< MPU 
1269:C:\Users\bahri\GitHub\VirtualKeypad\Eclipse_USBProject_WS\Project_USB_CrossCompile\system\include\cmsis\core_cm4.h **** #define MPU_RASR_XN_Msk                    (1UL << MPU_RASR_XN_Pos)                       /*!< MPU 
1270:C:\Users\bahri\GitHub\VirtualKeypad\Eclipse_USBProject_WS\Project_USB_CrossCompile\system\include\cmsis\core_cm4.h **** 
1271:C:\Users\bahri\GitHub\VirtualKeypad\Eclipse_USBProject_WS\Project_USB_CrossCompile\system\include\cmsis\core_cm4.h **** #define MPU_RASR_AP_Pos                    24U                                            /*!< MPU 
1272:C:\Users\bahri\GitHub\VirtualKeypad\Eclipse_USBProject_WS\Project_USB_CrossCompile\system\include\cmsis\core_cm4.h **** #define MPU_RASR_AP_Msk                    (0x7UL << MPU_RASR_AP_Pos)                     /*!< MPU 
1273:C:\Users\bahri\GitHub\VirtualKeypad\Eclipse_USBProject_WS\Project_USB_CrossCompile\system\include\cmsis\core_cm4.h **** 
1274:C:\Users\bahri\GitHub\VirtualKeypad\Eclipse_USBProject_WS\Project_USB_CrossCompile\system\include\cmsis\core_cm4.h **** #define MPU_RASR_TEX_Pos                   19U                                            /*!< MPU 
1275:C:\Users\bahri\GitHub\VirtualKeypad\Eclipse_USBProject_WS\Project_USB_CrossCompile\system\include\cmsis\core_cm4.h **** #define MPU_RASR_TEX_Msk                   (0x7UL << MPU_RASR_TEX_Pos)                    /*!< MPU 
1276:C:\Users\bahri\GitHub\VirtualKeypad\Eclipse_USBProject_WS\Project_USB_CrossCompile\system\include\cmsis\core_cm4.h **** 
1277:C:\Users\bahri\GitHub\VirtualKeypad\Eclipse_USBProject_WS\Project_USB_CrossCompile\system\include\cmsis\core_cm4.h **** #define MPU_RASR_S_Pos                     18U                                            /*!< MPU 
1278:C:\Users\bahri\GitHub\VirtualKeypad\Eclipse_USBProject_WS\Project_USB_CrossCompile\system\include\cmsis\core_cm4.h **** #define MPU_RASR_S_Msk                     (1UL << MPU_RASR_S_Pos)                        /*!< MPU 
1279:C:\Users\bahri\GitHub\VirtualKeypad\Eclipse_USBProject_WS\Project_USB_CrossCompile\system\include\cmsis\core_cm4.h **** 
1280:C:\Users\bahri\GitHub\VirtualKeypad\Eclipse_USBProject_WS\Project_USB_CrossCompile\system\include\cmsis\core_cm4.h **** #define MPU_RASR_C_Pos                     17U                                            /*!< MPU 
1281:C:\Users\bahri\GitHub\VirtualKeypad\Eclipse_USBProject_WS\Project_USB_CrossCompile\system\include\cmsis\core_cm4.h **** #define MPU_RASR_C_Msk                     (1UL << MPU_RASR_C_Pos)                        /*!< MPU 
1282:C:\Users\bahri\GitHub\VirtualKeypad\Eclipse_USBProject_WS\Project_USB_CrossCompile\system\include\cmsis\core_cm4.h **** 
1283:C:\Users\bahri\GitHub\VirtualKeypad\Eclipse_USBProject_WS\Project_USB_CrossCompile\system\include\cmsis\core_cm4.h **** #define MPU_RASR_B_Pos                     16U                                            /*!< MPU 
1284:C:\Users\bahri\GitHub\VirtualKeypad\Eclipse_USBProject_WS\Project_USB_CrossCompile\system\include\cmsis\core_cm4.h **** #define MPU_RASR_B_Msk                     (1UL << MPU_RASR_B_Pos)                        /*!< MPU 
1285:C:\Users\bahri\GitHub\VirtualKeypad\Eclipse_USBProject_WS\Project_USB_CrossCompile\system\include\cmsis\core_cm4.h **** 
1286:C:\Users\bahri\GitHub\VirtualKeypad\Eclipse_USBProject_WS\Project_USB_CrossCompile\system\include\cmsis\core_cm4.h **** #define MPU_RASR_SRD_Pos                    8U                                            /*!< MPU 
1287:C:\Users\bahri\GitHub\VirtualKeypad\Eclipse_USBProject_WS\Project_USB_CrossCompile\system\include\cmsis\core_cm4.h **** #define MPU_RASR_SRD_Msk                   (0xFFUL << MPU_RASR_SRD_Pos)                   /*!< MPU 
1288:C:\Users\bahri\GitHub\VirtualKeypad\Eclipse_USBProject_WS\Project_USB_CrossCompile\system\include\cmsis\core_cm4.h **** 
1289:C:\Users\bahri\GitHub\VirtualKeypad\Eclipse_USBProject_WS\Project_USB_CrossCompile\system\include\cmsis\core_cm4.h **** #define MPU_RASR_SIZE_Pos                   1U                                            /*!< MPU 
1290:C:\Users\bahri\GitHub\VirtualKeypad\Eclipse_USBProject_WS\Project_USB_CrossCompile\system\include\cmsis\core_cm4.h **** #define MPU_RASR_SIZE_Msk                  (0x1FUL << MPU_RASR_SIZE_Pos)                  /*!< MPU 
1291:C:\Users\bahri\GitHub\VirtualKeypad\Eclipse_USBProject_WS\Project_USB_CrossCompile\system\include\cmsis\core_cm4.h **** 
1292:C:\Users\bahri\GitHub\VirtualKeypad\Eclipse_USBProject_WS\Project_USB_CrossCompile\system\include\cmsis\core_cm4.h **** #define MPU_RASR_ENABLE_Pos                 0U                                            /*!< MPU 
1293:C:\Users\bahri\GitHub\VirtualKeypad\Eclipse_USBProject_WS\Project_USB_CrossCompile\system\include\cmsis\core_cm4.h **** #define MPU_RASR_ENABLE_Msk                (1UL /*<< MPU_RASR_ENABLE_Pos*/)               /*!< MPU 
1294:C:\Users\bahri\GitHub\VirtualKeypad\Eclipse_USBProject_WS\Project_USB_CrossCompile\system\include\cmsis\core_cm4.h **** 
1295:C:\Users\bahri\GitHub\VirtualKeypad\Eclipse_USBProject_WS\Project_USB_CrossCompile\system\include\cmsis\core_cm4.h **** /*@} end of group CMSIS_MPU */
1296:C:\Users\bahri\GitHub\VirtualKeypad\Eclipse_USBProject_WS\Project_USB_CrossCompile\system\include\cmsis\core_cm4.h **** #endif /* defined (__MPU_PRESENT) && (__MPU_PRESENT == 1U) */
1297:C:\Users\bahri\GitHub\VirtualKeypad\Eclipse_USBProject_WS\Project_USB_CrossCompile\system\include\cmsis\core_cm4.h **** 
1298:C:\Users\bahri\GitHub\VirtualKeypad\Eclipse_USBProject_WS\Project_USB_CrossCompile\system\include\cmsis\core_cm4.h **** 
1299:C:\Users\bahri\GitHub\VirtualKeypad\Eclipse_USBProject_WS\Project_USB_CrossCompile\system\include\cmsis\core_cm4.h **** /**
1300:C:\Users\bahri\GitHub\VirtualKeypad\Eclipse_USBProject_WS\Project_USB_CrossCompile\system\include\cmsis\core_cm4.h ****   \ingroup  CMSIS_core_register
1301:C:\Users\bahri\GitHub\VirtualKeypad\Eclipse_USBProject_WS\Project_USB_CrossCompile\system\include\cmsis\core_cm4.h ****   \defgroup CMSIS_FPU     Floating Point Unit (FPU)
1302:C:\Users\bahri\GitHub\VirtualKeypad\Eclipse_USBProject_WS\Project_USB_CrossCompile\system\include\cmsis\core_cm4.h ****   \brief    Type definitions for the Floating Point Unit (FPU)
1303:C:\Users\bahri\GitHub\VirtualKeypad\Eclipse_USBProject_WS\Project_USB_CrossCompile\system\include\cmsis\core_cm4.h ****   @{
1304:C:\Users\bahri\GitHub\VirtualKeypad\Eclipse_USBProject_WS\Project_USB_CrossCompile\system\include\cmsis\core_cm4.h ****  */
1305:C:\Users\bahri\GitHub\VirtualKeypad\Eclipse_USBProject_WS\Project_USB_CrossCompile\system\include\cmsis\core_cm4.h **** 
1306:C:\Users\bahri\GitHub\VirtualKeypad\Eclipse_USBProject_WS\Project_USB_CrossCompile\system\include\cmsis\core_cm4.h **** /**
1307:C:\Users\bahri\GitHub\VirtualKeypad\Eclipse_USBProject_WS\Project_USB_CrossCompile\system\include\cmsis\core_cm4.h ****   \brief  Structure type to access the Floating Point Unit (FPU).
1308:C:\Users\bahri\GitHub\VirtualKeypad\Eclipse_USBProject_WS\Project_USB_CrossCompile\system\include\cmsis\core_cm4.h ****  */
1309:C:\Users\bahri\GitHub\VirtualKeypad\Eclipse_USBProject_WS\Project_USB_CrossCompile\system\include\cmsis\core_cm4.h **** typedef struct
1310:C:\Users\bahri\GitHub\VirtualKeypad\Eclipse_USBProject_WS\Project_USB_CrossCompile\system\include\cmsis\core_cm4.h **** {
1311:C:\Users\bahri\GitHub\VirtualKeypad\Eclipse_USBProject_WS\Project_USB_CrossCompile\system\include\cmsis\core_cm4.h ****         uint32_t RESERVED0[1U];
1312:C:\Users\bahri\GitHub\VirtualKeypad\Eclipse_USBProject_WS\Project_USB_CrossCompile\system\include\cmsis\core_cm4.h ****   __IOM uint32_t FPCCR;                  /*!< Offset: 0x004 (R/W)  Floating-Point Context Control R
1313:C:\Users\bahri\GitHub\VirtualKeypad\Eclipse_USBProject_WS\Project_USB_CrossCompile\system\include\cmsis\core_cm4.h ****   __IOM uint32_t FPCAR;                  /*!< Offset: 0x008 (R/W)  Floating-Point Context Address R
1314:C:\Users\bahri\GitHub\VirtualKeypad\Eclipse_USBProject_WS\Project_USB_CrossCompile\system\include\cmsis\core_cm4.h ****   __IOM uint32_t FPDSCR;                 /*!< Offset: 0x00C (R/W)  Floating-Point Default Status Co
1315:C:\Users\bahri\GitHub\VirtualKeypad\Eclipse_USBProject_WS\Project_USB_CrossCompile\system\include\cmsis\core_cm4.h ****   __IM  uint32_t MVFR0;                  /*!< Offset: 0x010 (R/ )  Media and FP Feature Register 0 
1316:C:\Users\bahri\GitHub\VirtualKeypad\Eclipse_USBProject_WS\Project_USB_CrossCompile\system\include\cmsis\core_cm4.h ****   __IM  uint32_t MVFR1;                  /*!< Offset: 0x014 (R/ )  Media and FP Feature Register 1 
1317:C:\Users\bahri\GitHub\VirtualKeypad\Eclipse_USBProject_WS\Project_USB_CrossCompile\system\include\cmsis\core_cm4.h ****   __IM  uint32_t MVFR2;                  /*!< Offset: 0x018 (R/ )  Media and FP Feature Register 2 
1318:C:\Users\bahri\GitHub\VirtualKeypad\Eclipse_USBProject_WS\Project_USB_CrossCompile\system\include\cmsis\core_cm4.h **** } FPU_Type;
1319:C:\Users\bahri\GitHub\VirtualKeypad\Eclipse_USBProject_WS\Project_USB_CrossCompile\system\include\cmsis\core_cm4.h **** 
1320:C:\Users\bahri\GitHub\VirtualKeypad\Eclipse_USBProject_WS\Project_USB_CrossCompile\system\include\cmsis\core_cm4.h **** /* Floating-Point Context Control Register Definitions */
1321:C:\Users\bahri\GitHub\VirtualKeypad\Eclipse_USBProject_WS\Project_USB_CrossCompile\system\include\cmsis\core_cm4.h **** #define FPU_FPCCR_ASPEN_Pos                31U                                            /*!< FPCC
1322:C:\Users\bahri\GitHub\VirtualKeypad\Eclipse_USBProject_WS\Project_USB_CrossCompile\system\include\cmsis\core_cm4.h **** #define FPU_FPCCR_ASPEN_Msk                (1UL << FPU_FPCCR_ASPEN_Pos)                   /*!< FPCC
1323:C:\Users\bahri\GitHub\VirtualKeypad\Eclipse_USBProject_WS\Project_USB_CrossCompile\system\include\cmsis\core_cm4.h **** 
1324:C:\Users\bahri\GitHub\VirtualKeypad\Eclipse_USBProject_WS\Project_USB_CrossCompile\system\include\cmsis\core_cm4.h **** #define FPU_FPCCR_LSPEN_Pos                30U                                            /*!< FPCC
1325:C:\Users\bahri\GitHub\VirtualKeypad\Eclipse_USBProject_WS\Project_USB_CrossCompile\system\include\cmsis\core_cm4.h **** #define FPU_FPCCR_LSPEN_Msk                (1UL << FPU_FPCCR_LSPEN_Pos)                   /*!< FPCC
1326:C:\Users\bahri\GitHub\VirtualKeypad\Eclipse_USBProject_WS\Project_USB_CrossCompile\system\include\cmsis\core_cm4.h **** 
1327:C:\Users\bahri\GitHub\VirtualKeypad\Eclipse_USBProject_WS\Project_USB_CrossCompile\system\include\cmsis\core_cm4.h **** #define FPU_FPCCR_MONRDY_Pos                8U                                            /*!< FPCC
1328:C:\Users\bahri\GitHub\VirtualKeypad\Eclipse_USBProject_WS\Project_USB_CrossCompile\system\include\cmsis\core_cm4.h **** #define FPU_FPCCR_MONRDY_Msk               (1UL << FPU_FPCCR_MONRDY_Pos)                  /*!< FPCC
1329:C:\Users\bahri\GitHub\VirtualKeypad\Eclipse_USBProject_WS\Project_USB_CrossCompile\system\include\cmsis\core_cm4.h **** 
1330:C:\Users\bahri\GitHub\VirtualKeypad\Eclipse_USBProject_WS\Project_USB_CrossCompile\system\include\cmsis\core_cm4.h **** #define FPU_FPCCR_BFRDY_Pos                 6U                                            /*!< FPCC
1331:C:\Users\bahri\GitHub\VirtualKeypad\Eclipse_USBProject_WS\Project_USB_CrossCompile\system\include\cmsis\core_cm4.h **** #define FPU_FPCCR_BFRDY_Msk                (1UL << FPU_FPCCR_BFRDY_Pos)                   /*!< FPCC
1332:C:\Users\bahri\GitHub\VirtualKeypad\Eclipse_USBProject_WS\Project_USB_CrossCompile\system\include\cmsis\core_cm4.h **** 
1333:C:\Users\bahri\GitHub\VirtualKeypad\Eclipse_USBProject_WS\Project_USB_CrossCompile\system\include\cmsis\core_cm4.h **** #define FPU_FPCCR_MMRDY_Pos                 5U                                            /*!< FPCC
1334:C:\Users\bahri\GitHub\VirtualKeypad\Eclipse_USBProject_WS\Project_USB_CrossCompile\system\include\cmsis\core_cm4.h **** #define FPU_FPCCR_MMRDY_Msk                (1UL << FPU_FPCCR_MMRDY_Pos)                   /*!< FPCC
1335:C:\Users\bahri\GitHub\VirtualKeypad\Eclipse_USBProject_WS\Project_USB_CrossCompile\system\include\cmsis\core_cm4.h **** 
1336:C:\Users\bahri\GitHub\VirtualKeypad\Eclipse_USBProject_WS\Project_USB_CrossCompile\system\include\cmsis\core_cm4.h **** #define FPU_FPCCR_HFRDY_Pos                 4U                                            /*!< FPCC
1337:C:\Users\bahri\GitHub\VirtualKeypad\Eclipse_USBProject_WS\Project_USB_CrossCompile\system\include\cmsis\core_cm4.h **** #define FPU_FPCCR_HFRDY_Msk                (1UL << FPU_FPCCR_HFRDY_Pos)                   /*!< FPCC
1338:C:\Users\bahri\GitHub\VirtualKeypad\Eclipse_USBProject_WS\Project_USB_CrossCompile\system\include\cmsis\core_cm4.h **** 
1339:C:\Users\bahri\GitHub\VirtualKeypad\Eclipse_USBProject_WS\Project_USB_CrossCompile\system\include\cmsis\core_cm4.h **** #define FPU_FPCCR_THREAD_Pos                3U                                            /*!< FPCC
1340:C:\Users\bahri\GitHub\VirtualKeypad\Eclipse_USBProject_WS\Project_USB_CrossCompile\system\include\cmsis\core_cm4.h **** #define FPU_FPCCR_THREAD_Msk               (1UL << FPU_FPCCR_THREAD_Pos)                  /*!< FPCC
1341:C:\Users\bahri\GitHub\VirtualKeypad\Eclipse_USBProject_WS\Project_USB_CrossCompile\system\include\cmsis\core_cm4.h **** 
1342:C:\Users\bahri\GitHub\VirtualKeypad\Eclipse_USBProject_WS\Project_USB_CrossCompile\system\include\cmsis\core_cm4.h **** #define FPU_FPCCR_USER_Pos                  1U                                            /*!< FPCC
1343:C:\Users\bahri\GitHub\VirtualKeypad\Eclipse_USBProject_WS\Project_USB_CrossCompile\system\include\cmsis\core_cm4.h **** #define FPU_FPCCR_USER_Msk                 (1UL << FPU_FPCCR_USER_Pos)                    /*!< FPCC
1344:C:\Users\bahri\GitHub\VirtualKeypad\Eclipse_USBProject_WS\Project_USB_CrossCompile\system\include\cmsis\core_cm4.h **** 
1345:C:\Users\bahri\GitHub\VirtualKeypad\Eclipse_USBProject_WS\Project_USB_CrossCompile\system\include\cmsis\core_cm4.h **** #define FPU_FPCCR_LSPACT_Pos                0U                                            /*!< FPCC
1346:C:\Users\bahri\GitHub\VirtualKeypad\Eclipse_USBProject_WS\Project_USB_CrossCompile\system\include\cmsis\core_cm4.h **** #define FPU_FPCCR_LSPACT_Msk               (1UL /*<< FPU_FPCCR_LSPACT_Pos*/)              /*!< FPCC
1347:C:\Users\bahri\GitHub\VirtualKeypad\Eclipse_USBProject_WS\Project_USB_CrossCompile\system\include\cmsis\core_cm4.h **** 
1348:C:\Users\bahri\GitHub\VirtualKeypad\Eclipse_USBProject_WS\Project_USB_CrossCompile\system\include\cmsis\core_cm4.h **** /* Floating-Point Context Address Register Definitions */
1349:C:\Users\bahri\GitHub\VirtualKeypad\Eclipse_USBProject_WS\Project_USB_CrossCompile\system\include\cmsis\core_cm4.h **** #define FPU_FPCAR_ADDRESS_Pos               3U                                            /*!< FPCA
1350:C:\Users\bahri\GitHub\VirtualKeypad\Eclipse_USBProject_WS\Project_USB_CrossCompile\system\include\cmsis\core_cm4.h **** #define FPU_FPCAR_ADDRESS_Msk              (0x1FFFFFFFUL << FPU_FPCAR_ADDRESS_Pos)        /*!< FPCA
1351:C:\Users\bahri\GitHub\VirtualKeypad\Eclipse_USBProject_WS\Project_USB_CrossCompile\system\include\cmsis\core_cm4.h **** 
1352:C:\Users\bahri\GitHub\VirtualKeypad\Eclipse_USBProject_WS\Project_USB_CrossCompile\system\include\cmsis\core_cm4.h **** /* Floating-Point Default Status Control Register Definitions */
1353:C:\Users\bahri\GitHub\VirtualKeypad\Eclipse_USBProject_WS\Project_USB_CrossCompile\system\include\cmsis\core_cm4.h **** #define FPU_FPDSCR_AHP_Pos                 26U                                            /*!< FPDS
1354:C:\Users\bahri\GitHub\VirtualKeypad\Eclipse_USBProject_WS\Project_USB_CrossCompile\system\include\cmsis\core_cm4.h **** #define FPU_FPDSCR_AHP_Msk                 (1UL << FPU_FPDSCR_AHP_Pos)                    /*!< FPDS
1355:C:\Users\bahri\GitHub\VirtualKeypad\Eclipse_USBProject_WS\Project_USB_CrossCompile\system\include\cmsis\core_cm4.h **** 
1356:C:\Users\bahri\GitHub\VirtualKeypad\Eclipse_USBProject_WS\Project_USB_CrossCompile\system\include\cmsis\core_cm4.h **** #define FPU_FPDSCR_DN_Pos                  25U                                            /*!< FPDS
1357:C:\Users\bahri\GitHub\VirtualKeypad\Eclipse_USBProject_WS\Project_USB_CrossCompile\system\include\cmsis\core_cm4.h **** #define FPU_FPDSCR_DN_Msk                  (1UL << FPU_FPDSCR_DN_Pos)                     /*!< FPDS
1358:C:\Users\bahri\GitHub\VirtualKeypad\Eclipse_USBProject_WS\Project_USB_CrossCompile\system\include\cmsis\core_cm4.h **** 
1359:C:\Users\bahri\GitHub\VirtualKeypad\Eclipse_USBProject_WS\Project_USB_CrossCompile\system\include\cmsis\core_cm4.h **** #define FPU_FPDSCR_FZ_Pos                  24U                                            /*!< FPDS
1360:C:\Users\bahri\GitHub\VirtualKeypad\Eclipse_USBProject_WS\Project_USB_CrossCompile\system\include\cmsis\core_cm4.h **** #define FPU_FPDSCR_FZ_Msk                  (1UL << FPU_FPDSCR_FZ_Pos)                     /*!< FPDS
1361:C:\Users\bahri\GitHub\VirtualKeypad\Eclipse_USBProject_WS\Project_USB_CrossCompile\system\include\cmsis\core_cm4.h **** 
1362:C:\Users\bahri\GitHub\VirtualKeypad\Eclipse_USBProject_WS\Project_USB_CrossCompile\system\include\cmsis\core_cm4.h **** #define FPU_FPDSCR_RMode_Pos               22U                                            /*!< FPDS
1363:C:\Users\bahri\GitHub\VirtualKeypad\Eclipse_USBProject_WS\Project_USB_CrossCompile\system\include\cmsis\core_cm4.h **** #define FPU_FPDSCR_RMode_Msk               (3UL << FPU_FPDSCR_RMode_Pos)                  /*!< FPDS
1364:C:\Users\bahri\GitHub\VirtualKeypad\Eclipse_USBProject_WS\Project_USB_CrossCompile\system\include\cmsis\core_cm4.h **** 
1365:C:\Users\bahri\GitHub\VirtualKeypad\Eclipse_USBProject_WS\Project_USB_CrossCompile\system\include\cmsis\core_cm4.h **** /* Media and FP Feature Register 0 Definitions */
1366:C:\Users\bahri\GitHub\VirtualKeypad\Eclipse_USBProject_WS\Project_USB_CrossCompile\system\include\cmsis\core_cm4.h **** #define FPU_MVFR0_FP_rounding_modes_Pos    28U                                            /*!< MVFR
1367:C:\Users\bahri\GitHub\VirtualKeypad\Eclipse_USBProject_WS\Project_USB_CrossCompile\system\include\cmsis\core_cm4.h **** #define FPU_MVFR0_FP_rounding_modes_Msk    (0xFUL << FPU_MVFR0_FP_rounding_modes_Pos)     /*!< MVFR
1368:C:\Users\bahri\GitHub\VirtualKeypad\Eclipse_USBProject_WS\Project_USB_CrossCompile\system\include\cmsis\core_cm4.h **** 
1369:C:\Users\bahri\GitHub\VirtualKeypad\Eclipse_USBProject_WS\Project_USB_CrossCompile\system\include\cmsis\core_cm4.h **** #define FPU_MVFR0_Short_vectors_Pos        24U                                            /*!< MVFR
1370:C:\Users\bahri\GitHub\VirtualKeypad\Eclipse_USBProject_WS\Project_USB_CrossCompile\system\include\cmsis\core_cm4.h **** #define FPU_MVFR0_Short_vectors_Msk        (0xFUL << FPU_MVFR0_Short_vectors_Pos)         /*!< MVFR
1371:C:\Users\bahri\GitHub\VirtualKeypad\Eclipse_USBProject_WS\Project_USB_CrossCompile\system\include\cmsis\core_cm4.h **** 
1372:C:\Users\bahri\GitHub\VirtualKeypad\Eclipse_USBProject_WS\Project_USB_CrossCompile\system\include\cmsis\core_cm4.h **** #define FPU_MVFR0_Square_root_Pos          20U                                            /*!< MVFR
1373:C:\Users\bahri\GitHub\VirtualKeypad\Eclipse_USBProject_WS\Project_USB_CrossCompile\system\include\cmsis\core_cm4.h **** #define FPU_MVFR0_Square_root_Msk          (0xFUL << FPU_MVFR0_Square_root_Pos)           /*!< MVFR
1374:C:\Users\bahri\GitHub\VirtualKeypad\Eclipse_USBProject_WS\Project_USB_CrossCompile\system\include\cmsis\core_cm4.h **** 
1375:C:\Users\bahri\GitHub\VirtualKeypad\Eclipse_USBProject_WS\Project_USB_CrossCompile\system\include\cmsis\core_cm4.h **** #define FPU_MVFR0_Divide_Pos               16U                                            /*!< MVFR
1376:C:\Users\bahri\GitHub\VirtualKeypad\Eclipse_USBProject_WS\Project_USB_CrossCompile\system\include\cmsis\core_cm4.h **** #define FPU_MVFR0_Divide_Msk               (0xFUL << FPU_MVFR0_Divide_Pos)                /*!< MVFR
1377:C:\Users\bahri\GitHub\VirtualKeypad\Eclipse_USBProject_WS\Project_USB_CrossCompile\system\include\cmsis\core_cm4.h **** 
1378:C:\Users\bahri\GitHub\VirtualKeypad\Eclipse_USBProject_WS\Project_USB_CrossCompile\system\include\cmsis\core_cm4.h **** #define FPU_MVFR0_FP_excep_trapping_Pos    12U                                            /*!< MVFR
1379:C:\Users\bahri\GitHub\VirtualKeypad\Eclipse_USBProject_WS\Project_USB_CrossCompile\system\include\cmsis\core_cm4.h **** #define FPU_MVFR0_FP_excep_trapping_Msk    (0xFUL << FPU_MVFR0_FP_excep_trapping_Pos)     /*!< MVFR
1380:C:\Users\bahri\GitHub\VirtualKeypad\Eclipse_USBProject_WS\Project_USB_CrossCompile\system\include\cmsis\core_cm4.h **** 
1381:C:\Users\bahri\GitHub\VirtualKeypad\Eclipse_USBProject_WS\Project_USB_CrossCompile\system\include\cmsis\core_cm4.h **** #define FPU_MVFR0_Double_precision_Pos      8U                                            /*!< MVFR
1382:C:\Users\bahri\GitHub\VirtualKeypad\Eclipse_USBProject_WS\Project_USB_CrossCompile\system\include\cmsis\core_cm4.h **** #define FPU_MVFR0_Double_precision_Msk     (0xFUL << FPU_MVFR0_Double_precision_Pos)      /*!< MVFR
1383:C:\Users\bahri\GitHub\VirtualKeypad\Eclipse_USBProject_WS\Project_USB_CrossCompile\system\include\cmsis\core_cm4.h **** 
1384:C:\Users\bahri\GitHub\VirtualKeypad\Eclipse_USBProject_WS\Project_USB_CrossCompile\system\include\cmsis\core_cm4.h **** #define FPU_MVFR0_Single_precision_Pos      4U                                            /*!< MVFR
1385:C:\Users\bahri\GitHub\VirtualKeypad\Eclipse_USBProject_WS\Project_USB_CrossCompile\system\include\cmsis\core_cm4.h **** #define FPU_MVFR0_Single_precision_Msk     (0xFUL << FPU_MVFR0_Single_precision_Pos)      /*!< MVFR
1386:C:\Users\bahri\GitHub\VirtualKeypad\Eclipse_USBProject_WS\Project_USB_CrossCompile\system\include\cmsis\core_cm4.h **** 
1387:C:\Users\bahri\GitHub\VirtualKeypad\Eclipse_USBProject_WS\Project_USB_CrossCompile\system\include\cmsis\core_cm4.h **** #define FPU_MVFR0_A_SIMD_registers_Pos      0U                                            /*!< MVFR
1388:C:\Users\bahri\GitHub\VirtualKeypad\Eclipse_USBProject_WS\Project_USB_CrossCompile\system\include\cmsis\core_cm4.h **** #define FPU_MVFR0_A_SIMD_registers_Msk     (0xFUL /*<< FPU_MVFR0_A_SIMD_registers_Pos*/)  /*!< MVFR
1389:C:\Users\bahri\GitHub\VirtualKeypad\Eclipse_USBProject_WS\Project_USB_CrossCompile\system\include\cmsis\core_cm4.h **** 
1390:C:\Users\bahri\GitHub\VirtualKeypad\Eclipse_USBProject_WS\Project_USB_CrossCompile\system\include\cmsis\core_cm4.h **** /* Media and FP Feature Register 1 Definitions */
1391:C:\Users\bahri\GitHub\VirtualKeypad\Eclipse_USBProject_WS\Project_USB_CrossCompile\system\include\cmsis\core_cm4.h **** #define FPU_MVFR1_FP_fused_MAC_Pos         28U                                            /*!< MVFR
1392:C:\Users\bahri\GitHub\VirtualKeypad\Eclipse_USBProject_WS\Project_USB_CrossCompile\system\include\cmsis\core_cm4.h **** #define FPU_MVFR1_FP_fused_MAC_Msk         (0xFUL << FPU_MVFR1_FP_fused_MAC_Pos)          /*!< MVFR
1393:C:\Users\bahri\GitHub\VirtualKeypad\Eclipse_USBProject_WS\Project_USB_CrossCompile\system\include\cmsis\core_cm4.h **** 
1394:C:\Users\bahri\GitHub\VirtualKeypad\Eclipse_USBProject_WS\Project_USB_CrossCompile\system\include\cmsis\core_cm4.h **** #define FPU_MVFR1_FP_HPFP_Pos              24U                                            /*!< MVFR
1395:C:\Users\bahri\GitHub\VirtualKeypad\Eclipse_USBProject_WS\Project_USB_CrossCompile\system\include\cmsis\core_cm4.h **** #define FPU_MVFR1_FP_HPFP_Msk              (0xFUL << FPU_MVFR1_FP_HPFP_Pos)               /*!< MVFR
1396:C:\Users\bahri\GitHub\VirtualKeypad\Eclipse_USBProject_WS\Project_USB_CrossCompile\system\include\cmsis\core_cm4.h **** 
1397:C:\Users\bahri\GitHub\VirtualKeypad\Eclipse_USBProject_WS\Project_USB_CrossCompile\system\include\cmsis\core_cm4.h **** #define FPU_MVFR1_D_NaN_mode_Pos            4U                                            /*!< MVFR
1398:C:\Users\bahri\GitHub\VirtualKeypad\Eclipse_USBProject_WS\Project_USB_CrossCompile\system\include\cmsis\core_cm4.h **** #define FPU_MVFR1_D_NaN_mode_Msk           (0xFUL << FPU_MVFR1_D_NaN_mode_Pos)            /*!< MVFR
1399:C:\Users\bahri\GitHub\VirtualKeypad\Eclipse_USBProject_WS\Project_USB_CrossCompile\system\include\cmsis\core_cm4.h **** 
1400:C:\Users\bahri\GitHub\VirtualKeypad\Eclipse_USBProject_WS\Project_USB_CrossCompile\system\include\cmsis\core_cm4.h **** #define FPU_MVFR1_FtZ_mode_Pos              0U                                            /*!< MVFR
1401:C:\Users\bahri\GitHub\VirtualKeypad\Eclipse_USBProject_WS\Project_USB_CrossCompile\system\include\cmsis\core_cm4.h **** #define FPU_MVFR1_FtZ_mode_Msk             (0xFUL /*<< FPU_MVFR1_FtZ_mode_Pos*/)          /*!< MVFR
1402:C:\Users\bahri\GitHub\VirtualKeypad\Eclipse_USBProject_WS\Project_USB_CrossCompile\system\include\cmsis\core_cm4.h **** 
1403:C:\Users\bahri\GitHub\VirtualKeypad\Eclipse_USBProject_WS\Project_USB_CrossCompile\system\include\cmsis\core_cm4.h **** /* Media and FP Feature Register 2 Definitions */
1404:C:\Users\bahri\GitHub\VirtualKeypad\Eclipse_USBProject_WS\Project_USB_CrossCompile\system\include\cmsis\core_cm4.h **** 
1405:C:\Users\bahri\GitHub\VirtualKeypad\Eclipse_USBProject_WS\Project_USB_CrossCompile\system\include\cmsis\core_cm4.h **** #define FPU_MVFR2_VFP_Misc_Pos              4U                                            /*!< MVFR
1406:C:\Users\bahri\GitHub\VirtualKeypad\Eclipse_USBProject_WS\Project_USB_CrossCompile\system\include\cmsis\core_cm4.h **** #define FPU_MVFR2_VFP_Misc_Msk             (0xFUL << FPU_MVFR2_VFP_Misc_Pos)              /*!< MVFR
1407:C:\Users\bahri\GitHub\VirtualKeypad\Eclipse_USBProject_WS\Project_USB_CrossCompile\system\include\cmsis\core_cm4.h **** 
1408:C:\Users\bahri\GitHub\VirtualKeypad\Eclipse_USBProject_WS\Project_USB_CrossCompile\system\include\cmsis\core_cm4.h **** /*@} end of group CMSIS_FPU */
1409:C:\Users\bahri\GitHub\VirtualKeypad\Eclipse_USBProject_WS\Project_USB_CrossCompile\system\include\cmsis\core_cm4.h **** 
1410:C:\Users\bahri\GitHub\VirtualKeypad\Eclipse_USBProject_WS\Project_USB_CrossCompile\system\include\cmsis\core_cm4.h **** 
1411:C:\Users\bahri\GitHub\VirtualKeypad\Eclipse_USBProject_WS\Project_USB_CrossCompile\system\include\cmsis\core_cm4.h **** /**
1412:C:\Users\bahri\GitHub\VirtualKeypad\Eclipse_USBProject_WS\Project_USB_CrossCompile\system\include\cmsis\core_cm4.h ****   \ingroup  CMSIS_core_register
1413:C:\Users\bahri\GitHub\VirtualKeypad\Eclipse_USBProject_WS\Project_USB_CrossCompile\system\include\cmsis\core_cm4.h ****   \defgroup CMSIS_CoreDebug       Core Debug Registers (CoreDebug)
1414:C:\Users\bahri\GitHub\VirtualKeypad\Eclipse_USBProject_WS\Project_USB_CrossCompile\system\include\cmsis\core_cm4.h ****   \brief    Type definitions for the Core Debug Registers
1415:C:\Users\bahri\GitHub\VirtualKeypad\Eclipse_USBProject_WS\Project_USB_CrossCompile\system\include\cmsis\core_cm4.h ****   @{
1416:C:\Users\bahri\GitHub\VirtualKeypad\Eclipse_USBProject_WS\Project_USB_CrossCompile\system\include\cmsis\core_cm4.h ****  */
1417:C:\Users\bahri\GitHub\VirtualKeypad\Eclipse_USBProject_WS\Project_USB_CrossCompile\system\include\cmsis\core_cm4.h **** 
1418:C:\Users\bahri\GitHub\VirtualKeypad\Eclipse_USBProject_WS\Project_USB_CrossCompile\system\include\cmsis\core_cm4.h **** /**
1419:C:\Users\bahri\GitHub\VirtualKeypad\Eclipse_USBProject_WS\Project_USB_CrossCompile\system\include\cmsis\core_cm4.h ****   \brief  Structure type to access the Core Debug Register (CoreDebug).
1420:C:\Users\bahri\GitHub\VirtualKeypad\Eclipse_USBProject_WS\Project_USB_CrossCompile\system\include\cmsis\core_cm4.h ****  */
1421:C:\Users\bahri\GitHub\VirtualKeypad\Eclipse_USBProject_WS\Project_USB_CrossCompile\system\include\cmsis\core_cm4.h **** typedef struct
1422:C:\Users\bahri\GitHub\VirtualKeypad\Eclipse_USBProject_WS\Project_USB_CrossCompile\system\include\cmsis\core_cm4.h **** {
1423:C:\Users\bahri\GitHub\VirtualKeypad\Eclipse_USBProject_WS\Project_USB_CrossCompile\system\include\cmsis\core_cm4.h ****   __IOM uint32_t DHCSR;                  /*!< Offset: 0x000 (R/W)  Debug Halting Control and Status
1424:C:\Users\bahri\GitHub\VirtualKeypad\Eclipse_USBProject_WS\Project_USB_CrossCompile\system\include\cmsis\core_cm4.h ****   __OM  uint32_t DCRSR;                  /*!< Offset: 0x004 ( /W)  Debug Core Register Selector Reg
1425:C:\Users\bahri\GitHub\VirtualKeypad\Eclipse_USBProject_WS\Project_USB_CrossCompile\system\include\cmsis\core_cm4.h ****   __IOM uint32_t DCRDR;                  /*!< Offset: 0x008 (R/W)  Debug Core Register Data Registe
1426:C:\Users\bahri\GitHub\VirtualKeypad\Eclipse_USBProject_WS\Project_USB_CrossCompile\system\include\cmsis\core_cm4.h ****   __IOM uint32_t DEMCR;                  /*!< Offset: 0x00C (R/W)  Debug Exception and Monitor Cont
1427:C:\Users\bahri\GitHub\VirtualKeypad\Eclipse_USBProject_WS\Project_USB_CrossCompile\system\include\cmsis\core_cm4.h **** } CoreDebug_Type;
1428:C:\Users\bahri\GitHub\VirtualKeypad\Eclipse_USBProject_WS\Project_USB_CrossCompile\system\include\cmsis\core_cm4.h **** 
1429:C:\Users\bahri\GitHub\VirtualKeypad\Eclipse_USBProject_WS\Project_USB_CrossCompile\system\include\cmsis\core_cm4.h **** /* Debug Halting Control and Status Register Definitions */
1430:C:\Users\bahri\GitHub\VirtualKeypad\Eclipse_USBProject_WS\Project_USB_CrossCompile\system\include\cmsis\core_cm4.h **** #define CoreDebug_DHCSR_DBGKEY_Pos         16U                                            /*!< Core
1431:C:\Users\bahri\GitHub\VirtualKeypad\Eclipse_USBProject_WS\Project_USB_CrossCompile\system\include\cmsis\core_cm4.h **** #define CoreDebug_DHCSR_DBGKEY_Msk         (0xFFFFUL << CoreDebug_DHCSR_DBGKEY_Pos)       /*!< Core
1432:C:\Users\bahri\GitHub\VirtualKeypad\Eclipse_USBProject_WS\Project_USB_CrossCompile\system\include\cmsis\core_cm4.h **** 
1433:C:\Users\bahri\GitHub\VirtualKeypad\Eclipse_USBProject_WS\Project_USB_CrossCompile\system\include\cmsis\core_cm4.h **** #define CoreDebug_DHCSR_S_RESET_ST_Pos     25U                                            /*!< Core
1434:C:\Users\bahri\GitHub\VirtualKeypad\Eclipse_USBProject_WS\Project_USB_CrossCompile\system\include\cmsis\core_cm4.h **** #define CoreDebug_DHCSR_S_RESET_ST_Msk     (1UL << CoreDebug_DHCSR_S_RESET_ST_Pos)        /*!< Core
1435:C:\Users\bahri\GitHub\VirtualKeypad\Eclipse_USBProject_WS\Project_USB_CrossCompile\system\include\cmsis\core_cm4.h **** 
1436:C:\Users\bahri\GitHub\VirtualKeypad\Eclipse_USBProject_WS\Project_USB_CrossCompile\system\include\cmsis\core_cm4.h **** #define CoreDebug_DHCSR_S_RETIRE_ST_Pos    24U                                            /*!< Core
1437:C:\Users\bahri\GitHub\VirtualKeypad\Eclipse_USBProject_WS\Project_USB_CrossCompile\system\include\cmsis\core_cm4.h **** #define CoreDebug_DHCSR_S_RETIRE_ST_Msk    (1UL << CoreDebug_DHCSR_S_RETIRE_ST_Pos)       /*!< Core
1438:C:\Users\bahri\GitHub\VirtualKeypad\Eclipse_USBProject_WS\Project_USB_CrossCompile\system\include\cmsis\core_cm4.h **** 
1439:C:\Users\bahri\GitHub\VirtualKeypad\Eclipse_USBProject_WS\Project_USB_CrossCompile\system\include\cmsis\core_cm4.h **** #define CoreDebug_DHCSR_S_LOCKUP_Pos       19U                                            /*!< Core
1440:C:\Users\bahri\GitHub\VirtualKeypad\Eclipse_USBProject_WS\Project_USB_CrossCompile\system\include\cmsis\core_cm4.h **** #define CoreDebug_DHCSR_S_LOCKUP_Msk       (1UL << CoreDebug_DHCSR_S_LOCKUP_Pos)          /*!< Core
1441:C:\Users\bahri\GitHub\VirtualKeypad\Eclipse_USBProject_WS\Project_USB_CrossCompile\system\include\cmsis\core_cm4.h **** 
1442:C:\Users\bahri\GitHub\VirtualKeypad\Eclipse_USBProject_WS\Project_USB_CrossCompile\system\include\cmsis\core_cm4.h **** #define CoreDebug_DHCSR_S_SLEEP_Pos        18U                                            /*!< Core
1443:C:\Users\bahri\GitHub\VirtualKeypad\Eclipse_USBProject_WS\Project_USB_CrossCompile\system\include\cmsis\core_cm4.h **** #define CoreDebug_DHCSR_S_SLEEP_Msk        (1UL << CoreDebug_DHCSR_S_SLEEP_Pos)           /*!< Core
1444:C:\Users\bahri\GitHub\VirtualKeypad\Eclipse_USBProject_WS\Project_USB_CrossCompile\system\include\cmsis\core_cm4.h **** 
1445:C:\Users\bahri\GitHub\VirtualKeypad\Eclipse_USBProject_WS\Project_USB_CrossCompile\system\include\cmsis\core_cm4.h **** #define CoreDebug_DHCSR_S_HALT_Pos         17U                                            /*!< Core
1446:C:\Users\bahri\GitHub\VirtualKeypad\Eclipse_USBProject_WS\Project_USB_CrossCompile\system\include\cmsis\core_cm4.h **** #define CoreDebug_DHCSR_S_HALT_Msk         (1UL << CoreDebug_DHCSR_S_HALT_Pos)            /*!< Core
1447:C:\Users\bahri\GitHub\VirtualKeypad\Eclipse_USBProject_WS\Project_USB_CrossCompile\system\include\cmsis\core_cm4.h **** 
1448:C:\Users\bahri\GitHub\VirtualKeypad\Eclipse_USBProject_WS\Project_USB_CrossCompile\system\include\cmsis\core_cm4.h **** #define CoreDebug_DHCSR_S_REGRDY_Pos       16U                                            /*!< Core
1449:C:\Users\bahri\GitHub\VirtualKeypad\Eclipse_USBProject_WS\Project_USB_CrossCompile\system\include\cmsis\core_cm4.h **** #define CoreDebug_DHCSR_S_REGRDY_Msk       (1UL << CoreDebug_DHCSR_S_REGRDY_Pos)          /*!< Core
1450:C:\Users\bahri\GitHub\VirtualKeypad\Eclipse_USBProject_WS\Project_USB_CrossCompile\system\include\cmsis\core_cm4.h **** 
1451:C:\Users\bahri\GitHub\VirtualKeypad\Eclipse_USBProject_WS\Project_USB_CrossCompile\system\include\cmsis\core_cm4.h **** #define CoreDebug_DHCSR_C_SNAPSTALL_Pos     5U                                            /*!< Core
1452:C:\Users\bahri\GitHub\VirtualKeypad\Eclipse_USBProject_WS\Project_USB_CrossCompile\system\include\cmsis\core_cm4.h **** #define CoreDebug_DHCSR_C_SNAPSTALL_Msk    (1UL << CoreDebug_DHCSR_C_SNAPSTALL_Pos)       /*!< Core
1453:C:\Users\bahri\GitHub\VirtualKeypad\Eclipse_USBProject_WS\Project_USB_CrossCompile\system\include\cmsis\core_cm4.h **** 
1454:C:\Users\bahri\GitHub\VirtualKeypad\Eclipse_USBProject_WS\Project_USB_CrossCompile\system\include\cmsis\core_cm4.h **** #define CoreDebug_DHCSR_C_MASKINTS_Pos      3U                                            /*!< Core
1455:C:\Users\bahri\GitHub\VirtualKeypad\Eclipse_USBProject_WS\Project_USB_CrossCompile\system\include\cmsis\core_cm4.h **** #define CoreDebug_DHCSR_C_MASKINTS_Msk     (1UL << CoreDebug_DHCSR_C_MASKINTS_Pos)        /*!< Core
1456:C:\Users\bahri\GitHub\VirtualKeypad\Eclipse_USBProject_WS\Project_USB_CrossCompile\system\include\cmsis\core_cm4.h **** 
1457:C:\Users\bahri\GitHub\VirtualKeypad\Eclipse_USBProject_WS\Project_USB_CrossCompile\system\include\cmsis\core_cm4.h **** #define CoreDebug_DHCSR_C_STEP_Pos          2U                                            /*!< Core
1458:C:\Users\bahri\GitHub\VirtualKeypad\Eclipse_USBProject_WS\Project_USB_CrossCompile\system\include\cmsis\core_cm4.h **** #define CoreDebug_DHCSR_C_STEP_Msk         (1UL << CoreDebug_DHCSR_C_STEP_Pos)            /*!< Core
1459:C:\Users\bahri\GitHub\VirtualKeypad\Eclipse_USBProject_WS\Project_USB_CrossCompile\system\include\cmsis\core_cm4.h **** 
1460:C:\Users\bahri\GitHub\VirtualKeypad\Eclipse_USBProject_WS\Project_USB_CrossCompile\system\include\cmsis\core_cm4.h **** #define CoreDebug_DHCSR_C_HALT_Pos          1U                                            /*!< Core
1461:C:\Users\bahri\GitHub\VirtualKeypad\Eclipse_USBProject_WS\Project_USB_CrossCompile\system\include\cmsis\core_cm4.h **** #define CoreDebug_DHCSR_C_HALT_Msk         (1UL << CoreDebug_DHCSR_C_HALT_Pos)            /*!< Core
1462:C:\Users\bahri\GitHub\VirtualKeypad\Eclipse_USBProject_WS\Project_USB_CrossCompile\system\include\cmsis\core_cm4.h **** 
1463:C:\Users\bahri\GitHub\VirtualKeypad\Eclipse_USBProject_WS\Project_USB_CrossCompile\system\include\cmsis\core_cm4.h **** #define CoreDebug_DHCSR_C_DEBUGEN_Pos       0U                                            /*!< Core
1464:C:\Users\bahri\GitHub\VirtualKeypad\Eclipse_USBProject_WS\Project_USB_CrossCompile\system\include\cmsis\core_cm4.h **** #define CoreDebug_DHCSR_C_DEBUGEN_Msk      (1UL /*<< CoreDebug_DHCSR_C_DEBUGEN_Pos*/)     /*!< Core
1465:C:\Users\bahri\GitHub\VirtualKeypad\Eclipse_USBProject_WS\Project_USB_CrossCompile\system\include\cmsis\core_cm4.h **** 
1466:C:\Users\bahri\GitHub\VirtualKeypad\Eclipse_USBProject_WS\Project_USB_CrossCompile\system\include\cmsis\core_cm4.h **** /* Debug Core Register Selector Register Definitions */
1467:C:\Users\bahri\GitHub\VirtualKeypad\Eclipse_USBProject_WS\Project_USB_CrossCompile\system\include\cmsis\core_cm4.h **** #define CoreDebug_DCRSR_REGWnR_Pos         16U                                            /*!< Core
1468:C:\Users\bahri\GitHub\VirtualKeypad\Eclipse_USBProject_WS\Project_USB_CrossCompile\system\include\cmsis\core_cm4.h **** #define CoreDebug_DCRSR_REGWnR_Msk         (1UL << CoreDebug_DCRSR_REGWnR_Pos)            /*!< Core
1469:C:\Users\bahri\GitHub\VirtualKeypad\Eclipse_USBProject_WS\Project_USB_CrossCompile\system\include\cmsis\core_cm4.h **** 
1470:C:\Users\bahri\GitHub\VirtualKeypad\Eclipse_USBProject_WS\Project_USB_CrossCompile\system\include\cmsis\core_cm4.h **** #define CoreDebug_DCRSR_REGSEL_Pos          0U                                            /*!< Core
1471:C:\Users\bahri\GitHub\VirtualKeypad\Eclipse_USBProject_WS\Project_USB_CrossCompile\system\include\cmsis\core_cm4.h **** #define CoreDebug_DCRSR_REGSEL_Msk         (0x1FUL /*<< CoreDebug_DCRSR_REGSEL_Pos*/)     /*!< Core
1472:C:\Users\bahri\GitHub\VirtualKeypad\Eclipse_USBProject_WS\Project_USB_CrossCompile\system\include\cmsis\core_cm4.h **** 
1473:C:\Users\bahri\GitHub\VirtualKeypad\Eclipse_USBProject_WS\Project_USB_CrossCompile\system\include\cmsis\core_cm4.h **** /* Debug Exception and Monitor Control Register Definitions */
1474:C:\Users\bahri\GitHub\VirtualKeypad\Eclipse_USBProject_WS\Project_USB_CrossCompile\system\include\cmsis\core_cm4.h **** #define CoreDebug_DEMCR_TRCENA_Pos         24U                                            /*!< Core
1475:C:\Users\bahri\GitHub\VirtualKeypad\Eclipse_USBProject_WS\Project_USB_CrossCompile\system\include\cmsis\core_cm4.h **** #define CoreDebug_DEMCR_TRCENA_Msk         (1UL << CoreDebug_DEMCR_TRCENA_Pos)            /*!< Core
1476:C:\Users\bahri\GitHub\VirtualKeypad\Eclipse_USBProject_WS\Project_USB_CrossCompile\system\include\cmsis\core_cm4.h **** 
1477:C:\Users\bahri\GitHub\VirtualKeypad\Eclipse_USBProject_WS\Project_USB_CrossCompile\system\include\cmsis\core_cm4.h **** #define CoreDebug_DEMCR_MON_REQ_Pos        19U                                            /*!< Core
1478:C:\Users\bahri\GitHub\VirtualKeypad\Eclipse_USBProject_WS\Project_USB_CrossCompile\system\include\cmsis\core_cm4.h **** #define CoreDebug_DEMCR_MON_REQ_Msk        (1UL << CoreDebug_DEMCR_MON_REQ_Pos)           /*!< Core
1479:C:\Users\bahri\GitHub\VirtualKeypad\Eclipse_USBProject_WS\Project_USB_CrossCompile\system\include\cmsis\core_cm4.h **** 
1480:C:\Users\bahri\GitHub\VirtualKeypad\Eclipse_USBProject_WS\Project_USB_CrossCompile\system\include\cmsis\core_cm4.h **** #define CoreDebug_DEMCR_MON_STEP_Pos       18U                                            /*!< Core
1481:C:\Users\bahri\GitHub\VirtualKeypad\Eclipse_USBProject_WS\Project_USB_CrossCompile\system\include\cmsis\core_cm4.h **** #define CoreDebug_DEMCR_MON_STEP_Msk       (1UL << CoreDebug_DEMCR_MON_STEP_Pos)          /*!< Core
1482:C:\Users\bahri\GitHub\VirtualKeypad\Eclipse_USBProject_WS\Project_USB_CrossCompile\system\include\cmsis\core_cm4.h **** 
1483:C:\Users\bahri\GitHub\VirtualKeypad\Eclipse_USBProject_WS\Project_USB_CrossCompile\system\include\cmsis\core_cm4.h **** #define CoreDebug_DEMCR_MON_PEND_Pos       17U                                            /*!< Core
1484:C:\Users\bahri\GitHub\VirtualKeypad\Eclipse_USBProject_WS\Project_USB_CrossCompile\system\include\cmsis\core_cm4.h **** #define CoreDebug_DEMCR_MON_PEND_Msk       (1UL << CoreDebug_DEMCR_MON_PEND_Pos)          /*!< Core
1485:C:\Users\bahri\GitHub\VirtualKeypad\Eclipse_USBProject_WS\Project_USB_CrossCompile\system\include\cmsis\core_cm4.h **** 
1486:C:\Users\bahri\GitHub\VirtualKeypad\Eclipse_USBProject_WS\Project_USB_CrossCompile\system\include\cmsis\core_cm4.h **** #define CoreDebug_DEMCR_MON_EN_Pos         16U                                            /*!< Core
1487:C:\Users\bahri\GitHub\VirtualKeypad\Eclipse_USBProject_WS\Project_USB_CrossCompile\system\include\cmsis\core_cm4.h **** #define CoreDebug_DEMCR_MON_EN_Msk         (1UL << CoreDebug_DEMCR_MON_EN_Pos)            /*!< Core
1488:C:\Users\bahri\GitHub\VirtualKeypad\Eclipse_USBProject_WS\Project_USB_CrossCompile\system\include\cmsis\core_cm4.h **** 
1489:C:\Users\bahri\GitHub\VirtualKeypad\Eclipse_USBProject_WS\Project_USB_CrossCompile\system\include\cmsis\core_cm4.h **** #define CoreDebug_DEMCR_VC_HARDERR_Pos     10U                                            /*!< Core
1490:C:\Users\bahri\GitHub\VirtualKeypad\Eclipse_USBProject_WS\Project_USB_CrossCompile\system\include\cmsis\core_cm4.h **** #define CoreDebug_DEMCR_VC_HARDERR_Msk     (1UL << CoreDebug_DEMCR_VC_HARDERR_Pos)        /*!< Core
1491:C:\Users\bahri\GitHub\VirtualKeypad\Eclipse_USBProject_WS\Project_USB_CrossCompile\system\include\cmsis\core_cm4.h **** 
1492:C:\Users\bahri\GitHub\VirtualKeypad\Eclipse_USBProject_WS\Project_USB_CrossCompile\system\include\cmsis\core_cm4.h **** #define CoreDebug_DEMCR_VC_INTERR_Pos       9U                                            /*!< Core
1493:C:\Users\bahri\GitHub\VirtualKeypad\Eclipse_USBProject_WS\Project_USB_CrossCompile\system\include\cmsis\core_cm4.h **** #define CoreDebug_DEMCR_VC_INTERR_Msk      (1UL << CoreDebug_DEMCR_VC_INTERR_Pos)         /*!< Core
1494:C:\Users\bahri\GitHub\VirtualKeypad\Eclipse_USBProject_WS\Project_USB_CrossCompile\system\include\cmsis\core_cm4.h **** 
1495:C:\Users\bahri\GitHub\VirtualKeypad\Eclipse_USBProject_WS\Project_USB_CrossCompile\system\include\cmsis\core_cm4.h **** #define CoreDebug_DEMCR_VC_BUSERR_Pos       8U                                            /*!< Core
1496:C:\Users\bahri\GitHub\VirtualKeypad\Eclipse_USBProject_WS\Project_USB_CrossCompile\system\include\cmsis\core_cm4.h **** #define CoreDebug_DEMCR_VC_BUSERR_Msk      (1UL << CoreDebug_DEMCR_VC_BUSERR_Pos)         /*!< Core
1497:C:\Users\bahri\GitHub\VirtualKeypad\Eclipse_USBProject_WS\Project_USB_CrossCompile\system\include\cmsis\core_cm4.h **** 
1498:C:\Users\bahri\GitHub\VirtualKeypad\Eclipse_USBProject_WS\Project_USB_CrossCompile\system\include\cmsis\core_cm4.h **** #define CoreDebug_DEMCR_VC_STATERR_Pos      7U                                            /*!< Core
1499:C:\Users\bahri\GitHub\VirtualKeypad\Eclipse_USBProject_WS\Project_USB_CrossCompile\system\include\cmsis\core_cm4.h **** #define CoreDebug_DEMCR_VC_STATERR_Msk     (1UL << CoreDebug_DEMCR_VC_STATERR_Pos)        /*!< Core
1500:C:\Users\bahri\GitHub\VirtualKeypad\Eclipse_USBProject_WS\Project_USB_CrossCompile\system\include\cmsis\core_cm4.h **** 
1501:C:\Users\bahri\GitHub\VirtualKeypad\Eclipse_USBProject_WS\Project_USB_CrossCompile\system\include\cmsis\core_cm4.h **** #define CoreDebug_DEMCR_VC_CHKERR_Pos       6U                                            /*!< Core
1502:C:\Users\bahri\GitHub\VirtualKeypad\Eclipse_USBProject_WS\Project_USB_CrossCompile\system\include\cmsis\core_cm4.h **** #define CoreDebug_DEMCR_VC_CHKERR_Msk      (1UL << CoreDebug_DEMCR_VC_CHKERR_Pos)         /*!< Core
1503:C:\Users\bahri\GitHub\VirtualKeypad\Eclipse_USBProject_WS\Project_USB_CrossCompile\system\include\cmsis\core_cm4.h **** 
1504:C:\Users\bahri\GitHub\VirtualKeypad\Eclipse_USBProject_WS\Project_USB_CrossCompile\system\include\cmsis\core_cm4.h **** #define CoreDebug_DEMCR_VC_NOCPERR_Pos      5U                                            /*!< Core
1505:C:\Users\bahri\GitHub\VirtualKeypad\Eclipse_USBProject_WS\Project_USB_CrossCompile\system\include\cmsis\core_cm4.h **** #define CoreDebug_DEMCR_VC_NOCPERR_Msk     (1UL << CoreDebug_DEMCR_VC_NOCPERR_Pos)        /*!< Core
1506:C:\Users\bahri\GitHub\VirtualKeypad\Eclipse_USBProject_WS\Project_USB_CrossCompile\system\include\cmsis\core_cm4.h **** 
1507:C:\Users\bahri\GitHub\VirtualKeypad\Eclipse_USBProject_WS\Project_USB_CrossCompile\system\include\cmsis\core_cm4.h **** #define CoreDebug_DEMCR_VC_MMERR_Pos        4U                                            /*!< Core
1508:C:\Users\bahri\GitHub\VirtualKeypad\Eclipse_USBProject_WS\Project_USB_CrossCompile\system\include\cmsis\core_cm4.h **** #define CoreDebug_DEMCR_VC_MMERR_Msk       (1UL << CoreDebug_DEMCR_VC_MMERR_Pos)          /*!< Core
1509:C:\Users\bahri\GitHub\VirtualKeypad\Eclipse_USBProject_WS\Project_USB_CrossCompile\system\include\cmsis\core_cm4.h **** 
1510:C:\Users\bahri\GitHub\VirtualKeypad\Eclipse_USBProject_WS\Project_USB_CrossCompile\system\include\cmsis\core_cm4.h **** #define CoreDebug_DEMCR_VC_CORERESET_Pos    0U                                            /*!< Core
1511:C:\Users\bahri\GitHub\VirtualKeypad\Eclipse_USBProject_WS\Project_USB_CrossCompile\system\include\cmsis\core_cm4.h **** #define CoreDebug_DEMCR_VC_CORERESET_Msk   (1UL /*<< CoreDebug_DEMCR_VC_CORERESET_Pos*/)  /*!< Core
1512:C:\Users\bahri\GitHub\VirtualKeypad\Eclipse_USBProject_WS\Project_USB_CrossCompile\system\include\cmsis\core_cm4.h **** 
1513:C:\Users\bahri\GitHub\VirtualKeypad\Eclipse_USBProject_WS\Project_USB_CrossCompile\system\include\cmsis\core_cm4.h **** /*@} end of group CMSIS_CoreDebug */
1514:C:\Users\bahri\GitHub\VirtualKeypad\Eclipse_USBProject_WS\Project_USB_CrossCompile\system\include\cmsis\core_cm4.h **** 
1515:C:\Users\bahri\GitHub\VirtualKeypad\Eclipse_USBProject_WS\Project_USB_CrossCompile\system\include\cmsis\core_cm4.h **** 
1516:C:\Users\bahri\GitHub\VirtualKeypad\Eclipse_USBProject_WS\Project_USB_CrossCompile\system\include\cmsis\core_cm4.h **** /**
1517:C:\Users\bahri\GitHub\VirtualKeypad\Eclipse_USBProject_WS\Project_USB_CrossCompile\system\include\cmsis\core_cm4.h ****   \ingroup    CMSIS_core_register
1518:C:\Users\bahri\GitHub\VirtualKeypad\Eclipse_USBProject_WS\Project_USB_CrossCompile\system\include\cmsis\core_cm4.h ****   \defgroup   CMSIS_core_bitfield     Core register bit field macros
1519:C:\Users\bahri\GitHub\VirtualKeypad\Eclipse_USBProject_WS\Project_USB_CrossCompile\system\include\cmsis\core_cm4.h ****   \brief      Macros for use with bit field definitions (xxx_Pos, xxx_Msk).
1520:C:\Users\bahri\GitHub\VirtualKeypad\Eclipse_USBProject_WS\Project_USB_CrossCompile\system\include\cmsis\core_cm4.h ****   @{
1521:C:\Users\bahri\GitHub\VirtualKeypad\Eclipse_USBProject_WS\Project_USB_CrossCompile\system\include\cmsis\core_cm4.h ****  */
1522:C:\Users\bahri\GitHub\VirtualKeypad\Eclipse_USBProject_WS\Project_USB_CrossCompile\system\include\cmsis\core_cm4.h **** 
1523:C:\Users\bahri\GitHub\VirtualKeypad\Eclipse_USBProject_WS\Project_USB_CrossCompile\system\include\cmsis\core_cm4.h **** /**
1524:C:\Users\bahri\GitHub\VirtualKeypad\Eclipse_USBProject_WS\Project_USB_CrossCompile\system\include\cmsis\core_cm4.h ****   \brief   Mask and shift a bit field value for use in a register bit range.
1525:C:\Users\bahri\GitHub\VirtualKeypad\Eclipse_USBProject_WS\Project_USB_CrossCompile\system\include\cmsis\core_cm4.h ****   \param[in] field  Name of the register bit field.
1526:C:\Users\bahri\GitHub\VirtualKeypad\Eclipse_USBProject_WS\Project_USB_CrossCompile\system\include\cmsis\core_cm4.h ****   \param[in] value  Value of the bit field. This parameter is interpreted as an uint32_t type.
1527:C:\Users\bahri\GitHub\VirtualKeypad\Eclipse_USBProject_WS\Project_USB_CrossCompile\system\include\cmsis\core_cm4.h ****   \return           Masked and shifted value.
1528:C:\Users\bahri\GitHub\VirtualKeypad\Eclipse_USBProject_WS\Project_USB_CrossCompile\system\include\cmsis\core_cm4.h **** */
1529:C:\Users\bahri\GitHub\VirtualKeypad\Eclipse_USBProject_WS\Project_USB_CrossCompile\system\include\cmsis\core_cm4.h **** #define _VAL2FLD(field, value)    (((uint32_t)(value) << field ## _Pos) & field ## _Msk)
1530:C:\Users\bahri\GitHub\VirtualKeypad\Eclipse_USBProject_WS\Project_USB_CrossCompile\system\include\cmsis\core_cm4.h **** 
1531:C:\Users\bahri\GitHub\VirtualKeypad\Eclipse_USBProject_WS\Project_USB_CrossCompile\system\include\cmsis\core_cm4.h **** /**
1532:C:\Users\bahri\GitHub\VirtualKeypad\Eclipse_USBProject_WS\Project_USB_CrossCompile\system\include\cmsis\core_cm4.h ****   \brief     Mask and shift a register value to extract a bit filed value.
1533:C:\Users\bahri\GitHub\VirtualKeypad\Eclipse_USBProject_WS\Project_USB_CrossCompile\system\include\cmsis\core_cm4.h ****   \param[in] field  Name of the register bit field.
1534:C:\Users\bahri\GitHub\VirtualKeypad\Eclipse_USBProject_WS\Project_USB_CrossCompile\system\include\cmsis\core_cm4.h ****   \param[in] value  Value of register. This parameter is interpreted as an uint32_t type.
1535:C:\Users\bahri\GitHub\VirtualKeypad\Eclipse_USBProject_WS\Project_USB_CrossCompile\system\include\cmsis\core_cm4.h ****   \return           Masked and shifted bit field value.
1536:C:\Users\bahri\GitHub\VirtualKeypad\Eclipse_USBProject_WS\Project_USB_CrossCompile\system\include\cmsis\core_cm4.h **** */
1537:C:\Users\bahri\GitHub\VirtualKeypad\Eclipse_USBProject_WS\Project_USB_CrossCompile\system\include\cmsis\core_cm4.h **** #define _FLD2VAL(field, value)    (((uint32_t)(value) & field ## _Msk) >> field ## _Pos)
1538:C:\Users\bahri\GitHub\VirtualKeypad\Eclipse_USBProject_WS\Project_USB_CrossCompile\system\include\cmsis\core_cm4.h **** 
1539:C:\Users\bahri\GitHub\VirtualKeypad\Eclipse_USBProject_WS\Project_USB_CrossCompile\system\include\cmsis\core_cm4.h **** /*@} end of group CMSIS_core_bitfield */
1540:C:\Users\bahri\GitHub\VirtualKeypad\Eclipse_USBProject_WS\Project_USB_CrossCompile\system\include\cmsis\core_cm4.h **** 
1541:C:\Users\bahri\GitHub\VirtualKeypad\Eclipse_USBProject_WS\Project_USB_CrossCompile\system\include\cmsis\core_cm4.h **** 
1542:C:\Users\bahri\GitHub\VirtualKeypad\Eclipse_USBProject_WS\Project_USB_CrossCompile\system\include\cmsis\core_cm4.h **** /**
1543:C:\Users\bahri\GitHub\VirtualKeypad\Eclipse_USBProject_WS\Project_USB_CrossCompile\system\include\cmsis\core_cm4.h ****   \ingroup    CMSIS_core_register
1544:C:\Users\bahri\GitHub\VirtualKeypad\Eclipse_USBProject_WS\Project_USB_CrossCompile\system\include\cmsis\core_cm4.h ****   \defgroup   CMSIS_core_base     Core Definitions
1545:C:\Users\bahri\GitHub\VirtualKeypad\Eclipse_USBProject_WS\Project_USB_CrossCompile\system\include\cmsis\core_cm4.h ****   \brief      Definitions for base addresses, unions, and structures.
1546:C:\Users\bahri\GitHub\VirtualKeypad\Eclipse_USBProject_WS\Project_USB_CrossCompile\system\include\cmsis\core_cm4.h ****   @{
1547:C:\Users\bahri\GitHub\VirtualKeypad\Eclipse_USBProject_WS\Project_USB_CrossCompile\system\include\cmsis\core_cm4.h ****  */
1548:C:\Users\bahri\GitHub\VirtualKeypad\Eclipse_USBProject_WS\Project_USB_CrossCompile\system\include\cmsis\core_cm4.h **** 
1549:C:\Users\bahri\GitHub\VirtualKeypad\Eclipse_USBProject_WS\Project_USB_CrossCompile\system\include\cmsis\core_cm4.h **** /* Memory mapping of Core Hardware */
1550:C:\Users\bahri\GitHub\VirtualKeypad\Eclipse_USBProject_WS\Project_USB_CrossCompile\system\include\cmsis\core_cm4.h **** #define SCS_BASE            (0xE000E000UL)                            /*!< System Control Space Bas
1551:C:\Users\bahri\GitHub\VirtualKeypad\Eclipse_USBProject_WS\Project_USB_CrossCompile\system\include\cmsis\core_cm4.h **** #define ITM_BASE            (0xE0000000UL)                            /*!< ITM Base Address */
1552:C:\Users\bahri\GitHub\VirtualKeypad\Eclipse_USBProject_WS\Project_USB_CrossCompile\system\include\cmsis\core_cm4.h **** #define DWT_BASE            (0xE0001000UL)                            /*!< DWT Base Address */
1553:C:\Users\bahri\GitHub\VirtualKeypad\Eclipse_USBProject_WS\Project_USB_CrossCompile\system\include\cmsis\core_cm4.h **** #define TPI_BASE            (0xE0040000UL)                            /*!< TPI Base Address */
1554:C:\Users\bahri\GitHub\VirtualKeypad\Eclipse_USBProject_WS\Project_USB_CrossCompile\system\include\cmsis\core_cm4.h **** #define CoreDebug_BASE      (0xE000EDF0UL)                            /*!< Core Debug Base Address 
1555:C:\Users\bahri\GitHub\VirtualKeypad\Eclipse_USBProject_WS\Project_USB_CrossCompile\system\include\cmsis\core_cm4.h **** #define SysTick_BASE        (SCS_BASE +  0x0010UL)                    /*!< SysTick Base Address */
1556:C:\Users\bahri\GitHub\VirtualKeypad\Eclipse_USBProject_WS\Project_USB_CrossCompile\system\include\cmsis\core_cm4.h **** #define NVIC_BASE           (SCS_BASE +  0x0100UL)                    /*!< NVIC Base Address */
1557:C:\Users\bahri\GitHub\VirtualKeypad\Eclipse_USBProject_WS\Project_USB_CrossCompile\system\include\cmsis\core_cm4.h **** #define SCB_BASE            (SCS_BASE +  0x0D00UL)                    /*!< System Control Block Bas
1558:C:\Users\bahri\GitHub\VirtualKeypad\Eclipse_USBProject_WS\Project_USB_CrossCompile\system\include\cmsis\core_cm4.h **** 
1559:C:\Users\bahri\GitHub\VirtualKeypad\Eclipse_USBProject_WS\Project_USB_CrossCompile\system\include\cmsis\core_cm4.h **** #define SCnSCB              ((SCnSCB_Type    *)     SCS_BASE      )   /*!< System control Register 
1560:C:\Users\bahri\GitHub\VirtualKeypad\Eclipse_USBProject_WS\Project_USB_CrossCompile\system\include\cmsis\core_cm4.h **** #define SCB                 ((SCB_Type       *)     SCB_BASE      )   /*!< SCB configuration struct
1561:C:\Users\bahri\GitHub\VirtualKeypad\Eclipse_USBProject_WS\Project_USB_CrossCompile\system\include\cmsis\core_cm4.h **** #define SysTick             ((SysTick_Type   *)     SysTick_BASE  )   /*!< SysTick configuration st
1562:C:\Users\bahri\GitHub\VirtualKeypad\Eclipse_USBProject_WS\Project_USB_CrossCompile\system\include\cmsis\core_cm4.h **** #define NVIC                ((NVIC_Type      *)     NVIC_BASE     )   /*!< NVIC configuration struc
1563:C:\Users\bahri\GitHub\VirtualKeypad\Eclipse_USBProject_WS\Project_USB_CrossCompile\system\include\cmsis\core_cm4.h **** #define ITM                 ((ITM_Type       *)     ITM_BASE      )   /*!< ITM configuration struct
1564:C:\Users\bahri\GitHub\VirtualKeypad\Eclipse_USBProject_WS\Project_USB_CrossCompile\system\include\cmsis\core_cm4.h **** #define DWT                 ((DWT_Type       *)     DWT_BASE      )   /*!< DWT configuration struct
1565:C:\Users\bahri\GitHub\VirtualKeypad\Eclipse_USBProject_WS\Project_USB_CrossCompile\system\include\cmsis\core_cm4.h **** #define TPI                 ((TPI_Type       *)     TPI_BASE      )   /*!< TPI configuration struct
1566:C:\Users\bahri\GitHub\VirtualKeypad\Eclipse_USBProject_WS\Project_USB_CrossCompile\system\include\cmsis\core_cm4.h **** #define CoreDebug           ((CoreDebug_Type *)     CoreDebug_BASE)   /*!< Core Debug configuration
1567:C:\Users\bahri\GitHub\VirtualKeypad\Eclipse_USBProject_WS\Project_USB_CrossCompile\system\include\cmsis\core_cm4.h **** 
1568:C:\Users\bahri\GitHub\VirtualKeypad\Eclipse_USBProject_WS\Project_USB_CrossCompile\system\include\cmsis\core_cm4.h **** #if defined (__MPU_PRESENT) && (__MPU_PRESENT == 1U)
1569:C:\Users\bahri\GitHub\VirtualKeypad\Eclipse_USBProject_WS\Project_USB_CrossCompile\system\include\cmsis\core_cm4.h ****   #define MPU_BASE          (SCS_BASE +  0x0D90UL)                    /*!< Memory Protection Unit *
1570:C:\Users\bahri\GitHub\VirtualKeypad\Eclipse_USBProject_WS\Project_USB_CrossCompile\system\include\cmsis\core_cm4.h ****   #define MPU               ((MPU_Type       *)     MPU_BASE      )   /*!< Memory Protection Unit *
1571:C:\Users\bahri\GitHub\VirtualKeypad\Eclipse_USBProject_WS\Project_USB_CrossCompile\system\include\cmsis\core_cm4.h **** #endif
1572:C:\Users\bahri\GitHub\VirtualKeypad\Eclipse_USBProject_WS\Project_USB_CrossCompile\system\include\cmsis\core_cm4.h **** 
1573:C:\Users\bahri\GitHub\VirtualKeypad\Eclipse_USBProject_WS\Project_USB_CrossCompile\system\include\cmsis\core_cm4.h **** #define FPU_BASE            (SCS_BASE +  0x0F30UL)                    /*!< Floating Point Unit */
1574:C:\Users\bahri\GitHub\VirtualKeypad\Eclipse_USBProject_WS\Project_USB_CrossCompile\system\include\cmsis\core_cm4.h **** #define FPU                 ((FPU_Type       *)     FPU_BASE      )   /*!< Floating Point Unit */
1575:C:\Users\bahri\GitHub\VirtualKeypad\Eclipse_USBProject_WS\Project_USB_CrossCompile\system\include\cmsis\core_cm4.h **** 
1576:C:\Users\bahri\GitHub\VirtualKeypad\Eclipse_USBProject_WS\Project_USB_CrossCompile\system\include\cmsis\core_cm4.h **** /*@} */
1577:C:\Users\bahri\GitHub\VirtualKeypad\Eclipse_USBProject_WS\Project_USB_CrossCompile\system\include\cmsis\core_cm4.h **** 
1578:C:\Users\bahri\GitHub\VirtualKeypad\Eclipse_USBProject_WS\Project_USB_CrossCompile\system\include\cmsis\core_cm4.h **** 
1579:C:\Users\bahri\GitHub\VirtualKeypad\Eclipse_USBProject_WS\Project_USB_CrossCompile\system\include\cmsis\core_cm4.h **** 
1580:C:\Users\bahri\GitHub\VirtualKeypad\Eclipse_USBProject_WS\Project_USB_CrossCompile\system\include\cmsis\core_cm4.h **** /*******************************************************************************
1581:C:\Users\bahri\GitHub\VirtualKeypad\Eclipse_USBProject_WS\Project_USB_CrossCompile\system\include\cmsis\core_cm4.h ****  *                Hardware Abstraction Layer
1582:C:\Users\bahri\GitHub\VirtualKeypad\Eclipse_USBProject_WS\Project_USB_CrossCompile\system\include\cmsis\core_cm4.h ****   Core Function Interface contains:
1583:C:\Users\bahri\GitHub\VirtualKeypad\Eclipse_USBProject_WS\Project_USB_CrossCompile\system\include\cmsis\core_cm4.h ****   - Core NVIC Functions
1584:C:\Users\bahri\GitHub\VirtualKeypad\Eclipse_USBProject_WS\Project_USB_CrossCompile\system\include\cmsis\core_cm4.h ****   - Core SysTick Functions
1585:C:\Users\bahri\GitHub\VirtualKeypad\Eclipse_USBProject_WS\Project_USB_CrossCompile\system\include\cmsis\core_cm4.h ****   - Core Debug Functions
1586:C:\Users\bahri\GitHub\VirtualKeypad\Eclipse_USBProject_WS\Project_USB_CrossCompile\system\include\cmsis\core_cm4.h ****   - Core Register Access Functions
1587:C:\Users\bahri\GitHub\VirtualKeypad\Eclipse_USBProject_WS\Project_USB_CrossCompile\system\include\cmsis\core_cm4.h ****  ******************************************************************************/
1588:C:\Users\bahri\GitHub\VirtualKeypad\Eclipse_USBProject_WS\Project_USB_CrossCompile\system\include\cmsis\core_cm4.h **** /**
1589:C:\Users\bahri\GitHub\VirtualKeypad\Eclipse_USBProject_WS\Project_USB_CrossCompile\system\include\cmsis\core_cm4.h ****   \defgroup CMSIS_Core_FunctionInterface Functions and Instructions Reference
1590:C:\Users\bahri\GitHub\VirtualKeypad\Eclipse_USBProject_WS\Project_USB_CrossCompile\system\include\cmsis\core_cm4.h **** */
1591:C:\Users\bahri\GitHub\VirtualKeypad\Eclipse_USBProject_WS\Project_USB_CrossCompile\system\include\cmsis\core_cm4.h **** 
1592:C:\Users\bahri\GitHub\VirtualKeypad\Eclipse_USBProject_WS\Project_USB_CrossCompile\system\include\cmsis\core_cm4.h **** 
1593:C:\Users\bahri\GitHub\VirtualKeypad\Eclipse_USBProject_WS\Project_USB_CrossCompile\system\include\cmsis\core_cm4.h **** 
1594:C:\Users\bahri\GitHub\VirtualKeypad\Eclipse_USBProject_WS\Project_USB_CrossCompile\system\include\cmsis\core_cm4.h **** /* ##########################   NVIC functions  #################################### */
1595:C:\Users\bahri\GitHub\VirtualKeypad\Eclipse_USBProject_WS\Project_USB_CrossCompile\system\include\cmsis\core_cm4.h **** /**
1596:C:\Users\bahri\GitHub\VirtualKeypad\Eclipse_USBProject_WS\Project_USB_CrossCompile\system\include\cmsis\core_cm4.h ****   \ingroup  CMSIS_Core_FunctionInterface
1597:C:\Users\bahri\GitHub\VirtualKeypad\Eclipse_USBProject_WS\Project_USB_CrossCompile\system\include\cmsis\core_cm4.h ****   \defgroup CMSIS_Core_NVICFunctions NVIC Functions
1598:C:\Users\bahri\GitHub\VirtualKeypad\Eclipse_USBProject_WS\Project_USB_CrossCompile\system\include\cmsis\core_cm4.h ****   \brief    Functions that manage interrupts and exceptions via the NVIC.
1599:C:\Users\bahri\GitHub\VirtualKeypad\Eclipse_USBProject_WS\Project_USB_CrossCompile\system\include\cmsis\core_cm4.h ****   @{
1600:C:\Users\bahri\GitHub\VirtualKeypad\Eclipse_USBProject_WS\Project_USB_CrossCompile\system\include\cmsis\core_cm4.h ****  */
1601:C:\Users\bahri\GitHub\VirtualKeypad\Eclipse_USBProject_WS\Project_USB_CrossCompile\system\include\cmsis\core_cm4.h **** 
1602:C:\Users\bahri\GitHub\VirtualKeypad\Eclipse_USBProject_WS\Project_USB_CrossCompile\system\include\cmsis\core_cm4.h **** #ifdef CMSIS_NVIC_VIRTUAL
1603:C:\Users\bahri\GitHub\VirtualKeypad\Eclipse_USBProject_WS\Project_USB_CrossCompile\system\include\cmsis\core_cm4.h ****   #ifndef CMSIS_NVIC_VIRTUAL_HEADER_FILE
1604:C:\Users\bahri\GitHub\VirtualKeypad\Eclipse_USBProject_WS\Project_USB_CrossCompile\system\include\cmsis\core_cm4.h ****     #define CMSIS_NVIC_VIRTUAL_HEADER_FILE "cmsis_nvic_virtual.h"
1605:C:\Users\bahri\GitHub\VirtualKeypad\Eclipse_USBProject_WS\Project_USB_CrossCompile\system\include\cmsis\core_cm4.h ****   #endif
1606:C:\Users\bahri\GitHub\VirtualKeypad\Eclipse_USBProject_WS\Project_USB_CrossCompile\system\include\cmsis\core_cm4.h ****   #include CMSIS_NVIC_VIRTUAL_HEADER_FILE
1607:C:\Users\bahri\GitHub\VirtualKeypad\Eclipse_USBProject_WS\Project_USB_CrossCompile\system\include\cmsis\core_cm4.h **** #else
1608:C:\Users\bahri\GitHub\VirtualKeypad\Eclipse_USBProject_WS\Project_USB_CrossCompile\system\include\cmsis\core_cm4.h ****   #define NVIC_SetPriorityGrouping    __NVIC_SetPriorityGrouping
1609:C:\Users\bahri\GitHub\VirtualKeypad\Eclipse_USBProject_WS\Project_USB_CrossCompile\system\include\cmsis\core_cm4.h ****   #define NVIC_GetPriorityGrouping    __NVIC_GetPriorityGrouping
1610:C:\Users\bahri\GitHub\VirtualKeypad\Eclipse_USBProject_WS\Project_USB_CrossCompile\system\include\cmsis\core_cm4.h ****   #define NVIC_EnableIRQ              __NVIC_EnableIRQ
1611:C:\Users\bahri\GitHub\VirtualKeypad\Eclipse_USBProject_WS\Project_USB_CrossCompile\system\include\cmsis\core_cm4.h ****   #define NVIC_GetEnableIRQ           __NVIC_GetEnableIRQ
1612:C:\Users\bahri\GitHub\VirtualKeypad\Eclipse_USBProject_WS\Project_USB_CrossCompile\system\include\cmsis\core_cm4.h ****   #define NVIC_DisableIRQ             __NVIC_DisableIRQ
1613:C:\Users\bahri\GitHub\VirtualKeypad\Eclipse_USBProject_WS\Project_USB_CrossCompile\system\include\cmsis\core_cm4.h ****   #define NVIC_GetPendingIRQ          __NVIC_GetPendingIRQ
1614:C:\Users\bahri\GitHub\VirtualKeypad\Eclipse_USBProject_WS\Project_USB_CrossCompile\system\include\cmsis\core_cm4.h ****   #define NVIC_SetPendingIRQ          __NVIC_SetPendingIRQ
1615:C:\Users\bahri\GitHub\VirtualKeypad\Eclipse_USBProject_WS\Project_USB_CrossCompile\system\include\cmsis\core_cm4.h ****   #define NVIC_ClearPendingIRQ        __NVIC_ClearPendingIRQ
1616:C:\Users\bahri\GitHub\VirtualKeypad\Eclipse_USBProject_WS\Project_USB_CrossCompile\system\include\cmsis\core_cm4.h ****   #define NVIC_GetActive              __NVIC_GetActive
1617:C:\Users\bahri\GitHub\VirtualKeypad\Eclipse_USBProject_WS\Project_USB_CrossCompile\system\include\cmsis\core_cm4.h ****   #define NVIC_SetPriority            __NVIC_SetPriority
1618:C:\Users\bahri\GitHub\VirtualKeypad\Eclipse_USBProject_WS\Project_USB_CrossCompile\system\include\cmsis\core_cm4.h ****   #define NVIC_GetPriority            __NVIC_GetPriority
1619:C:\Users\bahri\GitHub\VirtualKeypad\Eclipse_USBProject_WS\Project_USB_CrossCompile\system\include\cmsis\core_cm4.h ****   #define NVIC_SystemReset            __NVIC_SystemReset
1620:C:\Users\bahri\GitHub\VirtualKeypad\Eclipse_USBProject_WS\Project_USB_CrossCompile\system\include\cmsis\core_cm4.h **** #endif /* CMSIS_NVIC_VIRTUAL */
1621:C:\Users\bahri\GitHub\VirtualKeypad\Eclipse_USBProject_WS\Project_USB_CrossCompile\system\include\cmsis\core_cm4.h **** 
1622:C:\Users\bahri\GitHub\VirtualKeypad\Eclipse_USBProject_WS\Project_USB_CrossCompile\system\include\cmsis\core_cm4.h **** #ifdef CMSIS_VECTAB_VIRTUAL
1623:C:\Users\bahri\GitHub\VirtualKeypad\Eclipse_USBProject_WS\Project_USB_CrossCompile\system\include\cmsis\core_cm4.h ****   #ifndef CMSIS_VECTAB_VIRTUAL_HEADER_FILE
1624:C:\Users\bahri\GitHub\VirtualKeypad\Eclipse_USBProject_WS\Project_USB_CrossCompile\system\include\cmsis\core_cm4.h ****     #define CMSIS_VECTAB_VIRTUAL_HEADER_FILE "cmsis_vectab_virtual.h"
1625:C:\Users\bahri\GitHub\VirtualKeypad\Eclipse_USBProject_WS\Project_USB_CrossCompile\system\include\cmsis\core_cm4.h ****   #endif
1626:C:\Users\bahri\GitHub\VirtualKeypad\Eclipse_USBProject_WS\Project_USB_CrossCompile\system\include\cmsis\core_cm4.h ****   #include CMSIS_VECTAB_VIRTUAL_HEADER_FILE
1627:C:\Users\bahri\GitHub\VirtualKeypad\Eclipse_USBProject_WS\Project_USB_CrossCompile\system\include\cmsis\core_cm4.h **** #else
1628:C:\Users\bahri\GitHub\VirtualKeypad\Eclipse_USBProject_WS\Project_USB_CrossCompile\system\include\cmsis\core_cm4.h ****   #define NVIC_SetVector              __NVIC_SetVector
1629:C:\Users\bahri\GitHub\VirtualKeypad\Eclipse_USBProject_WS\Project_USB_CrossCompile\system\include\cmsis\core_cm4.h ****   #define NVIC_GetVector              __NVIC_GetVector
1630:C:\Users\bahri\GitHub\VirtualKeypad\Eclipse_USBProject_WS\Project_USB_CrossCompile\system\include\cmsis\core_cm4.h **** #endif  /* (CMSIS_VECTAB_VIRTUAL) */
1631:C:\Users\bahri\GitHub\VirtualKeypad\Eclipse_USBProject_WS\Project_USB_CrossCompile\system\include\cmsis\core_cm4.h **** 
1632:C:\Users\bahri\GitHub\VirtualKeypad\Eclipse_USBProject_WS\Project_USB_CrossCompile\system\include\cmsis\core_cm4.h **** #define NVIC_USER_IRQ_OFFSET          16
1633:C:\Users\bahri\GitHub\VirtualKeypad\Eclipse_USBProject_WS\Project_USB_CrossCompile\system\include\cmsis\core_cm4.h **** 
1634:C:\Users\bahri\GitHub\VirtualKeypad\Eclipse_USBProject_WS\Project_USB_CrossCompile\system\include\cmsis\core_cm4.h **** 
1635:C:\Users\bahri\GitHub\VirtualKeypad\Eclipse_USBProject_WS\Project_USB_CrossCompile\system\include\cmsis\core_cm4.h **** /* The following EXC_RETURN values are saved the LR on exception entry */
1636:C:\Users\bahri\GitHub\VirtualKeypad\Eclipse_USBProject_WS\Project_USB_CrossCompile\system\include\cmsis\core_cm4.h **** #define EXC_RETURN_HANDLER         (0xFFFFFFF1UL)     /* return to Handler mode, uses MSP after ret
1637:C:\Users\bahri\GitHub\VirtualKeypad\Eclipse_USBProject_WS\Project_USB_CrossCompile\system\include\cmsis\core_cm4.h **** #define EXC_RETURN_THREAD_MSP      (0xFFFFFFF9UL)     /* return to Thread mode, uses MSP after retu
1638:C:\Users\bahri\GitHub\VirtualKeypad\Eclipse_USBProject_WS\Project_USB_CrossCompile\system\include\cmsis\core_cm4.h **** #define EXC_RETURN_THREAD_PSP      (0xFFFFFFFDUL)     /* return to Thread mode, uses PSP after retu
1639:C:\Users\bahri\GitHub\VirtualKeypad\Eclipse_USBProject_WS\Project_USB_CrossCompile\system\include\cmsis\core_cm4.h **** #define EXC_RETURN_HANDLER_FPU     (0xFFFFFFE1UL)     /* return to Handler mode, uses MSP after ret
1640:C:\Users\bahri\GitHub\VirtualKeypad\Eclipse_USBProject_WS\Project_USB_CrossCompile\system\include\cmsis\core_cm4.h **** #define EXC_RETURN_THREAD_MSP_FPU  (0xFFFFFFE9UL)     /* return to Thread mode, uses MSP after retu
1641:C:\Users\bahri\GitHub\VirtualKeypad\Eclipse_USBProject_WS\Project_USB_CrossCompile\system\include\cmsis\core_cm4.h **** #define EXC_RETURN_THREAD_PSP_FPU  (0xFFFFFFEDUL)     /* return to Thread mode, uses PSP after retu
1642:C:\Users\bahri\GitHub\VirtualKeypad\Eclipse_USBProject_WS\Project_USB_CrossCompile\system\include\cmsis\core_cm4.h **** 
1643:C:\Users\bahri\GitHub\VirtualKeypad\Eclipse_USBProject_WS\Project_USB_CrossCompile\system\include\cmsis\core_cm4.h **** 
1644:C:\Users\bahri\GitHub\VirtualKeypad\Eclipse_USBProject_WS\Project_USB_CrossCompile\system\include\cmsis\core_cm4.h **** /**
1645:C:\Users\bahri\GitHub\VirtualKeypad\Eclipse_USBProject_WS\Project_USB_CrossCompile\system\include\cmsis\core_cm4.h ****   \brief   Set Priority Grouping
1646:C:\Users\bahri\GitHub\VirtualKeypad\Eclipse_USBProject_WS\Project_USB_CrossCompile\system\include\cmsis\core_cm4.h ****   \details Sets the priority grouping field using the required unlock sequence.
1647:C:\Users\bahri\GitHub\VirtualKeypad\Eclipse_USBProject_WS\Project_USB_CrossCompile\system\include\cmsis\core_cm4.h ****            The parameter PriorityGroup is assigned to the field SCB->AIRCR [10:8] PRIGROUP field.
1648:C:\Users\bahri\GitHub\VirtualKeypad\Eclipse_USBProject_WS\Project_USB_CrossCompile\system\include\cmsis\core_cm4.h ****            Only values from 0..7 are used.
1649:C:\Users\bahri\GitHub\VirtualKeypad\Eclipse_USBProject_WS\Project_USB_CrossCompile\system\include\cmsis\core_cm4.h ****            In case of a conflict between priority grouping and available
1650:C:\Users\bahri\GitHub\VirtualKeypad\Eclipse_USBProject_WS\Project_USB_CrossCompile\system\include\cmsis\core_cm4.h ****            priority bits (__NVIC_PRIO_BITS), the smallest possible priority group is set.
1651:C:\Users\bahri\GitHub\VirtualKeypad\Eclipse_USBProject_WS\Project_USB_CrossCompile\system\include\cmsis\core_cm4.h ****   \param [in]      PriorityGroup  Priority grouping field.
1652:C:\Users\bahri\GitHub\VirtualKeypad\Eclipse_USBProject_WS\Project_USB_CrossCompile\system\include\cmsis\core_cm4.h ****  */
1653:C:\Users\bahri\GitHub\VirtualKeypad\Eclipse_USBProject_WS\Project_USB_CrossCompile\system\include\cmsis\core_cm4.h **** __STATIC_INLINE void __NVIC_SetPriorityGrouping(uint32_t PriorityGroup)
1654:C:\Users\bahri\GitHub\VirtualKeypad\Eclipse_USBProject_WS\Project_USB_CrossCompile\system\include\cmsis\core_cm4.h **** {
1655:C:\Users\bahri\GitHub\VirtualKeypad\Eclipse_USBProject_WS\Project_USB_CrossCompile\system\include\cmsis\core_cm4.h ****   uint32_t reg_value;
1656:C:\Users\bahri\GitHub\VirtualKeypad\Eclipse_USBProject_WS\Project_USB_CrossCompile\system\include\cmsis\core_cm4.h ****   uint32_t PriorityGroupTmp = (PriorityGroup & (uint32_t)0x07UL);             /* only values 0..7 a
1657:C:\Users\bahri\GitHub\VirtualKeypad\Eclipse_USBProject_WS\Project_USB_CrossCompile\system\include\cmsis\core_cm4.h **** 
1658:C:\Users\bahri\GitHub\VirtualKeypad\Eclipse_USBProject_WS\Project_USB_CrossCompile\system\include\cmsis\core_cm4.h ****   reg_value  =  SCB->AIRCR;                                                   /* read old register 
1659:C:\Users\bahri\GitHub\VirtualKeypad\Eclipse_USBProject_WS\Project_USB_CrossCompile\system\include\cmsis\core_cm4.h ****   reg_value &= ~((uint32_t)(SCB_AIRCR_VECTKEY_Msk | SCB_AIRCR_PRIGROUP_Msk)); /* clear bits to chan
1660:C:\Users\bahri\GitHub\VirtualKeypad\Eclipse_USBProject_WS\Project_USB_CrossCompile\system\include\cmsis\core_cm4.h ****   reg_value  =  (reg_value                                   |
1661:C:\Users\bahri\GitHub\VirtualKeypad\Eclipse_USBProject_WS\Project_USB_CrossCompile\system\include\cmsis\core_cm4.h ****                 ((uint32_t)0x5FAUL << SCB_AIRCR_VECTKEY_Pos) |
1662:C:\Users\bahri\GitHub\VirtualKeypad\Eclipse_USBProject_WS\Project_USB_CrossCompile\system\include\cmsis\core_cm4.h ****                 (PriorityGroupTmp << SCB_AIRCR_PRIGROUP_Pos)  );              /* Insert write key a
1663:C:\Users\bahri\GitHub\VirtualKeypad\Eclipse_USBProject_WS\Project_USB_CrossCompile\system\include\cmsis\core_cm4.h ****   SCB->AIRCR =  reg_value;
1664:C:\Users\bahri\GitHub\VirtualKeypad\Eclipse_USBProject_WS\Project_USB_CrossCompile\system\include\cmsis\core_cm4.h **** }
1665:C:\Users\bahri\GitHub\VirtualKeypad\Eclipse_USBProject_WS\Project_USB_CrossCompile\system\include\cmsis\core_cm4.h **** 
1666:C:\Users\bahri\GitHub\VirtualKeypad\Eclipse_USBProject_WS\Project_USB_CrossCompile\system\include\cmsis\core_cm4.h **** 
1667:C:\Users\bahri\GitHub\VirtualKeypad\Eclipse_USBProject_WS\Project_USB_CrossCompile\system\include\cmsis\core_cm4.h **** /**
1668:C:\Users\bahri\GitHub\VirtualKeypad\Eclipse_USBProject_WS\Project_USB_CrossCompile\system\include\cmsis\core_cm4.h ****   \brief   Get Priority Grouping
1669:C:\Users\bahri\GitHub\VirtualKeypad\Eclipse_USBProject_WS\Project_USB_CrossCompile\system\include\cmsis\core_cm4.h ****   \details Reads the priority grouping field from the NVIC Interrupt Controller.
1670:C:\Users\bahri\GitHub\VirtualKeypad\Eclipse_USBProject_WS\Project_USB_CrossCompile\system\include\cmsis\core_cm4.h ****   \return                Priority grouping field (SCB->AIRCR [10:8] PRIGROUP field).
1671:C:\Users\bahri\GitHub\VirtualKeypad\Eclipse_USBProject_WS\Project_USB_CrossCompile\system\include\cmsis\core_cm4.h ****  */
1672:C:\Users\bahri\GitHub\VirtualKeypad\Eclipse_USBProject_WS\Project_USB_CrossCompile\system\include\cmsis\core_cm4.h **** __STATIC_INLINE uint32_t __NVIC_GetPriorityGrouping(void)
1673:C:\Users\bahri\GitHub\VirtualKeypad\Eclipse_USBProject_WS\Project_USB_CrossCompile\system\include\cmsis\core_cm4.h **** {
1674:C:\Users\bahri\GitHub\VirtualKeypad\Eclipse_USBProject_WS\Project_USB_CrossCompile\system\include\cmsis\core_cm4.h ****   return ((uint32_t)((SCB->AIRCR & SCB_AIRCR_PRIGROUP_Msk) >> SCB_AIRCR_PRIGROUP_Pos));
1675:C:\Users\bahri\GitHub\VirtualKeypad\Eclipse_USBProject_WS\Project_USB_CrossCompile\system\include\cmsis\core_cm4.h **** }
1676:C:\Users\bahri\GitHub\VirtualKeypad\Eclipse_USBProject_WS\Project_USB_CrossCompile\system\include\cmsis\core_cm4.h **** 
1677:C:\Users\bahri\GitHub\VirtualKeypad\Eclipse_USBProject_WS\Project_USB_CrossCompile\system\include\cmsis\core_cm4.h **** 
1678:C:\Users\bahri\GitHub\VirtualKeypad\Eclipse_USBProject_WS\Project_USB_CrossCompile\system\include\cmsis\core_cm4.h **** /**
1679:C:\Users\bahri\GitHub\VirtualKeypad\Eclipse_USBProject_WS\Project_USB_CrossCompile\system\include\cmsis\core_cm4.h ****   \brief   Enable Interrupt
1680:C:\Users\bahri\GitHub\VirtualKeypad\Eclipse_USBProject_WS\Project_USB_CrossCompile\system\include\cmsis\core_cm4.h ****   \details Enables a device specific interrupt in the NVIC interrupt controller.
1681:C:\Users\bahri\GitHub\VirtualKeypad\Eclipse_USBProject_WS\Project_USB_CrossCompile\system\include\cmsis\core_cm4.h ****   \param [in]      IRQn  Device specific interrupt number.
1682:C:\Users\bahri\GitHub\VirtualKeypad\Eclipse_USBProject_WS\Project_USB_CrossCompile\system\include\cmsis\core_cm4.h ****   \note    IRQn must not be negative.
1683:C:\Users\bahri\GitHub\VirtualKeypad\Eclipse_USBProject_WS\Project_USB_CrossCompile\system\include\cmsis\core_cm4.h ****  */
1684:C:\Users\bahri\GitHub\VirtualKeypad\Eclipse_USBProject_WS\Project_USB_CrossCompile\system\include\cmsis\core_cm4.h **** __STATIC_INLINE void __NVIC_EnableIRQ(IRQn_Type IRQn)
1685:C:\Users\bahri\GitHub\VirtualKeypad\Eclipse_USBProject_WS\Project_USB_CrossCompile\system\include\cmsis\core_cm4.h **** {
  25              		.loc 1 1685 1
  26              		.cfi_startproc
  27              		@ args = 0, pretend = 0, frame = 8
  28              		@ frame_needed = 1, uses_anonymous_args = 0
  29              		@ link register save eliminated.
  30 0000 80B4     		push	{r7}
  31              		.cfi_def_cfa_offset 4
  32              		.cfi_offset 7, -4
  33 0002 83B0     		sub	sp, sp, #12
  34              		.cfi_def_cfa_offset 16
  35 0004 00AF     		add	r7, sp, #0
  36              		.cfi_def_cfa_register 7
  37 0006 0346     		mov	r3, r0
  38 0008 FB71     		strb	r3, [r7, #7]
1686:C:\Users\bahri\GitHub\VirtualKeypad\Eclipse_USBProject_WS\Project_USB_CrossCompile\system\include\cmsis\core_cm4.h ****   if ((int32_t)(IRQn) >= 0)
  39              		.loc 1 1686 6
  40 000a 97F90730 		ldrsb	r3, [r7, #7]
  41 000e 002B     		cmp	r3, #0
  42 0010 0BDB     		blt	.L3
1687:C:\Users\bahri\GitHub\VirtualKeypad\Eclipse_USBProject_WS\Project_USB_CrossCompile\system\include\cmsis\core_cm4.h ****   {
1688:C:\Users\bahri\GitHub\VirtualKeypad\Eclipse_USBProject_WS\Project_USB_CrossCompile\system\include\cmsis\core_cm4.h ****     __COMPILER_BARRIER();
  43              		.loc 1 1688 5
1689:C:\Users\bahri\GitHub\VirtualKeypad\Eclipse_USBProject_WS\Project_USB_CrossCompile\system\include\cmsis\core_cm4.h ****     NVIC->ISER[(((uint32_t)IRQn) >> 5UL)] = (uint32_t)(1UL << (((uint32_t)IRQn) & 0x1FUL));
  44              		.loc 1 1689 81
  45 0012 FB79     		ldrb	r3, [r7, #7]	@ zero_extendqisi2
  46 0014 03F01F02 		and	r2, r3, #31
  47              		.loc 1 1689 9
  48 0018 0649     		ldr	r1, .L4
  49              		.loc 1 1689 18
  50 001a 97F90730 		ldrsb	r3, [r7, #7]
  51              		.loc 1 1689 34
  52 001e 5B09     		lsrs	r3, r3, #5
  53              		.loc 1 1689 45
  54 0020 0120     		movs	r0, #1
  55 0022 00FA02F2 		lsl	r2, r0, r2
  56              		.loc 1 1689 43
  57 0026 41F82320 		str	r2, [r1, r3, lsl #2]
1690:C:\Users\bahri\GitHub\VirtualKeypad\Eclipse_USBProject_WS\Project_USB_CrossCompile\system\include\cmsis\core_cm4.h ****     __COMPILER_BARRIER();
  58              		.loc 1 1690 5
  59              	.L3:
1691:C:\Users\bahri\GitHub\VirtualKeypad\Eclipse_USBProject_WS\Project_USB_CrossCompile\system\include\cmsis\core_cm4.h ****   }
1692:C:\Users\bahri\GitHub\VirtualKeypad\Eclipse_USBProject_WS\Project_USB_CrossCompile\system\include\cmsis\core_cm4.h **** }
  60              		.loc 1 1692 1
  61 002a 00BF     		nop
  62 002c 0C37     		adds	r7, r7, #12
  63              		.cfi_def_cfa_offset 4
  64 002e BD46     		mov	sp, r7
  65              		.cfi_def_cfa_register 13
  66              		@ sp needed
  67 0030 80BC     		pop	{r7}
  68              		.cfi_restore 7
  69              		.cfi_def_cfa_offset 0
  70 0032 7047     		bx	lr
  71              	.L5:
  72              		.align	2
  73              	.L4:
  74 0034 00E100E0 		.word	-536813312
  75              		.cfi_endproc
  76              	.LFE108:
  78              		.align	1
  79              		.syntax unified
  80              		.thumb
  81              		.thumb_func
  83              	__NVIC_SetPriority:
  84              	.LFB115:
1693:C:\Users\bahri\GitHub\VirtualKeypad\Eclipse_USBProject_WS\Project_USB_CrossCompile\system\include\cmsis\core_cm4.h **** 
1694:C:\Users\bahri\GitHub\VirtualKeypad\Eclipse_USBProject_WS\Project_USB_CrossCompile\system\include\cmsis\core_cm4.h **** 
1695:C:\Users\bahri\GitHub\VirtualKeypad\Eclipse_USBProject_WS\Project_USB_CrossCompile\system\include\cmsis\core_cm4.h **** /**
1696:C:\Users\bahri\GitHub\VirtualKeypad\Eclipse_USBProject_WS\Project_USB_CrossCompile\system\include\cmsis\core_cm4.h ****   \brief   Get Interrupt Enable status
1697:C:\Users\bahri\GitHub\VirtualKeypad\Eclipse_USBProject_WS\Project_USB_CrossCompile\system\include\cmsis\core_cm4.h ****   \details Returns a device specific interrupt enable status from the NVIC interrupt controller.
1698:C:\Users\bahri\GitHub\VirtualKeypad\Eclipse_USBProject_WS\Project_USB_CrossCompile\system\include\cmsis\core_cm4.h ****   \param [in]      IRQn  Device specific interrupt number.
1699:C:\Users\bahri\GitHub\VirtualKeypad\Eclipse_USBProject_WS\Project_USB_CrossCompile\system\include\cmsis\core_cm4.h ****   \return             0  Interrupt is not enabled.
1700:C:\Users\bahri\GitHub\VirtualKeypad\Eclipse_USBProject_WS\Project_USB_CrossCompile\system\include\cmsis\core_cm4.h ****   \return             1  Interrupt is enabled.
1701:C:\Users\bahri\GitHub\VirtualKeypad\Eclipse_USBProject_WS\Project_USB_CrossCompile\system\include\cmsis\core_cm4.h ****   \note    IRQn must not be negative.
1702:C:\Users\bahri\GitHub\VirtualKeypad\Eclipse_USBProject_WS\Project_USB_CrossCompile\system\include\cmsis\core_cm4.h ****  */
1703:C:\Users\bahri\GitHub\VirtualKeypad\Eclipse_USBProject_WS\Project_USB_CrossCompile\system\include\cmsis\core_cm4.h **** __STATIC_INLINE uint32_t __NVIC_GetEnableIRQ(IRQn_Type IRQn)
1704:C:\Users\bahri\GitHub\VirtualKeypad\Eclipse_USBProject_WS\Project_USB_CrossCompile\system\include\cmsis\core_cm4.h **** {
1705:C:\Users\bahri\GitHub\VirtualKeypad\Eclipse_USBProject_WS\Project_USB_CrossCompile\system\include\cmsis\core_cm4.h ****   if ((int32_t)(IRQn) >= 0)
1706:C:\Users\bahri\GitHub\VirtualKeypad\Eclipse_USBProject_WS\Project_USB_CrossCompile\system\include\cmsis\core_cm4.h ****   {
1707:C:\Users\bahri\GitHub\VirtualKeypad\Eclipse_USBProject_WS\Project_USB_CrossCompile\system\include\cmsis\core_cm4.h ****     return((uint32_t)(((NVIC->ISER[(((uint32_t)IRQn) >> 5UL)] & (1UL << (((uint32_t)IRQn) & 0x1FUL)
1708:C:\Users\bahri\GitHub\VirtualKeypad\Eclipse_USBProject_WS\Project_USB_CrossCompile\system\include\cmsis\core_cm4.h ****   }
1709:C:\Users\bahri\GitHub\VirtualKeypad\Eclipse_USBProject_WS\Project_USB_CrossCompile\system\include\cmsis\core_cm4.h ****   else
1710:C:\Users\bahri\GitHub\VirtualKeypad\Eclipse_USBProject_WS\Project_USB_CrossCompile\system\include\cmsis\core_cm4.h ****   {
1711:C:\Users\bahri\GitHub\VirtualKeypad\Eclipse_USBProject_WS\Project_USB_CrossCompile\system\include\cmsis\core_cm4.h ****     return(0U);
1712:C:\Users\bahri\GitHub\VirtualKeypad\Eclipse_USBProject_WS\Project_USB_CrossCompile\system\include\cmsis\core_cm4.h ****   }
1713:C:\Users\bahri\GitHub\VirtualKeypad\Eclipse_USBProject_WS\Project_USB_CrossCompile\system\include\cmsis\core_cm4.h **** }
1714:C:\Users\bahri\GitHub\VirtualKeypad\Eclipse_USBProject_WS\Project_USB_CrossCompile\system\include\cmsis\core_cm4.h **** 
1715:C:\Users\bahri\GitHub\VirtualKeypad\Eclipse_USBProject_WS\Project_USB_CrossCompile\system\include\cmsis\core_cm4.h **** 
1716:C:\Users\bahri\GitHub\VirtualKeypad\Eclipse_USBProject_WS\Project_USB_CrossCompile\system\include\cmsis\core_cm4.h **** /**
1717:C:\Users\bahri\GitHub\VirtualKeypad\Eclipse_USBProject_WS\Project_USB_CrossCompile\system\include\cmsis\core_cm4.h ****   \brief   Disable Interrupt
1718:C:\Users\bahri\GitHub\VirtualKeypad\Eclipse_USBProject_WS\Project_USB_CrossCompile\system\include\cmsis\core_cm4.h ****   \details Disables a device specific interrupt in the NVIC interrupt controller.
1719:C:\Users\bahri\GitHub\VirtualKeypad\Eclipse_USBProject_WS\Project_USB_CrossCompile\system\include\cmsis\core_cm4.h ****   \param [in]      IRQn  Device specific interrupt number.
1720:C:\Users\bahri\GitHub\VirtualKeypad\Eclipse_USBProject_WS\Project_USB_CrossCompile\system\include\cmsis\core_cm4.h ****   \note    IRQn must not be negative.
1721:C:\Users\bahri\GitHub\VirtualKeypad\Eclipse_USBProject_WS\Project_USB_CrossCompile\system\include\cmsis\core_cm4.h ****  */
1722:C:\Users\bahri\GitHub\VirtualKeypad\Eclipse_USBProject_WS\Project_USB_CrossCompile\system\include\cmsis\core_cm4.h **** __STATIC_INLINE void __NVIC_DisableIRQ(IRQn_Type IRQn)
1723:C:\Users\bahri\GitHub\VirtualKeypad\Eclipse_USBProject_WS\Project_USB_CrossCompile\system\include\cmsis\core_cm4.h **** {
1724:C:\Users\bahri\GitHub\VirtualKeypad\Eclipse_USBProject_WS\Project_USB_CrossCompile\system\include\cmsis\core_cm4.h ****   if ((int32_t)(IRQn) >= 0)
1725:C:\Users\bahri\GitHub\VirtualKeypad\Eclipse_USBProject_WS\Project_USB_CrossCompile\system\include\cmsis\core_cm4.h ****   {
1726:C:\Users\bahri\GitHub\VirtualKeypad\Eclipse_USBProject_WS\Project_USB_CrossCompile\system\include\cmsis\core_cm4.h ****     NVIC->ICER[(((uint32_t)IRQn) >> 5UL)] = (uint32_t)(1UL << (((uint32_t)IRQn) & 0x1FUL));
1727:C:\Users\bahri\GitHub\VirtualKeypad\Eclipse_USBProject_WS\Project_USB_CrossCompile\system\include\cmsis\core_cm4.h ****     __DSB();
1728:C:\Users\bahri\GitHub\VirtualKeypad\Eclipse_USBProject_WS\Project_USB_CrossCompile\system\include\cmsis\core_cm4.h ****     __ISB();
1729:C:\Users\bahri\GitHub\VirtualKeypad\Eclipse_USBProject_WS\Project_USB_CrossCompile\system\include\cmsis\core_cm4.h ****   }
1730:C:\Users\bahri\GitHub\VirtualKeypad\Eclipse_USBProject_WS\Project_USB_CrossCompile\system\include\cmsis\core_cm4.h **** }
1731:C:\Users\bahri\GitHub\VirtualKeypad\Eclipse_USBProject_WS\Project_USB_CrossCompile\system\include\cmsis\core_cm4.h **** 
1732:C:\Users\bahri\GitHub\VirtualKeypad\Eclipse_USBProject_WS\Project_USB_CrossCompile\system\include\cmsis\core_cm4.h **** 
1733:C:\Users\bahri\GitHub\VirtualKeypad\Eclipse_USBProject_WS\Project_USB_CrossCompile\system\include\cmsis\core_cm4.h **** /**
1734:C:\Users\bahri\GitHub\VirtualKeypad\Eclipse_USBProject_WS\Project_USB_CrossCompile\system\include\cmsis\core_cm4.h ****   \brief   Get Pending Interrupt
1735:C:\Users\bahri\GitHub\VirtualKeypad\Eclipse_USBProject_WS\Project_USB_CrossCompile\system\include\cmsis\core_cm4.h ****   \details Reads the NVIC pending register and returns the pending bit for the specified device spe
1736:C:\Users\bahri\GitHub\VirtualKeypad\Eclipse_USBProject_WS\Project_USB_CrossCompile\system\include\cmsis\core_cm4.h ****   \param [in]      IRQn  Device specific interrupt number.
1737:C:\Users\bahri\GitHub\VirtualKeypad\Eclipse_USBProject_WS\Project_USB_CrossCompile\system\include\cmsis\core_cm4.h ****   \return             0  Interrupt status is not pending.
1738:C:\Users\bahri\GitHub\VirtualKeypad\Eclipse_USBProject_WS\Project_USB_CrossCompile\system\include\cmsis\core_cm4.h ****   \return             1  Interrupt status is pending.
1739:C:\Users\bahri\GitHub\VirtualKeypad\Eclipse_USBProject_WS\Project_USB_CrossCompile\system\include\cmsis\core_cm4.h ****   \note    IRQn must not be negative.
1740:C:\Users\bahri\GitHub\VirtualKeypad\Eclipse_USBProject_WS\Project_USB_CrossCompile\system\include\cmsis\core_cm4.h ****  */
1741:C:\Users\bahri\GitHub\VirtualKeypad\Eclipse_USBProject_WS\Project_USB_CrossCompile\system\include\cmsis\core_cm4.h **** __STATIC_INLINE uint32_t __NVIC_GetPendingIRQ(IRQn_Type IRQn)
1742:C:\Users\bahri\GitHub\VirtualKeypad\Eclipse_USBProject_WS\Project_USB_CrossCompile\system\include\cmsis\core_cm4.h **** {
1743:C:\Users\bahri\GitHub\VirtualKeypad\Eclipse_USBProject_WS\Project_USB_CrossCompile\system\include\cmsis\core_cm4.h ****   if ((int32_t)(IRQn) >= 0)
1744:C:\Users\bahri\GitHub\VirtualKeypad\Eclipse_USBProject_WS\Project_USB_CrossCompile\system\include\cmsis\core_cm4.h ****   {
1745:C:\Users\bahri\GitHub\VirtualKeypad\Eclipse_USBProject_WS\Project_USB_CrossCompile\system\include\cmsis\core_cm4.h ****     return((uint32_t)(((NVIC->ISPR[(((uint32_t)IRQn) >> 5UL)] & (1UL << (((uint32_t)IRQn) & 0x1FUL)
1746:C:\Users\bahri\GitHub\VirtualKeypad\Eclipse_USBProject_WS\Project_USB_CrossCompile\system\include\cmsis\core_cm4.h ****   }
1747:C:\Users\bahri\GitHub\VirtualKeypad\Eclipse_USBProject_WS\Project_USB_CrossCompile\system\include\cmsis\core_cm4.h ****   else
1748:C:\Users\bahri\GitHub\VirtualKeypad\Eclipse_USBProject_WS\Project_USB_CrossCompile\system\include\cmsis\core_cm4.h ****   {
1749:C:\Users\bahri\GitHub\VirtualKeypad\Eclipse_USBProject_WS\Project_USB_CrossCompile\system\include\cmsis\core_cm4.h ****     return(0U);
1750:C:\Users\bahri\GitHub\VirtualKeypad\Eclipse_USBProject_WS\Project_USB_CrossCompile\system\include\cmsis\core_cm4.h ****   }
1751:C:\Users\bahri\GitHub\VirtualKeypad\Eclipse_USBProject_WS\Project_USB_CrossCompile\system\include\cmsis\core_cm4.h **** }
1752:C:\Users\bahri\GitHub\VirtualKeypad\Eclipse_USBProject_WS\Project_USB_CrossCompile\system\include\cmsis\core_cm4.h **** 
1753:C:\Users\bahri\GitHub\VirtualKeypad\Eclipse_USBProject_WS\Project_USB_CrossCompile\system\include\cmsis\core_cm4.h **** 
1754:C:\Users\bahri\GitHub\VirtualKeypad\Eclipse_USBProject_WS\Project_USB_CrossCompile\system\include\cmsis\core_cm4.h **** /**
1755:C:\Users\bahri\GitHub\VirtualKeypad\Eclipse_USBProject_WS\Project_USB_CrossCompile\system\include\cmsis\core_cm4.h ****   \brief   Set Pending Interrupt
1756:C:\Users\bahri\GitHub\VirtualKeypad\Eclipse_USBProject_WS\Project_USB_CrossCompile\system\include\cmsis\core_cm4.h ****   \details Sets the pending bit of a device specific interrupt in the NVIC pending register.
1757:C:\Users\bahri\GitHub\VirtualKeypad\Eclipse_USBProject_WS\Project_USB_CrossCompile\system\include\cmsis\core_cm4.h ****   \param [in]      IRQn  Device specific interrupt number.
1758:C:\Users\bahri\GitHub\VirtualKeypad\Eclipse_USBProject_WS\Project_USB_CrossCompile\system\include\cmsis\core_cm4.h ****   \note    IRQn must not be negative.
1759:C:\Users\bahri\GitHub\VirtualKeypad\Eclipse_USBProject_WS\Project_USB_CrossCompile\system\include\cmsis\core_cm4.h ****  */
1760:C:\Users\bahri\GitHub\VirtualKeypad\Eclipse_USBProject_WS\Project_USB_CrossCompile\system\include\cmsis\core_cm4.h **** __STATIC_INLINE void __NVIC_SetPendingIRQ(IRQn_Type IRQn)
1761:C:\Users\bahri\GitHub\VirtualKeypad\Eclipse_USBProject_WS\Project_USB_CrossCompile\system\include\cmsis\core_cm4.h **** {
1762:C:\Users\bahri\GitHub\VirtualKeypad\Eclipse_USBProject_WS\Project_USB_CrossCompile\system\include\cmsis\core_cm4.h ****   if ((int32_t)(IRQn) >= 0)
1763:C:\Users\bahri\GitHub\VirtualKeypad\Eclipse_USBProject_WS\Project_USB_CrossCompile\system\include\cmsis\core_cm4.h ****   {
1764:C:\Users\bahri\GitHub\VirtualKeypad\Eclipse_USBProject_WS\Project_USB_CrossCompile\system\include\cmsis\core_cm4.h ****     NVIC->ISPR[(((uint32_t)IRQn) >> 5UL)] = (uint32_t)(1UL << (((uint32_t)IRQn) & 0x1FUL));
1765:C:\Users\bahri\GitHub\VirtualKeypad\Eclipse_USBProject_WS\Project_USB_CrossCompile\system\include\cmsis\core_cm4.h ****   }
1766:C:\Users\bahri\GitHub\VirtualKeypad\Eclipse_USBProject_WS\Project_USB_CrossCompile\system\include\cmsis\core_cm4.h **** }
1767:C:\Users\bahri\GitHub\VirtualKeypad\Eclipse_USBProject_WS\Project_USB_CrossCompile\system\include\cmsis\core_cm4.h **** 
1768:C:\Users\bahri\GitHub\VirtualKeypad\Eclipse_USBProject_WS\Project_USB_CrossCompile\system\include\cmsis\core_cm4.h **** 
1769:C:\Users\bahri\GitHub\VirtualKeypad\Eclipse_USBProject_WS\Project_USB_CrossCompile\system\include\cmsis\core_cm4.h **** /**
1770:C:\Users\bahri\GitHub\VirtualKeypad\Eclipse_USBProject_WS\Project_USB_CrossCompile\system\include\cmsis\core_cm4.h ****   \brief   Clear Pending Interrupt
1771:C:\Users\bahri\GitHub\VirtualKeypad\Eclipse_USBProject_WS\Project_USB_CrossCompile\system\include\cmsis\core_cm4.h ****   \details Clears the pending bit of a device specific interrupt in the NVIC pending register.
1772:C:\Users\bahri\GitHub\VirtualKeypad\Eclipse_USBProject_WS\Project_USB_CrossCompile\system\include\cmsis\core_cm4.h ****   \param [in]      IRQn  Device specific interrupt number.
1773:C:\Users\bahri\GitHub\VirtualKeypad\Eclipse_USBProject_WS\Project_USB_CrossCompile\system\include\cmsis\core_cm4.h ****   \note    IRQn must not be negative.
1774:C:\Users\bahri\GitHub\VirtualKeypad\Eclipse_USBProject_WS\Project_USB_CrossCompile\system\include\cmsis\core_cm4.h ****  */
1775:C:\Users\bahri\GitHub\VirtualKeypad\Eclipse_USBProject_WS\Project_USB_CrossCompile\system\include\cmsis\core_cm4.h **** __STATIC_INLINE void __NVIC_ClearPendingIRQ(IRQn_Type IRQn)
1776:C:\Users\bahri\GitHub\VirtualKeypad\Eclipse_USBProject_WS\Project_USB_CrossCompile\system\include\cmsis\core_cm4.h **** {
1777:C:\Users\bahri\GitHub\VirtualKeypad\Eclipse_USBProject_WS\Project_USB_CrossCompile\system\include\cmsis\core_cm4.h ****   if ((int32_t)(IRQn) >= 0)
1778:C:\Users\bahri\GitHub\VirtualKeypad\Eclipse_USBProject_WS\Project_USB_CrossCompile\system\include\cmsis\core_cm4.h ****   {
1779:C:\Users\bahri\GitHub\VirtualKeypad\Eclipse_USBProject_WS\Project_USB_CrossCompile\system\include\cmsis\core_cm4.h ****     NVIC->ICPR[(((uint32_t)IRQn) >> 5UL)] = (uint32_t)(1UL << (((uint32_t)IRQn) & 0x1FUL));
1780:C:\Users\bahri\GitHub\VirtualKeypad\Eclipse_USBProject_WS\Project_USB_CrossCompile\system\include\cmsis\core_cm4.h ****   }
1781:C:\Users\bahri\GitHub\VirtualKeypad\Eclipse_USBProject_WS\Project_USB_CrossCompile\system\include\cmsis\core_cm4.h **** }
1782:C:\Users\bahri\GitHub\VirtualKeypad\Eclipse_USBProject_WS\Project_USB_CrossCompile\system\include\cmsis\core_cm4.h **** 
1783:C:\Users\bahri\GitHub\VirtualKeypad\Eclipse_USBProject_WS\Project_USB_CrossCompile\system\include\cmsis\core_cm4.h **** 
1784:C:\Users\bahri\GitHub\VirtualKeypad\Eclipse_USBProject_WS\Project_USB_CrossCompile\system\include\cmsis\core_cm4.h **** /**
1785:C:\Users\bahri\GitHub\VirtualKeypad\Eclipse_USBProject_WS\Project_USB_CrossCompile\system\include\cmsis\core_cm4.h ****   \brief   Get Active Interrupt
1786:C:\Users\bahri\GitHub\VirtualKeypad\Eclipse_USBProject_WS\Project_USB_CrossCompile\system\include\cmsis\core_cm4.h ****   \details Reads the active register in the NVIC and returns the active bit for the device specific
1787:C:\Users\bahri\GitHub\VirtualKeypad\Eclipse_USBProject_WS\Project_USB_CrossCompile\system\include\cmsis\core_cm4.h ****   \param [in]      IRQn  Device specific interrupt number.
1788:C:\Users\bahri\GitHub\VirtualKeypad\Eclipse_USBProject_WS\Project_USB_CrossCompile\system\include\cmsis\core_cm4.h ****   \return             0  Interrupt status is not active.
1789:C:\Users\bahri\GitHub\VirtualKeypad\Eclipse_USBProject_WS\Project_USB_CrossCompile\system\include\cmsis\core_cm4.h ****   \return             1  Interrupt status is active.
1790:C:\Users\bahri\GitHub\VirtualKeypad\Eclipse_USBProject_WS\Project_USB_CrossCompile\system\include\cmsis\core_cm4.h ****   \note    IRQn must not be negative.
1791:C:\Users\bahri\GitHub\VirtualKeypad\Eclipse_USBProject_WS\Project_USB_CrossCompile\system\include\cmsis\core_cm4.h ****  */
1792:C:\Users\bahri\GitHub\VirtualKeypad\Eclipse_USBProject_WS\Project_USB_CrossCompile\system\include\cmsis\core_cm4.h **** __STATIC_INLINE uint32_t __NVIC_GetActive(IRQn_Type IRQn)
1793:C:\Users\bahri\GitHub\VirtualKeypad\Eclipse_USBProject_WS\Project_USB_CrossCompile\system\include\cmsis\core_cm4.h **** {
1794:C:\Users\bahri\GitHub\VirtualKeypad\Eclipse_USBProject_WS\Project_USB_CrossCompile\system\include\cmsis\core_cm4.h ****   if ((int32_t)(IRQn) >= 0)
1795:C:\Users\bahri\GitHub\VirtualKeypad\Eclipse_USBProject_WS\Project_USB_CrossCompile\system\include\cmsis\core_cm4.h ****   {
1796:C:\Users\bahri\GitHub\VirtualKeypad\Eclipse_USBProject_WS\Project_USB_CrossCompile\system\include\cmsis\core_cm4.h ****     return((uint32_t)(((NVIC->IABR[(((uint32_t)IRQn) >> 5UL)] & (1UL << (((uint32_t)IRQn) & 0x1FUL)
1797:C:\Users\bahri\GitHub\VirtualKeypad\Eclipse_USBProject_WS\Project_USB_CrossCompile\system\include\cmsis\core_cm4.h ****   }
1798:C:\Users\bahri\GitHub\VirtualKeypad\Eclipse_USBProject_WS\Project_USB_CrossCompile\system\include\cmsis\core_cm4.h ****   else
1799:C:\Users\bahri\GitHub\VirtualKeypad\Eclipse_USBProject_WS\Project_USB_CrossCompile\system\include\cmsis\core_cm4.h ****   {
1800:C:\Users\bahri\GitHub\VirtualKeypad\Eclipse_USBProject_WS\Project_USB_CrossCompile\system\include\cmsis\core_cm4.h ****     return(0U);
1801:C:\Users\bahri\GitHub\VirtualKeypad\Eclipse_USBProject_WS\Project_USB_CrossCompile\system\include\cmsis\core_cm4.h ****   }
1802:C:\Users\bahri\GitHub\VirtualKeypad\Eclipse_USBProject_WS\Project_USB_CrossCompile\system\include\cmsis\core_cm4.h **** }
1803:C:\Users\bahri\GitHub\VirtualKeypad\Eclipse_USBProject_WS\Project_USB_CrossCompile\system\include\cmsis\core_cm4.h **** 
1804:C:\Users\bahri\GitHub\VirtualKeypad\Eclipse_USBProject_WS\Project_USB_CrossCompile\system\include\cmsis\core_cm4.h **** 
1805:C:\Users\bahri\GitHub\VirtualKeypad\Eclipse_USBProject_WS\Project_USB_CrossCompile\system\include\cmsis\core_cm4.h **** /**
1806:C:\Users\bahri\GitHub\VirtualKeypad\Eclipse_USBProject_WS\Project_USB_CrossCompile\system\include\cmsis\core_cm4.h ****   \brief   Set Interrupt Priority
1807:C:\Users\bahri\GitHub\VirtualKeypad\Eclipse_USBProject_WS\Project_USB_CrossCompile\system\include\cmsis\core_cm4.h ****   \details Sets the priority of a device specific interrupt or a processor exception.
1808:C:\Users\bahri\GitHub\VirtualKeypad\Eclipse_USBProject_WS\Project_USB_CrossCompile\system\include\cmsis\core_cm4.h ****            The interrupt number can be positive to specify a device specific interrupt,
1809:C:\Users\bahri\GitHub\VirtualKeypad\Eclipse_USBProject_WS\Project_USB_CrossCompile\system\include\cmsis\core_cm4.h ****            or negative to specify a processor exception.
1810:C:\Users\bahri\GitHub\VirtualKeypad\Eclipse_USBProject_WS\Project_USB_CrossCompile\system\include\cmsis\core_cm4.h ****   \param [in]      IRQn  Interrupt number.
1811:C:\Users\bahri\GitHub\VirtualKeypad\Eclipse_USBProject_WS\Project_USB_CrossCompile\system\include\cmsis\core_cm4.h ****   \param [in]  priority  Priority to set.
1812:C:\Users\bahri\GitHub\VirtualKeypad\Eclipse_USBProject_WS\Project_USB_CrossCompile\system\include\cmsis\core_cm4.h ****   \note    The priority cannot be set for every processor exception.
1813:C:\Users\bahri\GitHub\VirtualKeypad\Eclipse_USBProject_WS\Project_USB_CrossCompile\system\include\cmsis\core_cm4.h ****  */
1814:C:\Users\bahri\GitHub\VirtualKeypad\Eclipse_USBProject_WS\Project_USB_CrossCompile\system\include\cmsis\core_cm4.h **** __STATIC_INLINE void __NVIC_SetPriority(IRQn_Type IRQn, uint32_t priority)
1815:C:\Users\bahri\GitHub\VirtualKeypad\Eclipse_USBProject_WS\Project_USB_CrossCompile\system\include\cmsis\core_cm4.h **** {
  85              		.loc 1 1815 1
  86              		.cfi_startproc
  87              		@ args = 0, pretend = 0, frame = 8
  88              		@ frame_needed = 1, uses_anonymous_args = 0
  89              		@ link register save eliminated.
  90 0038 80B4     		push	{r7}
  91              		.cfi_def_cfa_offset 4
  92              		.cfi_offset 7, -4
  93 003a 83B0     		sub	sp, sp, #12
  94              		.cfi_def_cfa_offset 16
  95 003c 00AF     		add	r7, sp, #0
  96              		.cfi_def_cfa_register 7
  97 003e 0346     		mov	r3, r0
  98 0040 3960     		str	r1, [r7]
  99 0042 FB71     		strb	r3, [r7, #7]
1816:C:\Users\bahri\GitHub\VirtualKeypad\Eclipse_USBProject_WS\Project_USB_CrossCompile\system\include\cmsis\core_cm4.h ****   if ((int32_t)(IRQn) >= 0)
 100              		.loc 1 1816 6
 101 0044 97F90730 		ldrsb	r3, [r7, #7]
 102 0048 002B     		cmp	r3, #0
 103 004a 0ADB     		blt	.L7
1817:C:\Users\bahri\GitHub\VirtualKeypad\Eclipse_USBProject_WS\Project_USB_CrossCompile\system\include\cmsis\core_cm4.h ****   {
1818:C:\Users\bahri\GitHub\VirtualKeypad\Eclipse_USBProject_WS\Project_USB_CrossCompile\system\include\cmsis\core_cm4.h ****     NVIC->IP[((uint32_t)IRQn)]               = (uint8_t)((priority << (8U - __NVIC_PRIO_BITS)) & (u
 104              		.loc 1 1818 48
 105 004c 3B68     		ldr	r3, [r7]
 106 004e DAB2     		uxtb	r2, r3
 107              		.loc 1 1818 9
 108 0050 0C49     		ldr	r1, .L10
 109              		.loc 1 1818 15
 110 0052 97F90730 		ldrsb	r3, [r7, #7]
 111              		.loc 1 1818 48
 112 0056 1201     		lsls	r2, r2, #4
 113 0058 D2B2     		uxtb	r2, r2
 114              		.loc 1 1818 46
 115 005a 0B44     		add	r3, r3, r1
 116 005c 83F80023 		strb	r2, [r3, #768]
1819:C:\Users\bahri\GitHub\VirtualKeypad\Eclipse_USBProject_WS\Project_USB_CrossCompile\system\include\cmsis\core_cm4.h ****   }
1820:C:\Users\bahri\GitHub\VirtualKeypad\Eclipse_USBProject_WS\Project_USB_CrossCompile\system\include\cmsis\core_cm4.h ****   else
1821:C:\Users\bahri\GitHub\VirtualKeypad\Eclipse_USBProject_WS\Project_USB_CrossCompile\system\include\cmsis\core_cm4.h ****   {
1822:C:\Users\bahri\GitHub\VirtualKeypad\Eclipse_USBProject_WS\Project_USB_CrossCompile\system\include\cmsis\core_cm4.h ****     SCB->SHP[(((uint32_t)IRQn) & 0xFUL)-4UL] = (uint8_t)((priority << (8U - __NVIC_PRIO_BITS)) & (u
1823:C:\Users\bahri\GitHub\VirtualKeypad\Eclipse_USBProject_WS\Project_USB_CrossCompile\system\include\cmsis\core_cm4.h ****   }
1824:C:\Users\bahri\GitHub\VirtualKeypad\Eclipse_USBProject_WS\Project_USB_CrossCompile\system\include\cmsis\core_cm4.h **** }
 117              		.loc 1 1824 1
 118 0060 0AE0     		b	.L9
 119              	.L7:
1822:C:\Users\bahri\GitHub\VirtualKeypad\Eclipse_USBProject_WS\Project_USB_CrossCompile\system\include\cmsis\core_cm4.h ****   }
 120              		.loc 1 1822 48
 121 0062 3B68     		ldr	r3, [r7]
 122 0064 DAB2     		uxtb	r2, r3
1822:C:\Users\bahri\GitHub\VirtualKeypad\Eclipse_USBProject_WS\Project_USB_CrossCompile\system\include\cmsis\core_cm4.h ****   }
 123              		.loc 1 1822 8
 124 0066 0849     		ldr	r1, .L10+4
1822:C:\Users\bahri\GitHub\VirtualKeypad\Eclipse_USBProject_WS\Project_USB_CrossCompile\system\include\cmsis\core_cm4.h ****   }
 125              		.loc 1 1822 32
 126 0068 FB79     		ldrb	r3, [r7, #7]	@ zero_extendqisi2
 127 006a 03F00F03 		and	r3, r3, #15
1822:C:\Users\bahri\GitHub\VirtualKeypad\Eclipse_USBProject_WS\Project_USB_CrossCompile\system\include\cmsis\core_cm4.h ****   }
 128              		.loc 1 1822 40
 129 006e 043B     		subs	r3, r3, #4
1822:C:\Users\bahri\GitHub\VirtualKeypad\Eclipse_USBProject_WS\Project_USB_CrossCompile\system\include\cmsis\core_cm4.h ****   }
 130              		.loc 1 1822 48
 131 0070 1201     		lsls	r2, r2, #4
 132 0072 D2B2     		uxtb	r2, r2
1822:C:\Users\bahri\GitHub\VirtualKeypad\Eclipse_USBProject_WS\Project_USB_CrossCompile\system\include\cmsis\core_cm4.h ****   }
 133              		.loc 1 1822 46
 134 0074 0B44     		add	r3, r3, r1
 135 0076 1A76     		strb	r2, [r3, #24]
 136              	.L9:
 137              		.loc 1 1824 1
 138 0078 00BF     		nop
 139 007a 0C37     		adds	r7, r7, #12
 140              		.cfi_def_cfa_offset 4
 141 007c BD46     		mov	sp, r7
 142              		.cfi_def_cfa_register 13
 143              		@ sp needed
 144 007e 80BC     		pop	{r7}
 145              		.cfi_restore 7
 146              		.cfi_def_cfa_offset 0
 147 0080 7047     		bx	lr
 148              	.L11:
 149 0082 00BF     		.align	2
 150              	.L10:
 151 0084 00E100E0 		.word	-536813312
 152 0088 00ED00E0 		.word	-536810240
 153              		.cfi_endproc
 154              	.LFE115:
 156              		.global	InputArray
 157              		.bss
 158              		.align	2
 161              	InputArray:
 162 0000 00000000 		.space	16
 162      00000000 
 162      00000000 
 162      00000000 
 163              		.global	USB_buffer
 164              		.align	2
 167              	USB_buffer:
 168 0010 00000000 		.space	8
 168      00000000 
 169              		.global	Exti_Array
 170              		.data
 171              		.align	2
 174              	Exti_Array:
 175 0000 00       		.byte	0
 176 0001 000000   		.space	3
 177 0004 00040240 		.word	1073873920
 178 0008 00       		.byte	0
 179 0009 000000   		.space	3
 180 000c 01       		.byte	1
 181 000d 000000   		.space	3
 182 0010 00040240 		.word	1073873920
 183 0014 00       		.byte	0
 184 0015 000000   		.space	3
 185 0018 02       		.byte	2
 186 0019 000000   		.space	3
 187 001c 00040240 		.word	1073873920
 188 0020 00       		.byte	0
 189 0021 000000   		.space	3
 190 0024 03       		.byte	3
 191 0025 000000   		.space	3
 192 0028 00040240 		.word	1073873920
 193 002c 00       		.byte	0
 194 002d 000000   		.space	3
 195 0030 04       		.byte	4
 196 0031 000000   		.space	3
 197 0034 00040240 		.word	1073873920
 198 0038 00       		.byte	0
 199 0039 000000   		.space	3
 200 003c 05       		.byte	5
 201 003d 000000   		.space	3
 202 0040 00040240 		.word	1073873920
 203 0044 00       		.byte	0
 204 0045 000000   		.space	3
 205 0048 06       		.byte	6
 206 0049 000000   		.space	3
 207 004c 00040240 		.word	1073873920
 208 0050 00       		.byte	0
 209 0051 000000   		.space	3
 210 0054 07       		.byte	7
 211 0055 000000   		.space	3
 212 0058 00040240 		.word	1073873920
 213 005c 00       		.byte	0
 214 005d 000000   		.space	3
 215 0060 08       		.byte	8
 216 0061 000000   		.space	3
 217 0064 00040240 		.word	1073873920
 218 0068 00       		.byte	0
 219 0069 000000   		.space	3
 220 006c 09       		.byte	9
 221 006d 000000   		.space	3
 222 0070 00040240 		.word	1073873920
 223 0074 00       		.byte	0
 224 0075 000000   		.space	3
 225 0078 0A       		.byte	10
 226 0079 000000   		.space	3
 227 007c 00040240 		.word	1073873920
 228 0080 00       		.byte	0
 229 0081 000000   		.space	3
 230 0084 0B       		.byte	11
 231 0085 000000   		.space	3
 232 0088 00040240 		.word	1073873920
 233 008c 00       		.byte	0
 234 008d 000000   		.space	3
 235 0090 0C       		.byte	12
 236 0091 000000   		.space	3
 237 0094 00040240 		.word	1073873920
 238 0098 00       		.byte	0
 239 0099 000000   		.space	3
 240 009c 0D       		.byte	13
 241 009d 000000   		.space	3
 242 00a0 00040240 		.word	1073873920
 243 00a4 00       		.byte	0
 244 00a5 000000   		.space	3
 245 00a8 0E       		.byte	14
 246 00a9 000000   		.space	3
 247 00ac 00040240 		.word	1073873920
 248 00b0 00       		.byte	0
 249 00b1 000000   		.space	3
 250 00b4 0F       		.byte	15
 251 00b5 000000   		.space	3
 252 00b8 00040240 		.word	1073873920
 253 00bc 00       		.byte	0
 254 00bd 000000   		.space	3
 255              		.global	Input_Array
 256              		.align	2
 259              	Input_Array:
 260 00c0 01       		.byte	1
 261 00c1 000000   		.space	3
 262 00c4 00080240 		.word	1073874944
 263 00c8 3A       		.byte	58
 264 00c9 000000   		.space	3
 265 00cc 03       		.byte	3
 266 00cd 000000   		.space	3
 267 00d0 00080240 		.word	1073874944
 268 00d4 3B       		.byte	59
 269 00d5 000000   		.space	3
 270 00d8 02       		.byte	2
 271 00d9 000000   		.space	3
 272 00dc 00080240 		.word	1073874944
 273 00e0 3C       		.byte	60
 274 00e1 000000   		.space	3
 275 00e4 01       		.byte	1
 276 00e5 000000   		.space	3
 277 00e8 00000240 		.word	1073872896
 278 00ec 3D       		.byte	61
 279 00ed 000000   		.space	3
 280 00f0 00       		.byte	0
 281 00f1 000000   		.space	3
 282 00f4 00000240 		.word	1073872896
 283 00f8 3E       		.byte	62
 284 00f9 000000   		.space	3
 285 00fc 03       		.byte	3
 286 00fd 000000   		.space	3
 287 0100 00000240 		.word	1073872896
 288 0104 3F       		.byte	63
 289 0105 000000   		.space	3
 290 0108 02       		.byte	2
 291 0109 000000   		.space	3
 292 010c 00000240 		.word	1073872896
 293 0110 40       		.byte	64
 294 0111 000000   		.space	3
 295 0114 05       		.byte	5
 296 0115 000000   		.space	3
 297 0118 00000240 		.word	1073872896
 298 011c 41       		.byte	65
 299 011d 000000   		.space	3
 300 0120 04       		.byte	4
 301 0121 000000   		.space	3
 302 0124 00000240 		.word	1073872896
 303 0128 42       		.byte	66
 304 0129 000000   		.space	3
 305 012c 07       		.byte	7
 306 012d 000000   		.space	3
 307 0130 00000240 		.word	1073872896
 308 0134 43       		.byte	67
 309 0135 000000   		.space	3
 310 0138 06       		.byte	6
 311 0139 000000   		.space	3
 312 013c 00000240 		.word	1073872896
 313 0140 44       		.byte	68
 314 0141 000000   		.space	3
 315 0144 05       		.byte	5
 316 0145 000000   		.space	3
 317 0148 00080240 		.word	1073874944
 318 014c 45       		.byte	69
 319 014d 000000   		.space	3
 320 0150 04       		.byte	4
 321 0151 000000   		.space	3
 322 0154 00080240 		.word	1073874944
 323 0158 68       		.byte	104
 324 0159 000000   		.space	3
 325 015c 01       		.byte	1
 326 015d 000000   		.space	3
 327 0160 00040240 		.word	1073873920
 328 0164 69       		.byte	105
 329 0165 000000   		.space	3
 330 0168 00       		.byte	0
 331 0169 000000   		.space	3
 332 016c 00040240 		.word	1073873920
 333 0170 6A       		.byte	106
 334 0171 000000   		.space	3
 335 0174 02       		.byte	2
 336 0175 000000   		.space	3
 337 0178 00040240 		.word	1073873920
 338 017c 6B       		.byte	107
 339 017d 000000   		.space	3
 340 0180 07       		.byte	7
 341 0181 000000   		.space	3
 342 0184 00100240 		.word	1073876992
 343 0188 6C       		.byte	108
 344 0189 000000   		.space	3
 345 018c 08       		.byte	8
 346 018d 000000   		.space	3
 347 0190 00100240 		.word	1073876992
 348 0194 6D       		.byte	109
 349 0195 000000   		.space	3
 350 0198 09       		.byte	9
 351 0199 000000   		.space	3
 352 019c 00100240 		.word	1073876992
 353 01a0 6E       		.byte	110
 354 01a1 000000   		.space	3
 355 01a4 09       		.byte	9
 356 01a5 000000   		.space	3
 357 01a8 00100240 		.word	1073876992
 358 01ac 6F       		.byte	111
 359 01ad 000000   		.space	3
 360 01b0 0A       		.byte	10
 361 01b1 000000   		.space	3
 362 01b4 00100240 		.word	1073876992
 363 01b8 70       		.byte	112
 364 01b9 000000   		.space	3
 365 01bc 0B       		.byte	11
 366 01bd 000000   		.space	3
 367 01c0 00100240 		.word	1073876992
 368 01c4 71       		.byte	113
 369 01c5 000000   		.space	3
 370 01c8 0C       		.byte	12
 371 01c9 000000   		.space	3
 372 01cc 00100240 		.word	1073876992
 373 01d0 72       		.byte	114
 374 01d1 000000   		.space	3
 375 01d4 0D       		.byte	13
 376 01d5 000000   		.space	3
 377 01d8 00100240 		.word	1073876992
 378 01dc 73       		.byte	115
 379 01dd 000000   		.space	3
 380 01e0 00000000 		.space	144
 380      00000000 
 380      00000000 
 380      00000000 
 380      00000000 
 381              		.text
 382              		.align	1
 383              		.syntax unified
 384              		.thumb
 385              		.thumb_func
 387              	Enable_Exti_Interrupt:
 388              	.LFB137:
 389              		.file 2 "../src/App.c"
   1:../src/App.c  **** /*
   2:../src/App.c  ****  * App.c
   3:../src/App.c  ****  *
   4:../src/App.c  ****  *  Created on: 22 Oca 2026
   5:../src/App.c  ****  *      Author: bahri
   6:../src/App.c  ****  */
   7:../src/App.c  **** 
   8:../src/App.c  **** /*
   9:../src/App.c  ****  * INCLUDED FILES
  10:../src/App.c  ****  */
  11:../src/App.c  **** #include "App.h"
  12:../src/App.c  **** 
  13:../src/App.c  **** /*
  14:../src/App.c  ****  * GLOBAL VARIABLES
  15:../src/App.c  ****  */
  16:../src/App.c  **** boolean InputArray[16] = {0};
  17:../src/App.c  **** 
  18:../src/App.c  **** uint8 USB_buffer[8] = {0};
  19:../src/App.c  **** 
  20:../src/App.c  **** exti_t Exti_Array[EXTI_ARRAY_SIZE] =
  21:../src/App.c  **** {
  22:../src/App.c  **** 		{ PIN0, GPIOB, FALLING_EDGE},
  23:../src/App.c  **** 		{ PIN1, GPIOB, FALLING_EDGE},
  24:../src/App.c  **** 		{ PIN2, GPIOB, FALLING_EDGE},
  25:../src/App.c  **** 		{ PIN3, GPIOB, FALLING_EDGE},
  26:../src/App.c  **** 		{ PIN4, GPIOB, FALLING_EDGE},
  27:../src/App.c  **** 		{ PIN5, GPIOB, FALLING_EDGE},
  28:../src/App.c  **** 		{ PIN6, GPIOB, FALLING_EDGE},
  29:../src/App.c  **** 		{ PIN7, GPIOB, FALLING_EDGE},
  30:../src/App.c  **** 		{ PIN8, GPIOB, FALLING_EDGE},
  31:../src/App.c  **** 		{ PIN9, GPIOB, FALLING_EDGE},
  32:../src/App.c  **** 		{ PIN10, GPIOB, FALLING_EDGE},
  33:../src/App.c  **** 		{ PIN11, GPIOB, FALLING_EDGE},
  34:../src/App.c  **** 		{ PIN12, GPIOB, FALLING_EDGE},
  35:../src/App.c  **** 		{ PIN13, GPIOB, FALLING_EDGE},
  36:../src/App.c  **** 		{ PIN14, GPIOB, FALLING_EDGE},
  37:../src/App.c  **** 		{ PIN15, GPIOB, FALLING_EDGE}
  38:../src/App.c  **** };
  39:../src/App.c  **** 
  40:../src/App.c  **** input_type Input_Array[INPUT_ARRAY_SIZE] =
  41:../src/App.c  **** {
  42:../src/App.c  **** 	{ PIN1, GPIOC, KEY_F1 /*KEY_Q*/ }, 	  { PIN3, GPIOC, KEY_F2 /*KEY_W*/ }, 	{ PIN2, GPIOC, KEY_F3 /*
  43:../src/App.c  **** 	{ PIN1, GPIOA, KEY_F4 /*KEY_R*/ },    { PIN0, GPIOA, KEY_F5 /*KEY_T*/ }, 	{ PIN3, GPIOA, KEY_F6 /*
  44:../src/App.c  **** 	{ PIN2, GPIOA, KEY_F7 /*KEY_U*/ },	  { PIN5, GPIOA, KEY_F8 /*KEY_I*/ },	{ PIN4, GPIOA, KEY_F9 /*KE
  45:../src/App.c  **** 	{ PIN7, GPIOA, KEY_F10 /*KEY_P*/ },   { PIN6, GPIOA, KEY_F11 /*KEY_A*/ },	{ PIN5, GPIOC, KEY_F12 /
  46:../src/App.c  **** 	{ PIN4, GPIOC, KEY_F13 /*KEY_D*/ },   { PIN1, GPIOB, KEY_F14 /*KEY_F*/ }, 	{ PIN0, GPIOB, KEY_F15 
  47:../src/App.c  **** 	{ PIN2, GPIOB, KEY_F16 /*KEY_H*/ },   { PIN7, GPIOE, KEY_F17 /*KEY_J*/ }, 	{ PIN8, GPIOE, KEY_F18 
  48:../src/App.c  **** 	{ PIN9, GPIOE, KEY_F19 /*KEY_L*/ },	  { PIN9, GPIOE, KEY_F20 /*KEY_Z*/ },   { PIN10, GPIOE, KEY_F2
  49:../src/App.c  **** 	{ PIN11, GPIOE, KEY_F22 /*KEY_C*/ },  { PIN12, GPIOE, KEY_F23 /*KEY_V*/ },	{ PIN13, GPIOE, KEY_F24
  50:../src/App.c  **** //	{ PIN14, GPIOE, KEY_F25 /*KEY_N*/ },  { PIN15, GPIOE, KEY_F26 /*KEY_M*/ }, 	{ PIN10, GPIOB, KEY_
  51:../src/App.c  **** //	{ PIN11, GPIOB, KEY_F28 /*KEY_2*/ },  { PIN12, GPIOB, KEY_F29 /*KEY_3*/ }, 	{ PIN13, GPIOB, KEY_
  52:../src/App.c  **** //	{ PIN14, GPIOB, KEY_F31 /*KEY_5*/ },  { PIN15, GPIOB, KEY_F32 /*KEY_6*/ },  { PIN8, GPIOD, KEY_F
  53:../src/App.c  **** //	{ PIN9, GPIOD, KEY_F34 /*KEY_8*/ },   { PIN10, GPIOD, KEY_F35 /*KEY_9*/ },	{ PIN11, GPIOD, KEY_F
  54:../src/App.c  **** };
  55:../src/App.c  **** 
  56:../src/App.c  **** 
  57:../src/App.c  **** /*
  58:../src/App.c  ****  * LOCAL FUNCTION DECLARATIONS
  59:../src/App.c  ****  */
  60:../src/App.c  **** static void Enable_Exti_Interrupt(void);
  61:../src/App.c  **** static Std_ReturnType findEmptyPos(uint8* pos);
  62:../src/App.c  **** static Std_ReturnType findExistingPos(uint8* pos, KeyCode_type key);
  63:../src/App.c  **** 
  64:../src/App.c  **** /*
  65:../src/App.c  ****  * LOCAL FUNCTION DEFINITIONS
  66:../src/App.c  ****  */
  67:../src/App.c  **** static void Enable_Exti_Interrupt(void)
  68:../src/App.c  **** {
 390              		.loc 2 68 1
 391              		.cfi_startproc
 392              		@ args = 0, pretend = 0, frame = 8
 393              		@ frame_needed = 1, uses_anonymous_args = 0
 394 008c 80B5     		push	{r7, lr}
 395              		.cfi_def_cfa_offset 8
 396              		.cfi_offset 7, -8
 397              		.cfi_offset 14, -4
 398 008e 82B0     		sub	sp, sp, #8
 399              		.cfi_def_cfa_offset 16
 400 0090 00AF     		add	r7, sp, #0
 401              		.cfi_def_cfa_register 7
 402              	.LBB2:
  69:../src/App.c  **** 	for(uint8 i=0; i<EXTI_ARRAY_SIZE; ++i)
 403              		.loc 2 69 12
 404 0092 0023     		movs	r3, #0
 405 0094 FB71     		strb	r3, [r7, #7]
 406              		.loc 2 69 2
 407 0096 69E0     		b	.L13
 408              	.L24:
  70:../src/App.c  **** 	{
  71:../src/App.c  **** 		switch(Exti_Array[i].pinNumber)
 409              		.loc 2 71 23
 410 0098 FA79     		ldrb	r2, [r7, #7]	@ zero_extendqisi2
 411 009a 3849     		ldr	r1, .L26
 412 009c 1346     		mov	r3, r2
 413 009e 5B00     		lsls	r3, r3, #1
 414 00a0 1344     		add	r3, r3, r2
 415 00a2 9B00     		lsls	r3, r3, #2
 416 00a4 0B44     		add	r3, r3, r1
 417 00a6 1B78     		ldrb	r3, [r3]	@ zero_extendqisi2
 418              		.loc 2 71 3
 419 00a8 0F2B     		cmp	r3, #15
 420 00aa 5BD8     		bhi	.L25
 421 00ac 01A2     		adr	r2, .L16
 422 00ae 52F823F0 		ldr	pc, [r2, r3, lsl #2]
 423 00b2 00BF     		.p2align 2
 424              	.L16:
 425 00b4 F5000000 		.word	.L22+1
 426 00b8 05010000 		.word	.L21+1
 427 00bc 15010000 		.word	.L20+1
 428 00c0 25010000 		.word	.L19+1
 429 00c4 35010000 		.word	.L18+1
 430 00c8 45010000 		.word	.L17+1
 431 00cc 45010000 		.word	.L17+1
 432 00d0 45010000 		.word	.L17+1
 433 00d4 45010000 		.word	.L17+1
 434 00d8 45010000 		.word	.L17+1
 435 00dc 55010000 		.word	.L15+1
 436 00e0 55010000 		.word	.L15+1
 437 00e4 55010000 		.word	.L15+1
 438 00e8 55010000 		.word	.L15+1
 439 00ec 55010000 		.word	.L15+1
 440 00f0 55010000 		.word	.L15+1
 441              		.p2align 1
 442              	.L22:
  72:../src/App.c  **** 		{
  73:../src/App.c  **** 		case PIN0:
  74:../src/App.c  **** 			NVIC_SetPriority(EXTI0_IRQn, 0);
 443              		.loc 2 74 4
 444 00f4 0021     		movs	r1, #0
 445 00f6 0620     		movs	r0, #6
 446 00f8 FFF79EFF 		bl	__NVIC_SetPriority
  75:../src/App.c  **** 			NVIC_EnableIRQ(EXTI0_IRQn);
 447              		.loc 2 75 4
 448 00fc 0620     		movs	r0, #6
 449 00fe FFF77FFF 		bl	__NVIC_EnableIRQ
  76:../src/App.c  **** 			break;
 450              		.loc 2 76 4
 451 0102 30E0     		b	.L23
 452              	.L21:
  77:../src/App.c  **** 		case PIN1:
  78:../src/App.c  **** 			NVIC_SetPriority(EXTI1_IRQn, 0);
 453              		.loc 2 78 4
 454 0104 0021     		movs	r1, #0
 455 0106 0720     		movs	r0, #7
 456 0108 FFF796FF 		bl	__NVIC_SetPriority
  79:../src/App.c  **** 			NVIC_EnableIRQ(EXTI1_IRQn);
 457              		.loc 2 79 4
 458 010c 0720     		movs	r0, #7
 459 010e FFF777FF 		bl	__NVIC_EnableIRQ
  80:../src/App.c  **** 			break;
 460              		.loc 2 80 4
 461 0112 28E0     		b	.L23
 462              	.L20:
  81:../src/App.c  **** 		case PIN2:
  82:../src/App.c  **** 			NVIC_SetPriority(EXTI2_IRQn, 0);
 463              		.loc 2 82 4
 464 0114 0021     		movs	r1, #0
 465 0116 0820     		movs	r0, #8
 466 0118 FFF78EFF 		bl	__NVIC_SetPriority
  83:../src/App.c  **** 			NVIC_EnableIRQ(EXTI2_IRQn);
 467              		.loc 2 83 4
 468 011c 0820     		movs	r0, #8
 469 011e FFF76FFF 		bl	__NVIC_EnableIRQ
  84:../src/App.c  **** 			break;
 470              		.loc 2 84 4
 471 0122 20E0     		b	.L23
 472              	.L19:
  85:../src/App.c  **** 		case PIN3:
  86:../src/App.c  **** 			NVIC_SetPriority(EXTI3_IRQn, 0);
 473              		.loc 2 86 4
 474 0124 0021     		movs	r1, #0
 475 0126 0920     		movs	r0, #9
 476 0128 FFF786FF 		bl	__NVIC_SetPriority
  87:../src/App.c  **** 			NVIC_EnableIRQ(EXTI3_IRQn);
 477              		.loc 2 87 4
 478 012c 0920     		movs	r0, #9
 479 012e FFF767FF 		bl	__NVIC_EnableIRQ
  88:../src/App.c  **** 			break;
 480              		.loc 2 88 4
 481 0132 18E0     		b	.L23
 482              	.L18:
  89:../src/App.c  **** 		case PIN4:
  90:../src/App.c  **** 			NVIC_SetPriority(EXTI4_IRQn, 0);
 483              		.loc 2 90 4
 484 0134 0021     		movs	r1, #0
 485 0136 0A20     		movs	r0, #10
 486 0138 FFF77EFF 		bl	__NVIC_SetPriority
  91:../src/App.c  **** 			NVIC_EnableIRQ(EXTI4_IRQn);
 487              		.loc 2 91 4
 488 013c 0A20     		movs	r0, #10
 489 013e FFF75FFF 		bl	__NVIC_EnableIRQ
  92:../src/App.c  **** 			break;
 490              		.loc 2 92 4
 491 0142 10E0     		b	.L23
 492              	.L17:
  93:../src/App.c  **** 		case PIN5:
  94:../src/App.c  **** 		case PIN6:
  95:../src/App.c  **** 		case PIN7:
  96:../src/App.c  **** 		case PIN8:
  97:../src/App.c  **** 		case PIN9:
  98:../src/App.c  **** 			NVIC_SetPriority(EXTI9_5_IRQn , 0);
 493              		.loc 2 98 4
 494 0144 0021     		movs	r1, #0
 495 0146 1720     		movs	r0, #23
 496 0148 FFF776FF 		bl	__NVIC_SetPriority
  99:../src/App.c  **** 			NVIC_EnableIRQ(EXTI9_5_IRQn );
 497              		.loc 2 99 4
 498 014c 1720     		movs	r0, #23
 499 014e FFF757FF 		bl	__NVIC_EnableIRQ
 100:../src/App.c  **** 			break;
 500              		.loc 2 100 4
 501 0152 08E0     		b	.L23
 502              	.L15:
 101:../src/App.c  **** 		case PIN10:
 102:../src/App.c  **** 		case PIN11:
 103:../src/App.c  **** 		case PIN12:
 104:../src/App.c  **** 		case PIN13:
 105:../src/App.c  **** 		case PIN14:
 106:../src/App.c  **** 		case PIN15:
 107:../src/App.c  **** 			NVIC_SetPriority(EXTI15_10_IRQn , 0);
 503              		.loc 2 107 4
 504 0154 0021     		movs	r1, #0
 505 0156 2820     		movs	r0, #40
 506 0158 FFF76EFF 		bl	__NVIC_SetPriority
 108:../src/App.c  **** 			NVIC_EnableIRQ(EXTI15_10_IRQn );
 507              		.loc 2 108 4
 508 015c 2820     		movs	r0, #40
 509 015e FFF74FFF 		bl	__NVIC_EnableIRQ
 109:../src/App.c  **** 			break;
 510              		.loc 2 109 4
 511 0162 00E0     		b	.L23
 512              	.L25:
 110:../src/App.c  **** 		default:
 111:../src/App.c  **** 			break;
 513              		.loc 2 111 4
 514 0164 00BF     		nop
 515              	.L23:
  69:../src/App.c  **** 	{
 516              		.loc 2 69 36 discriminator 2
 517 0166 FB79     		ldrb	r3, [r7, #7]
 518 0168 0133     		adds	r3, r3, #1
 519 016a FB71     		strb	r3, [r7, #7]
 520              	.L13:
  69:../src/App.c  **** 	{
 521              		.loc 2 69 2 discriminator 1
 522 016c FB79     		ldrb	r3, [r7, #7]	@ zero_extendqisi2
 523 016e 0F2B     		cmp	r3, #15
 524 0170 92D9     		bls	.L24
 525              	.LBE2:
 112:../src/App.c  **** 		}
 113:../src/App.c  **** 	}
 114:../src/App.c  **** }
 526              		.loc 2 114 1
 527 0172 00BF     		nop
 528 0174 00BF     		nop
 529 0176 0837     		adds	r7, r7, #8
 530              		.cfi_def_cfa_offset 8
 531 0178 BD46     		mov	sp, r7
 532              		.cfi_def_cfa_register 13
 533              		@ sp needed
 534 017a 80BD     		pop	{r7, pc}
 535              	.L27:
 536              		.align	2
 537              	.L26:
 538 017c 00000000 		.word	Exti_Array
 539              		.cfi_endproc
 540              	.LFE137:
 542              		.align	1
 543              		.syntax unified
 544              		.thumb
 545              		.thumb_func
 547              	findEmptyPos:
 548              	.LFB138:
 115:../src/App.c  **** 
 116:../src/App.c  **** static Std_ReturnType findEmptyPos(uint8* pos)
 117:../src/App.c  **** {
 549              		.loc 2 117 1
 550              		.cfi_startproc
 551              		@ args = 0, pretend = 0, frame = 16
 552              		@ frame_needed = 1, uses_anonymous_args = 0
 553              		@ link register save eliminated.
 554 0180 80B4     		push	{r7}
 555              		.cfi_def_cfa_offset 4
 556              		.cfi_offset 7, -4
 557 0182 85B0     		sub	sp, sp, #20
 558              		.cfi_def_cfa_offset 24
 559 0184 00AF     		add	r7, sp, #0
 560              		.cfi_def_cfa_register 7
 561 0186 7860     		str	r0, [r7, #4]
 562              	.LBB3:
 118:../src/App.c  **** 	for(uint8 i=2; i<8; ++i)
 563              		.loc 2 118 12
 564 0188 0223     		movs	r3, #2
 565 018a FB73     		strb	r3, [r7, #15]
 566              		.loc 2 118 2
 567 018c 0CE0     		b	.L29
 568              	.L32:
 119:../src/App.c  **** 	{
 120:../src/App.c  **** 		if(USB_buffer[i] == 0u)
 569              		.loc 2 120 16
 570 018e FB7B     		ldrb	r3, [r7, #15]	@ zero_extendqisi2
 571 0190 0A4A     		ldr	r2, .L33
 572 0192 D35C     		ldrb	r3, [r2, r3]	@ zero_extendqisi2
 573              		.loc 2 120 5
 574 0194 002B     		cmp	r3, #0
 575 0196 04D1     		bne	.L30
 121:../src/App.c  **** 		{
 122:../src/App.c  **** 			*pos = i;
 576              		.loc 2 122 9
 577 0198 7B68     		ldr	r3, [r7, #4]
 578 019a FA7B     		ldrb	r2, [r7, #15]
 579 019c 1A70     		strb	r2, [r3]
 123:../src/App.c  **** 			return E_OK;
 580              		.loc 2 123 11
 581 019e 0023     		movs	r3, #0
 582 01a0 06E0     		b	.L31
 583              	.L30:
 118:../src/App.c  **** 	{
 584              		.loc 2 118 22 discriminator 2
 585 01a2 FB7B     		ldrb	r3, [r7, #15]
 586 01a4 0133     		adds	r3, r3, #1
 587 01a6 FB73     		strb	r3, [r7, #15]
 588              	.L29:
 118:../src/App.c  **** 	{
 589              		.loc 2 118 2 discriminator 1
 590 01a8 FB7B     		ldrb	r3, [r7, #15]	@ zero_extendqisi2
 591 01aa 072B     		cmp	r3, #7
 592 01ac EFD9     		bls	.L32
 593              	.LBE3:
 124:../src/App.c  **** 		}
 125:../src/App.c  **** 	}
 126:../src/App.c  **** 	return E_NOT_OK;
 594              		.loc 2 126 9
 595 01ae 0123     		movs	r3, #1
 596              	.L31:
 127:../src/App.c  **** }
 597              		.loc 2 127 1
 598 01b0 1846     		mov	r0, r3
 599 01b2 1437     		adds	r7, r7, #20
 600              		.cfi_def_cfa_offset 4
 601 01b4 BD46     		mov	sp, r7
 602              		.cfi_def_cfa_register 13
 603              		@ sp needed
 604 01b6 80BC     		pop	{r7}
 605              		.cfi_restore 7
 606              		.cfi_def_cfa_offset 0
 607 01b8 7047     		bx	lr
 608              	.L34:
 609 01ba 00BF     		.align	2
 610              	.L33:
 611 01bc 00000000 		.word	USB_buffer
 612              		.cfi_endproc
 613              	.LFE138:
 615              		.align	1
 616              		.syntax unified
 617              		.thumb
 618              		.thumb_func
 620              	findExistingPos:
 621              	.LFB139:
 128:../src/App.c  **** 
 129:../src/App.c  **** static Std_ReturnType findExistingPos(uint8* pos, KeyCode_type key)
 130:../src/App.c  **** {
 622              		.loc 2 130 1
 623              		.cfi_startproc
 624              		@ args = 0, pretend = 0, frame = 16
 625              		@ frame_needed = 1, uses_anonymous_args = 0
 626              		@ link register save eliminated.
 627 01c0 80B4     		push	{r7}
 628              		.cfi_def_cfa_offset 4
 629              		.cfi_offset 7, -4
 630 01c2 85B0     		sub	sp, sp, #20
 631              		.cfi_def_cfa_offset 24
 632 01c4 00AF     		add	r7, sp, #0
 633              		.cfi_def_cfa_register 7
 634 01c6 7860     		str	r0, [r7, #4]
 635 01c8 0B46     		mov	r3, r1
 636 01ca FB70     		strb	r3, [r7, #3]
 637              	.LBB4:
 131:../src/App.c  **** 	for(uint8 i=2; i<8; ++i)
 638              		.loc 2 131 12
 639 01cc 0223     		movs	r3, #2
 640 01ce FB73     		strb	r3, [r7, #15]
 641              		.loc 2 131 2
 642 01d0 0DE0     		b	.L36
 643              	.L39:
 132:../src/App.c  **** 	{
 133:../src/App.c  **** 		if(USB_buffer[i] == key)
 644              		.loc 2 133 16
 645 01d2 FB7B     		ldrb	r3, [r7, #15]	@ zero_extendqisi2
 646 01d4 0A4A     		ldr	r2, .L40
 647 01d6 D35C     		ldrb	r3, [r2, r3]	@ zero_extendqisi2
 648              		.loc 2 133 5
 649 01d8 FA78     		ldrb	r2, [r7, #3]	@ zero_extendqisi2
 650 01da 9A42     		cmp	r2, r3
 651 01dc 04D1     		bne	.L37
 134:../src/App.c  **** 		{
 135:../src/App.c  **** 			*pos = i;
 652              		.loc 2 135 9
 653 01de 7B68     		ldr	r3, [r7, #4]
 654 01e0 FA7B     		ldrb	r2, [r7, #15]
 655 01e2 1A70     		strb	r2, [r3]
 136:../src/App.c  **** 			return E_OK;
 656              		.loc 2 136 11
 657 01e4 0023     		movs	r3, #0
 658 01e6 06E0     		b	.L38
 659              	.L37:
 131:../src/App.c  **** 	{
 660              		.loc 2 131 22 discriminator 2
 661 01e8 FB7B     		ldrb	r3, [r7, #15]
 662 01ea 0133     		adds	r3, r3, #1
 663 01ec FB73     		strb	r3, [r7, #15]
 664              	.L36:
 131:../src/App.c  **** 	{
 665              		.loc 2 131 2 discriminator 1
 666 01ee FB7B     		ldrb	r3, [r7, #15]	@ zero_extendqisi2
 667 01f0 072B     		cmp	r3, #7
 668 01f2 EED9     		bls	.L39
 669              	.LBE4:
 137:../src/App.c  **** 		}
 138:../src/App.c  **** 	}
 139:../src/App.c  **** 	return E_NOT_OK;
 670              		.loc 2 139 9
 671 01f4 0123     		movs	r3, #1
 672              	.L38:
 140:../src/App.c  **** }
 673              		.loc 2 140 1
 674 01f6 1846     		mov	r0, r3
 675 01f8 1437     		adds	r7, r7, #20
 676              		.cfi_def_cfa_offset 4
 677 01fa BD46     		mov	sp, r7
 678              		.cfi_def_cfa_register 13
 679              		@ sp needed
 680 01fc 80BC     		pop	{r7}
 681              		.cfi_restore 7
 682              		.cfi_def_cfa_offset 0
 683 01fe 7047     		bx	lr
 684              	.L41:
 685              		.align	2
 686              	.L40:
 687 0200 00000000 		.word	USB_buffer
 688              		.cfi_endproc
 689              	.LFE139:
 691              		.section	.rodata
 692              		.align	2
 693              	.LC0:
 694 0000 00       		.byte	0
 695 0001 00       		.byte	0
 696 0002 02       		.byte	2
 697 0003 00       		.byte	0
 698 0004 01       		.byte	1
 699 0005 00       		.byte	0
 700              		.text
 701              		.align	1
 702              		.global	Exti_Init
 703              		.syntax unified
 704              		.thumb
 705              		.thumb_func
 707              	Exti_Init:
 708              	.LFB140:
 141:../src/App.c  **** 
 142:../src/App.c  **** 
 143:../src/App.c  **** /*
 144:../src/App.c  ****  * GLOBAL FUNCTION DEFINITIONS
 145:../src/App.c  ****  */
 146:../src/App.c  **** void Exti_Init(void)
 147:../src/App.c  **** {
 709              		.loc 2 147 1
 710              		.cfi_startproc
 711              		@ args = 0, pretend = 0, frame = 16
 712              		@ frame_needed = 1, uses_anonymous_args = 0
 713 0204 90B5     		push	{r4, r7, lr}
 714              		.cfi_def_cfa_offset 12
 715              		.cfi_offset 4, -12
 716              		.cfi_offset 7, -8
 717              		.cfi_offset 14, -4
 718 0206 85B0     		sub	sp, sp, #20
 719              		.cfi_def_cfa_offset 32
 720 0208 00AF     		add	r7, sp, #0
 721              		.cfi_def_cfa_register 7
 148:../src/App.c  **** 	//1. Enable Related Pins
 149:../src/App.c  **** 	gpio_cfg configGpio = {PIN_0, GPIO_MODE_INPUT, OUTPUT_TYPE_NA, OUTPUT_SPEED_LOW, PULL_UP, 0};
 722              		.loc 2 149 11
 723 020a A24A     		ldr	r2, .L60
 724 020c 3B1D     		adds	r3, r7, #4
 725 020e 92E80300 		ldm	r2, {r0, r1}
 726 0212 1860     		str	r0, [r3]
 727 0214 0433     		adds	r3, r3, #4
 728 0216 1980     		strh	r1, [r3]	@ movhi
 729              	.LBB5:
 150:../src/App.c  **** 
 151:../src/App.c  **** 	for(uint8 i=0; i<EXTI_ARRAY_SIZE; ++i)
 730              		.loc 2 151 12
 731 0218 0023     		movs	r3, #0
 732 021a FB73     		strb	r3, [r7, #15]
 733              		.loc 2 151 2
 734 021c 1AE0     		b	.L43
 735              	.L44:
 152:../src/App.c  **** 	{
 153:../src/App.c  **** 		configGpio.pinNumber = Exti_Array[i].pinNumber;
 736              		.loc 2 153 39 discriminator 3
 737 021e FA7B     		ldrb	r2, [r7, #15]	@ zero_extendqisi2
 738 0220 9D49     		ldr	r1, .L60+4
 739 0222 1346     		mov	r3, r2
 740 0224 5B00     		lsls	r3, r3, #1
 741 0226 1344     		add	r3, r3, r2
 742 0228 9B00     		lsls	r3, r3, #2
 743 022a 0B44     		add	r3, r3, r1
 744 022c 1B78     		ldrb	r3, [r3]	@ zero_extendqisi2
 745              		.loc 2 153 24 discriminator 3
 746 022e 3B71     		strb	r3, [r7, #4]
 154:../src/App.c  **** 		Gpio_Init(configGpio, Exti_Array[i].gpioPort);
 747              		.loc 2 154 3 discriminator 3
 748 0230 FA7B     		ldrb	r2, [r7, #15]	@ zero_extendqisi2
 749 0232 9949     		ldr	r1, .L60+4
 750 0234 1346     		mov	r3, r2
 751 0236 5B00     		lsls	r3, r3, #1
 752 0238 1344     		add	r3, r3, r2
 753 023a 9B00     		lsls	r3, r3, #2
 754 023c 0B44     		add	r3, r3, r1
 755 023e 0433     		adds	r3, r3, #4
 756 0240 1B68     		ldr	r3, [r3]
 757 0242 1A46     		mov	r2, r3
 758 0244 3B1D     		adds	r3, r7, #4
 759 0246 93E80300 		ldm	r3, {r0, r1}
 760 024a FFF7FEFF 		bl	Gpio_Init
 151:../src/App.c  **** 	{
 761              		.loc 2 151 36 discriminator 3
 762 024e FB7B     		ldrb	r3, [r7, #15]
 763 0250 0133     		adds	r3, r3, #1
 764 0252 FB73     		strb	r3, [r7, #15]
 765              	.L43:
 151:../src/App.c  **** 	{
 766              		.loc 2 151 2 discriminator 1
 767 0254 FB7B     		ldrb	r3, [r7, #15]	@ zero_extendqisi2
 768 0256 0F2B     		cmp	r3, #15
 769 0258 E1D9     		bls	.L44
 770              	.LBE5:
 771              	.LBB6:
 155:../src/App.c  **** 	}
 156:../src/App.c  **** 
 157:../src/App.c  **** 
 158:../src/App.c  **** 	//2. Connect EXTI#0 to GPIO_PB0
 159:../src/App.c  **** 	for(uint8 i=0; i<EXTI_ARRAY_SIZE; ++i)
 772              		.loc 2 159 12
 773 025a 0023     		movs	r3, #0
 774 025c BB73     		strb	r3, [r7, #14]
 775              		.loc 2 159 2
 776 025e 11E1     		b	.L45
 777              	.L55:
 778              	.LBB7:
 160:../src/App.c  **** 	{
 161:../src/App.c  **** 		uint8 pinPos = (i%4)*4;
 779              		.loc 2 161 9
 780 0260 BB7B     		ldrb	r3, [r7, #14]
 781 0262 03F00303 		and	r3, r3, #3
 782 0266 DBB2     		uxtb	r3, r3
 783 0268 9B00     		lsls	r3, r3, #2
 784 026a 3B73     		strb	r3, [r7, #12]
 162:../src/App.c  **** 
 163:../src/App.c  **** 		if(GPIOA == Exti_Array[i].gpioPort)
 785              		.loc 2 163 28
 786 026c BA7B     		ldrb	r2, [r7, #14]	@ zero_extendqisi2
 787 026e 8A49     		ldr	r1, .L60+4
 788 0270 1346     		mov	r3, r2
 789 0272 5B00     		lsls	r3, r3, #1
 790 0274 1344     		add	r3, r3, r2
 791 0276 9B00     		lsls	r3, r3, #2
 792 0278 0B44     		add	r3, r3, r1
 793 027a 0433     		adds	r3, r3, #4
 794 027c 1B68     		ldr	r3, [r3]
 795              		.loc 2 163 5
 796 027e 874A     		ldr	r2, .L60+8
 797 0280 9342     		cmp	r3, r2
 798 0282 0DD1     		bne	.L46
 164:../src/App.c  **** 		{
 165:../src/App.c  **** 			SYSCFG->EXTICR[i/4] |= SYSCFG_EXTICR1_EXTI0_PA << pinPos;
 799              		.loc 2 165 24
 800 0284 864A     		ldr	r2, .L60+12
 801 0286 BB7B     		ldrb	r3, [r7, #14]	@ zero_extendqisi2
 802 0288 9B08     		lsrs	r3, r3, #2
 803 028a DBB2     		uxtb	r3, r3
 804 028c 1C46     		mov	r4, r3
 805 028e 8449     		ldr	r1, .L60+12
 806 0290 1846     		mov	r0, r3
 807 0292 A31C     		adds	r3, r4, #2
 808 0294 52F82320 		ldr	r2, [r2, r3, lsl #2]
 809 0298 831C     		adds	r3, r0, #2
 810 029a 41F82320 		str	r2, [r1, r3, lsl #2]
 811 029e EEE0     		b	.L47
 812              	.L46:
 166:../src/App.c  **** 		}
 167:../src/App.c  **** 		else if(GPIOB == Exti_Array[i].gpioPort)
 813              		.loc 2 167 33
 814 02a0 BA7B     		ldrb	r2, [r7, #14]	@ zero_extendqisi2
 815 02a2 7D49     		ldr	r1, .L60+4
 816 02a4 1346     		mov	r3, r2
 817 02a6 5B00     		lsls	r3, r3, #1
 818 02a8 1344     		add	r3, r3, r2
 819 02aa 9B00     		lsls	r3, r3, #2
 820 02ac 0B44     		add	r3, r3, r1
 821 02ae 0433     		adds	r3, r3, #4
 822 02b0 1B68     		ldr	r3, [r3]
 823              		.loc 2 167 10
 824 02b2 7C4A     		ldr	r2, .L60+16
 825 02b4 9342     		cmp	r3, r2
 826 02b6 11D1     		bne	.L48
 168:../src/App.c  **** 		{
 169:../src/App.c  **** 			SYSCFG->EXTICR[i/4] |= SYSCFG_EXTICR1_EXTI0_PB << pinPos;
 827              		.loc 2 169 24
 828 02b8 794A     		ldr	r2, .L60+12
 829 02ba BB7B     		ldrb	r3, [r7, #14]	@ zero_extendqisi2
 830 02bc 9B08     		lsrs	r3, r3, #2
 831 02be D8B2     		uxtb	r0, r3
 832 02c0 0346     		mov	r3, r0
 833 02c2 0233     		adds	r3, r3, #2
 834 02c4 52F82320 		ldr	r2, [r2, r3, lsl #2]
 835              		.loc 2 169 51
 836 02c8 3B7B     		ldrb	r3, [r7, #12]	@ zero_extendqisi2
 837 02ca 0121     		movs	r1, #1
 838 02cc 01FA03F3 		lsl	r3, r1, r3
 839              		.loc 2 169 24
 840 02d0 7349     		ldr	r1, .L60+12
 841 02d2 1A43     		orrs	r2, r2, r3
 842 02d4 831C     		adds	r3, r0, #2
 843 02d6 41F82320 		str	r2, [r1, r3, lsl #2]
 844 02da D0E0     		b	.L47
 845              	.L48:
 170:../src/App.c  **** 		}
 171:../src/App.c  **** 		else if(GPIOC == Exti_Array[i].gpioPort)
 846              		.loc 2 171 33
 847 02dc BA7B     		ldrb	r2, [r7, #14]	@ zero_extendqisi2
 848 02de 6E49     		ldr	r1, .L60+4
 849 02e0 1346     		mov	r3, r2
 850 02e2 5B00     		lsls	r3, r3, #1
 851 02e4 1344     		add	r3, r3, r2
 852 02e6 9B00     		lsls	r3, r3, #2
 853 02e8 0B44     		add	r3, r3, r1
 854 02ea 0433     		adds	r3, r3, #4
 855 02ec 1B68     		ldr	r3, [r3]
 856              		.loc 2 171 10
 857 02ee 6E4A     		ldr	r2, .L60+20
 858 02f0 9342     		cmp	r3, r2
 859 02f2 11D1     		bne	.L49
 172:../src/App.c  **** 		{
 173:../src/App.c  **** 			SYSCFG->EXTICR[i/4] |= SYSCFG_EXTICR1_EXTI0_PC << pinPos;
 860              		.loc 2 173 24
 861 02f4 6A4A     		ldr	r2, .L60+12
 862 02f6 BB7B     		ldrb	r3, [r7, #14]	@ zero_extendqisi2
 863 02f8 9B08     		lsrs	r3, r3, #2
 864 02fa D8B2     		uxtb	r0, r3
 865 02fc 0346     		mov	r3, r0
 866 02fe 0233     		adds	r3, r3, #2
 867 0300 52F82320 		ldr	r2, [r2, r3, lsl #2]
 868              		.loc 2 173 51
 869 0304 3B7B     		ldrb	r3, [r7, #12]	@ zero_extendqisi2
 870 0306 0221     		movs	r1, #2
 871 0308 01FA03F3 		lsl	r3, r1, r3
 872              		.loc 2 173 24
 873 030c 6449     		ldr	r1, .L60+12
 874 030e 1A43     		orrs	r2, r2, r3
 875 0310 831C     		adds	r3, r0, #2
 876 0312 41F82320 		str	r2, [r1, r3, lsl #2]
 877 0316 B2E0     		b	.L47
 878              	.L49:
 174:../src/App.c  **** 		}
 175:../src/App.c  **** 		else if(GPIOD == Exti_Array[i].gpioPort)
 879              		.loc 2 175 33
 880 0318 BA7B     		ldrb	r2, [r7, #14]	@ zero_extendqisi2
 881 031a 5F49     		ldr	r1, .L60+4
 882 031c 1346     		mov	r3, r2
 883 031e 5B00     		lsls	r3, r3, #1
 884 0320 1344     		add	r3, r3, r2
 885 0322 9B00     		lsls	r3, r3, #2
 886 0324 0B44     		add	r3, r3, r1
 887 0326 0433     		adds	r3, r3, #4
 888 0328 1B68     		ldr	r3, [r3]
 889              		.loc 2 175 10
 890 032a 604A     		ldr	r2, .L60+24
 891 032c 9342     		cmp	r3, r2
 892 032e 11D1     		bne	.L50
 176:../src/App.c  **** 		{
 177:../src/App.c  **** 			SYSCFG->EXTICR[i/4] |= SYSCFG_EXTICR1_EXTI0_PD << pinPos;
 893              		.loc 2 177 24
 894 0330 5B4A     		ldr	r2, .L60+12
 895 0332 BB7B     		ldrb	r3, [r7, #14]	@ zero_extendqisi2
 896 0334 9B08     		lsrs	r3, r3, #2
 897 0336 D8B2     		uxtb	r0, r3
 898 0338 0346     		mov	r3, r0
 899 033a 0233     		adds	r3, r3, #2
 900 033c 52F82320 		ldr	r2, [r2, r3, lsl #2]
 901              		.loc 2 177 51
 902 0340 3B7B     		ldrb	r3, [r7, #12]	@ zero_extendqisi2
 903 0342 0321     		movs	r1, #3
 904 0344 01FA03F3 		lsl	r3, r1, r3
 905              		.loc 2 177 24
 906 0348 5549     		ldr	r1, .L60+12
 907 034a 1A43     		orrs	r2, r2, r3
 908 034c 831C     		adds	r3, r0, #2
 909 034e 41F82320 		str	r2, [r1, r3, lsl #2]
 910 0352 94E0     		b	.L47
 911              	.L50:
 178:../src/App.c  **** 		}
 179:../src/App.c  **** 		else if(GPIOE == Exti_Array[i].gpioPort)
 912              		.loc 2 179 33
 913 0354 BA7B     		ldrb	r2, [r7, #14]	@ zero_extendqisi2
 914 0356 5049     		ldr	r1, .L60+4
 915 0358 1346     		mov	r3, r2
 916 035a 5B00     		lsls	r3, r3, #1
 917 035c 1344     		add	r3, r3, r2
 918 035e 9B00     		lsls	r3, r3, #2
 919 0360 0B44     		add	r3, r3, r1
 920 0362 0433     		adds	r3, r3, #4
 921 0364 1B68     		ldr	r3, [r3]
 922              		.loc 2 179 10
 923 0366 524A     		ldr	r2, .L60+28
 924 0368 9342     		cmp	r3, r2
 925 036a 11D1     		bne	.L51
 180:../src/App.c  **** 		{
 181:../src/App.c  **** 			SYSCFG->EXTICR[i/4] |= SYSCFG_EXTICR1_EXTI0_PE << pinPos;
 926              		.loc 2 181 24
 927 036c 4C4A     		ldr	r2, .L60+12
 928 036e BB7B     		ldrb	r3, [r7, #14]	@ zero_extendqisi2
 929 0370 9B08     		lsrs	r3, r3, #2
 930 0372 D8B2     		uxtb	r0, r3
 931 0374 0346     		mov	r3, r0
 932 0376 0233     		adds	r3, r3, #2
 933 0378 52F82320 		ldr	r2, [r2, r3, lsl #2]
 934              		.loc 2 181 51
 935 037c 3B7B     		ldrb	r3, [r7, #12]	@ zero_extendqisi2
 936 037e 0421     		movs	r1, #4
 937 0380 01FA03F3 		lsl	r3, r1, r3
 938              		.loc 2 181 24
 939 0384 4649     		ldr	r1, .L60+12
 940 0386 1A43     		orrs	r2, r2, r3
 941 0388 831C     		adds	r3, r0, #2
 942 038a 41F82320 		str	r2, [r1, r3, lsl #2]
 943 038e 76E0     		b	.L47
 944              	.L51:
 182:../src/App.c  **** 		}
 183:../src/App.c  **** 		else if(GPIOF == Exti_Array[i].gpioPort)
 945              		.loc 2 183 33
 946 0390 BA7B     		ldrb	r2, [r7, #14]	@ zero_extendqisi2
 947 0392 4149     		ldr	r1, .L60+4
 948 0394 1346     		mov	r3, r2
 949 0396 5B00     		lsls	r3, r3, #1
 950 0398 1344     		add	r3, r3, r2
 951 039a 9B00     		lsls	r3, r3, #2
 952 039c 0B44     		add	r3, r3, r1
 953 039e 0433     		adds	r3, r3, #4
 954 03a0 1B68     		ldr	r3, [r3]
 955              		.loc 2 183 10
 956 03a2 444A     		ldr	r2, .L60+32
 957 03a4 9342     		cmp	r3, r2
 958 03a6 11D1     		bne	.L52
 184:../src/App.c  **** 		{
 185:../src/App.c  **** 			SYSCFG->EXTICR[i/4] |= SYSCFG_EXTICR1_EXTI0_PF << pinPos;
 959              		.loc 2 185 24
 960 03a8 3D4A     		ldr	r2, .L60+12
 961 03aa BB7B     		ldrb	r3, [r7, #14]	@ zero_extendqisi2
 962 03ac 9B08     		lsrs	r3, r3, #2
 963 03ae D8B2     		uxtb	r0, r3
 964 03b0 0346     		mov	r3, r0
 965 03b2 0233     		adds	r3, r3, #2
 966 03b4 52F82320 		ldr	r2, [r2, r3, lsl #2]
 967              		.loc 2 185 51
 968 03b8 3B7B     		ldrb	r3, [r7, #12]	@ zero_extendqisi2
 969 03ba 0521     		movs	r1, #5
 970 03bc 01FA03F3 		lsl	r3, r1, r3
 971              		.loc 2 185 24
 972 03c0 3749     		ldr	r1, .L60+12
 973 03c2 1A43     		orrs	r2, r2, r3
 974 03c4 831C     		adds	r3, r0, #2
 975 03c6 41F82320 		str	r2, [r1, r3, lsl #2]
 976 03ca 58E0     		b	.L47
 977              	.L52:
 186:../src/App.c  **** 		}
 187:../src/App.c  **** 		else if(GPIOG == Exti_Array[i].gpioPort)
 978              		.loc 2 187 33
 979 03cc BA7B     		ldrb	r2, [r7, #14]	@ zero_extendqisi2
 980 03ce 3249     		ldr	r1, .L60+4
 981 03d0 1346     		mov	r3, r2
 982 03d2 5B00     		lsls	r3, r3, #1
 983 03d4 1344     		add	r3, r3, r2
 984 03d6 9B00     		lsls	r3, r3, #2
 985 03d8 0B44     		add	r3, r3, r1
 986 03da 0433     		adds	r3, r3, #4
 987 03dc 1B68     		ldr	r3, [r3]
 988              		.loc 2 187 10
 989 03de 364A     		ldr	r2, .L60+36
 990 03e0 9342     		cmp	r3, r2
 991 03e2 11D1     		bne	.L53
 188:../src/App.c  **** 		{
 189:../src/App.c  **** 			SYSCFG->EXTICR[i/4] |= SYSCFG_EXTICR1_EXTI0_PG << pinPos;
 992              		.loc 2 189 24
 993 03e4 2E4A     		ldr	r2, .L60+12
 994 03e6 BB7B     		ldrb	r3, [r7, #14]	@ zero_extendqisi2
 995 03e8 9B08     		lsrs	r3, r3, #2
 996 03ea D8B2     		uxtb	r0, r3
 997 03ec 0346     		mov	r3, r0
 998 03ee 0233     		adds	r3, r3, #2
 999 03f0 52F82320 		ldr	r2, [r2, r3, lsl #2]
 1000              		.loc 2 189 51
 1001 03f4 3B7B     		ldrb	r3, [r7, #12]	@ zero_extendqisi2
 1002 03f6 0621     		movs	r1, #6
 1003 03f8 01FA03F3 		lsl	r3, r1, r3
 1004              		.loc 2 189 24
 1005 03fc 2849     		ldr	r1, .L60+12
 1006 03fe 1A43     		orrs	r2, r2, r3
 1007 0400 831C     		adds	r3, r0, #2
 1008 0402 41F82320 		str	r2, [r1, r3, lsl #2]
 1009 0406 3AE0     		b	.L47
 1010              	.L53:
 190:../src/App.c  **** 		}
 191:../src/App.c  **** 		else if(GPIOH == Exti_Array[i].gpioPort)
 1011              		.loc 2 191 33
 1012 0408 BA7B     		ldrb	r2, [r7, #14]	@ zero_extendqisi2
 1013 040a 2349     		ldr	r1, .L60+4
 1014 040c 1346     		mov	r3, r2
 1015 040e 5B00     		lsls	r3, r3, #1
 1016 0410 1344     		add	r3, r3, r2
 1017 0412 9B00     		lsls	r3, r3, #2
 1018 0414 0B44     		add	r3, r3, r1
 1019 0416 0433     		adds	r3, r3, #4
 1020 0418 1B68     		ldr	r3, [r3]
 1021              		.loc 2 191 10
 1022 041a 284A     		ldr	r2, .L60+40
 1023 041c 9342     		cmp	r3, r2
 1024 041e 11D1     		bne	.L54
 192:../src/App.c  **** 		{
 193:../src/App.c  **** 			SYSCFG->EXTICR[i/4] |= SYSCFG_EXTICR1_EXTI0_PH << pinPos;
 1025              		.loc 2 193 24
 1026 0420 1F4A     		ldr	r2, .L60+12
 1027 0422 BB7B     		ldrb	r3, [r7, #14]	@ zero_extendqisi2
 1028 0424 9B08     		lsrs	r3, r3, #2
 1029 0426 D8B2     		uxtb	r0, r3
 1030 0428 0346     		mov	r3, r0
 1031 042a 0233     		adds	r3, r3, #2
 1032 042c 52F82320 		ldr	r2, [r2, r3, lsl #2]
 1033              		.loc 2 193 51
 1034 0430 3B7B     		ldrb	r3, [r7, #12]	@ zero_extendqisi2
 1035 0432 0721     		movs	r1, #7
 1036 0434 01FA03F3 		lsl	r3, r1, r3
 1037              		.loc 2 193 24
 1038 0438 1949     		ldr	r1, .L60+12
 1039 043a 1A43     		orrs	r2, r2, r3
 1040 043c 831C     		adds	r3, r0, #2
 1041 043e 41F82320 		str	r2, [r1, r3, lsl #2]
 1042 0442 1CE0     		b	.L47
 1043              	.L54:
 194:../src/App.c  **** 		}
 195:../src/App.c  **** 		else if(GPIOI == Exti_Array[i].gpioPort)
 1044              		.loc 2 195 33
 1045 0444 BA7B     		ldrb	r2, [r7, #14]	@ zero_extendqisi2
 1046 0446 1449     		ldr	r1, .L60+4
 1047 0448 1346     		mov	r3, r2
 1048 044a 5B00     		lsls	r3, r3, #1
 1049 044c 1344     		add	r3, r3, r2
 1050 044e 9B00     		lsls	r3, r3, #2
 1051 0450 0B44     		add	r3, r3, r1
 1052 0452 0433     		adds	r3, r3, #4
 1053 0454 1B68     		ldr	r3, [r3]
 1054              		.loc 2 195 10
 1055 0456 1A4A     		ldr	r2, .L60+44
 1056 0458 9342     		cmp	r3, r2
 1057 045a 10D1     		bne	.L47
 196:../src/App.c  **** 		{
 197:../src/App.c  **** 			SYSCFG->EXTICR[i/4] |= SYSCFG_EXTICR1_EXTI0_PI << pinPos;
 1058              		.loc 2 197 24
 1059 045c 104A     		ldr	r2, .L60+12
 1060 045e BB7B     		ldrb	r3, [r7, #14]	@ zero_extendqisi2
 1061 0460 9B08     		lsrs	r3, r3, #2
 1062 0462 D8B2     		uxtb	r0, r3
 1063 0464 0346     		mov	r3, r0
 1064 0466 0233     		adds	r3, r3, #2
 1065 0468 52F82320 		ldr	r2, [r2, r3, lsl #2]
 1066              		.loc 2 197 51
 1067 046c 3B7B     		ldrb	r3, [r7, #12]	@ zero_extendqisi2
 1068 046e 0821     		movs	r1, #8
 1069 0470 01FA03F3 		lsl	r3, r1, r3
 1070              		.loc 2 197 24
 1071 0474 0A49     		ldr	r1, .L60+12
 1072 0476 1A43     		orrs	r2, r2, r3
 1073 0478 831C     		adds	r3, r0, #2
 1074 047a 41F82320 		str	r2, [r1, r3, lsl #2]
 1075              	.L47:
 1076              	.LBE7:
 159:../src/App.c  **** 	{
 1077              		.loc 2 159 36 discriminator 2
 1078 047e BB7B     		ldrb	r3, [r7, #14]
 1079 0480 0133     		adds	r3, r3, #1
 1080 0482 BB73     		strb	r3, [r7, #14]
 1081              	.L45:
 159:../src/App.c  **** 	{
 1082              		.loc 2 159 2 discriminator 1
 1083 0484 BB7B     		ldrb	r3, [r7, #14]	@ zero_extendqisi2
 1084 0486 0F2B     		cmp	r3, #15
 1085 0488 7FF6EAAE 		bls	.L55
 1086              	.LBE6:
 1087              	.LBB8:
 198:../src/App.c  **** 		}
 199:../src/App.c  **** 		else
 200:../src/App.c  **** 		{ /* Do Nothing */ }
 201:../src/App.c  **** 	}
 202:../src/App.c  **** 
 203:../src/App.c  **** 
 204:../src/App.c  **** 	//3. Config and Enable Interrupt Registers
 205:../src/App.c  **** 	for(uint8 i=0; i<EXTI_ARRAY_SIZE; ++i)
 1088              		.loc 2 205 12
 1089 048c 0023     		movs	r3, #0
 1090 048e 7B73     		strb	r3, [r7, #13]
 1091              		.loc 2 205 2
 1092 0490 61E0     		b	.L56
 1093              	.L61:
 1094 0492 00BF     		.align	2
 1095              	.L60:
 1096 0494 00000000 		.word	.LC0
 1097 0498 00000000 		.word	Exti_Array
 1098 049c 00000240 		.word	1073872896
 1099 04a0 00380140 		.word	1073821696
 1100 04a4 00040240 		.word	1073873920
 1101 04a8 00080240 		.word	1073874944
 1102 04ac 000C0240 		.word	1073875968
 1103 04b0 00100240 		.word	1073876992
 1104 04b4 00140240 		.word	1073878016
 1105 04b8 00180240 		.word	1073879040
 1106 04bc 001C0240 		.word	1073880064
 1107 04c0 00200240 		.word	1073881088
 1108              	.L59:
 206:../src/App.c  **** 	{
 207:../src/App.c  **** 		if(FALLING_EDGE == Exti_Array[i].intType)
 1109              		.loc 2 207 35
 1110 04c4 7A7B     		ldrb	r2, [r7, #13]	@ zero_extendqisi2
 1111 04c6 2849     		ldr	r1, .L62
 1112 04c8 1346     		mov	r3, r2
 1113 04ca 5B00     		lsls	r3, r3, #1
 1114 04cc 1344     		add	r3, r3, r2
 1115 04ce 9B00     		lsls	r3, r3, #2
 1116 04d0 0B44     		add	r3, r3, r1
 1117 04d2 0833     		adds	r3, r3, #8
 1118 04d4 1B78     		ldrb	r3, [r3]	@ zero_extendqisi2
 1119              		.loc 2 207 5
 1120 04d6 002B     		cmp	r3, #0
 1121 04d8 0FD1     		bne	.L57
 208:../src/App.c  **** 		{
 209:../src/App.c  **** 			EXTI->FTSR |= 1 << Exti_Array[i].pinNumber;
 1122              		.loc 2 209 15
 1123 04da 244B     		ldr	r3, .L62+4
 1124 04dc D968     		ldr	r1, [r3, #12]
 1125              		.loc 2 209 36
 1126 04de 7A7B     		ldrb	r2, [r7, #13]	@ zero_extendqisi2
 1127 04e0 2148     		ldr	r0, .L62
 1128 04e2 1346     		mov	r3, r2
 1129 04e4 5B00     		lsls	r3, r3, #1
 1130 04e6 1344     		add	r3, r3, r2
 1131 04e8 9B00     		lsls	r3, r3, #2
 1132 04ea 0344     		add	r3, r3, r0
 1133 04ec 1B78     		ldrb	r3, [r3]	@ zero_extendqisi2
 1134 04ee 1A46     		mov	r2, r3
 1135              		.loc 2 209 20
 1136 04f0 0123     		movs	r3, #1
 1137 04f2 9340     		lsls	r3, r3, r2
 1138              		.loc 2 209 15
 1139 04f4 1D4A     		ldr	r2, .L62+4
 1140 04f6 0B43     		orrs	r3, r3, r1
 1141 04f8 D360     		str	r3, [r2, #12]
 1142              	.L57:
 210:../src/App.c  **** 		}
 211:../src/App.c  **** 
 212:../src/App.c  **** 		if(RISING_EDGE == Exti_Array[i].intType)
 1143              		.loc 2 212 34
 1144 04fa 7A7B     		ldrb	r2, [r7, #13]	@ zero_extendqisi2
 1145 04fc 1A49     		ldr	r1, .L62
 1146 04fe 1346     		mov	r3, r2
 1147 0500 5B00     		lsls	r3, r3, #1
 1148 0502 1344     		add	r3, r3, r2
 1149 0504 9B00     		lsls	r3, r3, #2
 1150 0506 0B44     		add	r3, r3, r1
 1151 0508 0833     		adds	r3, r3, #8
 1152 050a 1B78     		ldrb	r3, [r3]	@ zero_extendqisi2
 1153              		.loc 2 212 5
 1154 050c 012B     		cmp	r3, #1
 1155 050e 0FD1     		bne	.L58
 213:../src/App.c  **** 		{
 214:../src/App.c  **** 			EXTI->RTSR |= 1 << Exti_Array[i].pinNumber;
 1156              		.loc 2 214 15
 1157 0510 164B     		ldr	r3, .L62+4
 1158 0512 9968     		ldr	r1, [r3, #8]
 1159              		.loc 2 214 36
 1160 0514 7A7B     		ldrb	r2, [r7, #13]	@ zero_extendqisi2
 1161 0516 1448     		ldr	r0, .L62
 1162 0518 1346     		mov	r3, r2
 1163 051a 5B00     		lsls	r3, r3, #1
 1164 051c 1344     		add	r3, r3, r2
 1165 051e 9B00     		lsls	r3, r3, #2
 1166 0520 0344     		add	r3, r3, r0
 1167 0522 1B78     		ldrb	r3, [r3]	@ zero_extendqisi2
 1168 0524 1A46     		mov	r2, r3
 1169              		.loc 2 214 20
 1170 0526 0123     		movs	r3, #1
 1171 0528 9340     		lsls	r3, r3, r2
 1172              		.loc 2 214 15
 1173 052a 104A     		ldr	r2, .L62+4
 1174 052c 0B43     		orrs	r3, r3, r1
 1175 052e 9360     		str	r3, [r2, #8]
 1176              	.L58:
 215:../src/App.c  **** 		}
 216:../src/App.c  **** 
 217:../src/App.c  **** 		EXTI->IMR |= 1 << Exti_Array[i].pinNumber;
 1177              		.loc 2 217 13 discriminator 2
 1178 0530 0E4B     		ldr	r3, .L62+4
 1179 0532 1968     		ldr	r1, [r3]
 1180              		.loc 2 217 34 discriminator 2
 1181 0534 7A7B     		ldrb	r2, [r7, #13]	@ zero_extendqisi2
 1182 0536 0C48     		ldr	r0, .L62
 1183 0538 1346     		mov	r3, r2
 1184 053a 5B00     		lsls	r3, r3, #1
 1185 053c 1344     		add	r3, r3, r2
 1186 053e 9B00     		lsls	r3, r3, #2
 1187 0540 0344     		add	r3, r3, r0
 1188 0542 1B78     		ldrb	r3, [r3]	@ zero_extendqisi2
 1189 0544 1A46     		mov	r2, r3
 1190              		.loc 2 217 18 discriminator 2
 1191 0546 0123     		movs	r3, #1
 1192 0548 9340     		lsls	r3, r3, r2
 1193              		.loc 2 217 13 discriminator 2
 1194 054a 084A     		ldr	r2, .L62+4
 1195 054c 0B43     		orrs	r3, r3, r1
 1196 054e 1360     		str	r3, [r2]
 205:../src/App.c  **** 	{
 1197              		.loc 2 205 36 discriminator 2
 1198 0550 7B7B     		ldrb	r3, [r7, #13]
 1199 0552 0133     		adds	r3, r3, #1
 1200 0554 7B73     		strb	r3, [r7, #13]
 1201              	.L56:
 205:../src/App.c  **** 	{
 1202              		.loc 2 205 2 discriminator 1
 1203 0556 7B7B     		ldrb	r3, [r7, #13]	@ zero_extendqisi2
 1204 0558 0F2B     		cmp	r3, #15
 1205 055a B3D9     		bls	.L59
 1206              	.LBE8:
 218:../src/App.c  **** 	}
 219:../src/App.c  **** 
 220:../src/App.c  **** 
 221:../src/App.c  **** 	//4. Interrupt Enable
 222:../src/App.c  **** 	Enable_Exti_Interrupt();
 1207              		.loc 2 222 2
 1208 055c FFF796FD 		bl	Enable_Exti_Interrupt
 223:../src/App.c  **** }
 1209              		.loc 2 223 1
 1210 0560 00BF     		nop
 1211 0562 1437     		adds	r7, r7, #20
 1212              		.cfi_def_cfa_offset 12
 1213 0564 BD46     		mov	sp, r7
 1214              		.cfi_def_cfa_register 13
 1215              		@ sp needed
 1216 0566 90BD     		pop	{r4, r7, pc}
 1217              	.L63:
 1218              		.align	2
 1219              	.L62:
 1220 0568 00000000 		.word	Exti_Array
 1221 056c 003C0140 		.word	1073822720
 1222              		.cfi_endproc
 1223              	.LFE140:
 1225              		.section	.rodata
 1226 0006 0000     		.align	2
 1227              	.LC1:
 1228 0008 00       		.byte	0
 1229 0009 00       		.byte	0
 1230 000a 02       		.byte	2
 1231 000b 00       		.byte	0
 1232 000c 02       		.byte	2
 1233 000d 00       		.byte	0
 1234              		.text
 1235              		.align	1
 1236              		.global	Input_Init
 1237              		.syntax unified
 1238              		.thumb
 1239              		.thumb_func
 1241              	Input_Init:
 1242              	.LFB141:
 224:../src/App.c  **** 
 225:../src/App.c  **** void Input_Init(void)
 226:../src/App.c  **** {
 1243              		.loc 2 226 1
 1244              		.cfi_startproc
 1245              		@ args = 0, pretend = 0, frame = 8
 1246              		@ frame_needed = 1, uses_anonymous_args = 0
 1247 0570 80B5     		push	{r7, lr}
 1248              		.cfi_def_cfa_offset 8
 1249              		.cfi_offset 7, -8
 1250              		.cfi_offset 14, -4
 1251 0572 82B0     		sub	sp, sp, #8
 1252              		.cfi_def_cfa_offset 16
 1253 0574 00AF     		add	r7, sp, #0
 1254              		.cfi_def_cfa_register 7
 227:../src/App.c  **** 	//1. Enable Related Pins
 228:../src/App.c  **** 	gpio_cfg configGpio = {PIN_0, GPIO_MODE_INPUT, OUTPUT_TYPE_NA, OUTPUT_SPEED_LOW, PULL_DOWN, 0};
 1255              		.loc 2 228 11
 1256 0576 164A     		ldr	r2, .L67
 1257 0578 3B46     		mov	r3, r7
 1258 057a 92E80300 		ldm	r2, {r0, r1}
 1259 057e 1860     		str	r0, [r3]
 1260 0580 0433     		adds	r3, r3, #4
 1261 0582 1980     		strh	r1, [r3]	@ movhi
 1262              	.LBB9:
 229:../src/App.c  **** 
 230:../src/App.c  **** 	for(uint8 i=0; i<INPUT_ARRAY_SIZE; ++i)
 1263              		.loc 2 230 12
 1264 0584 0023     		movs	r3, #0
 1265 0586 FB71     		strb	r3, [r7, #7]
 1266              		.loc 2 230 2
 1267 0588 1AE0     		b	.L65
 1268              	.L66:
 231:../src/App.c  **** 	{
 232:../src/App.c  **** 		configGpio.pinNumber = Input_Array[i].pinNumber;
 1269              		.loc 2 232 40 discriminator 3
 1270 058a FA79     		ldrb	r2, [r7, #7]	@ zero_extendqisi2
 1271 058c 1149     		ldr	r1, .L67+4
 1272 058e 1346     		mov	r3, r2
 1273 0590 5B00     		lsls	r3, r3, #1
 1274 0592 1344     		add	r3, r3, r2
 1275 0594 9B00     		lsls	r3, r3, #2
 1276 0596 0B44     		add	r3, r3, r1
 1277 0598 1B78     		ldrb	r3, [r3]	@ zero_extendqisi2
 1278              		.loc 2 232 24 discriminator 3
 1279 059a 3B70     		strb	r3, [r7]
 233:../src/App.c  **** 		Gpio_Init(configGpio, Input_Array[i].gpioPort);
 1280              		.loc 2 233 3 discriminator 3
 1281 059c FA79     		ldrb	r2, [r7, #7]	@ zero_extendqisi2
 1282 059e 0D49     		ldr	r1, .L67+4
 1283 05a0 1346     		mov	r3, r2
 1284 05a2 5B00     		lsls	r3, r3, #1
 1285 05a4 1344     		add	r3, r3, r2
 1286 05a6 9B00     		lsls	r3, r3, #2
 1287 05a8 0B44     		add	r3, r3, r1
 1288 05aa 0433     		adds	r3, r3, #4
 1289 05ac 1B68     		ldr	r3, [r3]
 1290 05ae 1A46     		mov	r2, r3
 1291 05b0 3B46     		mov	r3, r7
 1292 05b2 93E80300 		ldm	r3, {r0, r1}
 1293 05b6 FFF7FEFF 		bl	Gpio_Init
 230:../src/App.c  **** 	{
 1294              		.loc 2 230 37 discriminator 3
 1295 05ba FB79     		ldrb	r3, [r7, #7]
 1296 05bc 0133     		adds	r3, r3, #1
 1297 05be FB71     		strb	r3, [r7, #7]
 1298              	.L65:
 230:../src/App.c  **** 	{
 1299              		.loc 2 230 2 discriminator 1
 1300 05c0 FB79     		ldrb	r3, [r7, #7]	@ zero_extendqisi2
 1301 05c2 232B     		cmp	r3, #35
 1302 05c4 E1D9     		bls	.L66
 1303              	.LBE9:
 234:../src/App.c  **** 	}
 235:../src/App.c  **** }
 1304              		.loc 2 235 1
 1305 05c6 00BF     		nop
 1306 05c8 00BF     		nop
 1307 05ca 0837     		adds	r7, r7, #8
 1308              		.cfi_def_cfa_offset 8
 1309 05cc BD46     		mov	sp, r7
 1310              		.cfi_def_cfa_register 13
 1311              		@ sp needed
 1312 05ce 80BD     		pop	{r7, pc}
 1313              	.L68:
 1314              		.align	2
 1315              	.L67:
 1316 05d0 08000000 		.word	.LC1
 1317 05d4 00000000 		.word	Input_Array
 1318              		.cfi_endproc
 1319              	.LFE141:
 1321              		.align	1
 1322              		.global	InputPolling
 1323              		.syntax unified
 1324              		.thumb
 1325              		.thumb_func
 1327              	InputPolling:
 1328              	.LFB142:
 236:../src/App.c  **** 
 237:../src/App.c  **** void InputPolling(void)
 238:../src/App.c  **** {
 1329              		.loc 2 238 1
 1330              		.cfi_startproc
 1331              		@ args = 0, pretend = 0, frame = 8
 1332              		@ frame_needed = 1, uses_anonymous_args = 0
 1333 05d8 80B5     		push	{r7, lr}
 1334              		.cfi_def_cfa_offset 8
 1335              		.cfi_offset 7, -8
 1336              		.cfi_offset 14, -4
 1337 05da 82B0     		sub	sp, sp, #8
 1338              		.cfi_def_cfa_offset 16
 1339 05dc 00AF     		add	r7, sp, #0
 1340              		.cfi_def_cfa_register 7
 1341              	.LBB10:
 239:../src/App.c  **** 	for(int i=0; i<INPUT_ARRAY_SIZE; ++i)
 1342              		.loc 2 239 10
 1343 05de 0023     		movs	r3, #0
 1344 05e0 7B60     		str	r3, [r7, #4]
 1345              		.loc 2 239 2
 1346 05e2 6CE0     		b	.L70
 1347              	.L73:
 1348              	.LBB11:
 240:../src/App.c  **** 	{
 241:../src/App.c  **** 		uint8 pos;
 242:../src/App.c  **** 		if(TRUE == Gpio_Read(Input_Array[i].pinNumber, Input_Array[i].gpioPort))
 1349              		.loc 2 242 38
 1350 05e4 3A49     		ldr	r1, .L74
 1351 05e6 7A68     		ldr	r2, [r7, #4]
 1352 05e8 1346     		mov	r3, r2
 1353 05ea 5B00     		lsls	r3, r3, #1
 1354 05ec 1344     		add	r3, r3, r2
 1355 05ee 9B00     		lsls	r3, r3, #2
 1356 05f0 0B44     		add	r3, r3, r1
 1357 05f2 1878     		ldrb	r0, [r3]	@ zero_extendqisi2
 1358              		.loc 2 242 14
 1359 05f4 3649     		ldr	r1, .L74
 1360 05f6 7A68     		ldr	r2, [r7, #4]
 1361 05f8 1346     		mov	r3, r2
 1362 05fa 5B00     		lsls	r3, r3, #1
 1363 05fc 1344     		add	r3, r3, r2
 1364 05fe 9B00     		lsls	r3, r3, #2
 1365 0600 0B44     		add	r3, r3, r1
 1366 0602 0433     		adds	r3, r3, #4
 1367 0604 1B68     		ldr	r3, [r3]
 1368 0606 1946     		mov	r1, r3
 1369 0608 FFF7FEFF 		bl	Gpio_Read
 1370 060c 0346     		mov	r3, r0
 1371              		.loc 2 242 5
 1372 060e 012B     		cmp	r3, #1
 1373 0610 25D1     		bne	.L71
 243:../src/App.c  **** 		{
 244:../src/App.c  **** 			if(E_NOT_OK == findExistingPos(&pos, Input_Array[i].keyCode))	//if not already written
 1374              		.loc 2 244 19
 1375 0612 2F49     		ldr	r1, .L74
 1376 0614 7A68     		ldr	r2, [r7, #4]
 1377 0616 1346     		mov	r3, r2
 1378 0618 5B00     		lsls	r3, r3, #1
 1379 061a 1344     		add	r3, r3, r2
 1380 061c 9B00     		lsls	r3, r3, #2
 1381 061e 0B44     		add	r3, r3, r1
 1382 0620 0833     		adds	r3, r3, #8
 1383 0622 1A78     		ldrb	r2, [r3]	@ zero_extendqisi2
 1384 0624 FB1C     		adds	r3, r7, #3
 1385 0626 1146     		mov	r1, r2
 1386 0628 1846     		mov	r0, r3
 1387 062a FFF7C9FD 		bl	findExistingPos
 1388 062e 0346     		mov	r3, r0
 1389              		.loc 2 244 6
 1390 0630 012B     		cmp	r3, #1
 1391 0632 41D1     		bne	.L72
 245:../src/App.c  **** 			{
 246:../src/App.c  **** 				if(E_OK == findEmptyPos(&pos))	//find an empty position
 1392              		.loc 2 246 16
 1393 0634 FB1C     		adds	r3, r7, #3
 1394 0636 1846     		mov	r0, r3
 1395 0638 FFF7A2FD 		bl	findEmptyPos
 1396 063c 0346     		mov	r3, r0
 1397              		.loc 2 246 7
 1398 063e 002B     		cmp	r3, #0
 1399 0640 3AD1     		bne	.L72
 247:../src/App.c  **** 				{
 248:../src/App.c  **** 					USB_buffer[pos] = Input_Array[i].keyCode;
 1400              		.loc 2 248 16
 1401 0642 FB78     		ldrb	r3, [r7, #3]	@ zero_extendqisi2
 1402 0644 1846     		mov	r0, r3
 1403              		.loc 2 248 38
 1404 0646 2249     		ldr	r1, .L74
 1405 0648 7A68     		ldr	r2, [r7, #4]
 1406 064a 1346     		mov	r3, r2
 1407 064c 5B00     		lsls	r3, r3, #1
 1408 064e 1344     		add	r3, r3, r2
 1409 0650 9B00     		lsls	r3, r3, #2
 1410 0652 0B44     		add	r3, r3, r1
 1411 0654 0833     		adds	r3, r3, #8
 1412 0656 1A78     		ldrb	r2, [r3]	@ zero_extendqisi2
 1413              		.loc 2 248 22
 1414 0658 1E4B     		ldr	r3, .L74+4
 1415 065a 1A54     		strb	r2, [r3, r0]
 1416 065c 2CE0     		b	.L72
 1417              	.L71:
 249:../src/App.c  **** 				}//else Out of Limits
 250:../src/App.c  **** 			}//else already written
 251:../src/App.c  **** 		}
 252:../src/App.c  **** 		else if(FALSE == Gpio_Read(Input_Array[i].pinNumber, Input_Array[i].gpioPort))
 1418              		.loc 2 252 44
 1419 065e 1C49     		ldr	r1, .L74
 1420 0660 7A68     		ldr	r2, [r7, #4]
 1421 0662 1346     		mov	r3, r2
 1422 0664 5B00     		lsls	r3, r3, #1
 1423 0666 1344     		add	r3, r3, r2
 1424 0668 9B00     		lsls	r3, r3, #2
 1425 066a 0B44     		add	r3, r3, r1
 1426 066c 1878     		ldrb	r0, [r3]	@ zero_extendqisi2
 1427              		.loc 2 252 20
 1428 066e 1849     		ldr	r1, .L74
 1429 0670 7A68     		ldr	r2, [r7, #4]
 1430 0672 1346     		mov	r3, r2
 1431 0674 5B00     		lsls	r3, r3, #1
 1432 0676 1344     		add	r3, r3, r2
 1433 0678 9B00     		lsls	r3, r3, #2
 1434 067a 0B44     		add	r3, r3, r1
 1435 067c 0433     		adds	r3, r3, #4
 1436 067e 1B68     		ldr	r3, [r3]
 1437 0680 1946     		mov	r1, r3
 1438 0682 FFF7FEFF 		bl	Gpio_Read
 1439 0686 0346     		mov	r3, r0
 1440              		.loc 2 252 10
 1441 0688 002B     		cmp	r3, #0
 1442 068a 15D1     		bne	.L72
 253:../src/App.c  **** 		{
 254:../src/App.c  **** 			if(E_OK == findExistingPos(&pos, Input_Array[i].keyCode))
 1443              		.loc 2 254 15
 1444 068c 1049     		ldr	r1, .L74
 1445 068e 7A68     		ldr	r2, [r7, #4]
 1446 0690 1346     		mov	r3, r2
 1447 0692 5B00     		lsls	r3, r3, #1
 1448 0694 1344     		add	r3, r3, r2
 1449 0696 9B00     		lsls	r3, r3, #2
 1450 0698 0B44     		add	r3, r3, r1
 1451 069a 0833     		adds	r3, r3, #8
 1452 069c 1A78     		ldrb	r2, [r3]	@ zero_extendqisi2
 1453 069e FB1C     		adds	r3, r7, #3
 1454 06a0 1146     		mov	r1, r2
 1455 06a2 1846     		mov	r0, r3
 1456 06a4 FFF78CFD 		bl	findExistingPos
 1457 06a8 0346     		mov	r3, r0
 1458              		.loc 2 254 6
 1459 06aa 002B     		cmp	r3, #0
 1460 06ac 04D1     		bne	.L72
 255:../src/App.c  **** 			{
 256:../src/App.c  **** 				USB_buffer[pos] = (uint8)0u;
 1461              		.loc 2 256 15
 1462 06ae FB78     		ldrb	r3, [r7, #3]	@ zero_extendqisi2
 1463 06b0 1A46     		mov	r2, r3
 1464              		.loc 2 256 21
 1465 06b2 084B     		ldr	r3, .L74+4
 1466 06b4 0021     		movs	r1, #0
 1467 06b6 9954     		strb	r1, [r3, r2]
 1468              	.L72:
 1469              	.LBE11:
 239:../src/App.c  **** 	{
 1470              		.loc 2 239 35 discriminator 1
 1471 06b8 7B68     		ldr	r3, [r7, #4]
 1472 06ba 0133     		adds	r3, r3, #1
 1473 06bc 7B60     		str	r3, [r7, #4]
 1474              	.L70:
 239:../src/App.c  **** 	{
 1475              		.loc 2 239 16 discriminator 2
 1476 06be 7B68     		ldr	r3, [r7, #4]
 239:../src/App.c  **** 	{
 1477              		.loc 2 239 2 discriminator 2
 1478 06c0 232B     		cmp	r3, #35
 1479 06c2 8FD9     		bls	.L73
 1480              	.LBE10:
 257:../src/App.c  **** 			}
 258:../src/App.c  **** 		}
 259:../src/App.c  **** 	}
 260:../src/App.c  **** }
 1481              		.loc 2 260 1
 1482 06c4 00BF     		nop
 1483 06c6 00BF     		nop
 1484 06c8 0837     		adds	r7, r7, #8
 1485              		.cfi_def_cfa_offset 8
 1486 06ca BD46     		mov	sp, r7
 1487              		.cfi_def_cfa_register 13
 1488              		@ sp needed
 1489 06cc 80BD     		pop	{r7, pc}
 1490              	.L75:
 1491 06ce 00BF     		.align	2
 1492              	.L74:
 1493 06d0 00000000 		.word	Input_Array
 1494 06d4 00000000 		.word	USB_buffer
 1495              		.cfi_endproc
 1496              	.LFE142:
 1498              		.align	1
 1499              		.global	EXTI0_IRQHandler
 1500              		.syntax unified
 1501              		.thumb
 1502              		.thumb_func
 1504              	EXTI0_IRQHandler:
 1505              	.LFB143:
 261:../src/App.c  **** 
 262:../src/App.c  **** void EXTI0_IRQHandler(void)
 263:../src/App.c  **** {
 1506              		.loc 2 263 1
 1507              		.cfi_startproc
 1508              		@ args = 0, pretend = 0, frame = 0
 1509              		@ frame_needed = 1, uses_anonymous_args = 0
 1510              		@ link register save eliminated.
 1511 06d8 80B4     		push	{r7}
 1512              		.cfi_def_cfa_offset 4
 1513              		.cfi_offset 7, -4
 1514 06da 00AF     		add	r7, sp, #0
 1515              		.cfi_def_cfa_register 7
 264:../src/App.c  **** 	InputArray[0] = TRUE;
 1516              		.loc 2 264 16
 1517 06dc 064B     		ldr	r3, .L77
 1518 06de 0122     		movs	r2, #1
 1519 06e0 1A70     		strb	r2, [r3]
 265:../src/App.c  **** 	EXTI->PR |=  EXTI_PR_PR0;
 1520              		.loc 2 265 11
 1521 06e2 064B     		ldr	r3, .L77+4
 1522 06e4 5B69     		ldr	r3, [r3, #20]
 1523 06e6 054A     		ldr	r2, .L77+4
 1524 06e8 43F00103 		orr	r3, r3, #1
 1525 06ec 5361     		str	r3, [r2, #20]
 266:../src/App.c  **** }
 1526              		.loc 2 266 1
 1527 06ee 00BF     		nop
 1528 06f0 BD46     		mov	sp, r7
 1529              		.cfi_def_cfa_register 13
 1530              		@ sp needed
 1531 06f2 80BC     		pop	{r7}
 1532              		.cfi_restore 7
 1533              		.cfi_def_cfa_offset 0
 1534 06f4 7047     		bx	lr
 1535              	.L78:
 1536 06f6 00BF     		.align	2
 1537              	.L77:
 1538 06f8 00000000 		.word	InputArray
 1539 06fc 003C0140 		.word	1073822720
 1540              		.cfi_endproc
 1541              	.LFE143:
 1543              		.align	1
 1544              		.global	EXTI1_IRQHandler
 1545              		.syntax unified
 1546              		.thumb
 1547              		.thumb_func
 1549              	EXTI1_IRQHandler:
 1550              	.LFB144:
 267:../src/App.c  **** 
 268:../src/App.c  **** void EXTI1_IRQHandler(void)
 269:../src/App.c  **** {
 1551              		.loc 2 269 1
 1552              		.cfi_startproc
 1553              		@ args = 0, pretend = 0, frame = 0
 1554              		@ frame_needed = 1, uses_anonymous_args = 0
 1555              		@ link register save eliminated.
 1556 0700 80B4     		push	{r7}
 1557              		.cfi_def_cfa_offset 4
 1558              		.cfi_offset 7, -4
 1559 0702 00AF     		add	r7, sp, #0
 1560              		.cfi_def_cfa_register 7
 270:../src/App.c  **** 	InputArray[1] = TRUE;
 1561              		.loc 2 270 16
 1562 0704 064B     		ldr	r3, .L80
 1563 0706 0122     		movs	r2, #1
 1564 0708 5A70     		strb	r2, [r3, #1]
 271:../src/App.c  **** 	EXTI->PR |=  EXTI_PR_PR1;
 1565              		.loc 2 271 11
 1566 070a 064B     		ldr	r3, .L80+4
 1567 070c 5B69     		ldr	r3, [r3, #20]
 1568 070e 054A     		ldr	r2, .L80+4
 1569 0710 43F00203 		orr	r3, r3, #2
 1570 0714 5361     		str	r3, [r2, #20]
 272:../src/App.c  **** }
 1571              		.loc 2 272 1
 1572 0716 00BF     		nop
 1573 0718 BD46     		mov	sp, r7
 1574              		.cfi_def_cfa_register 13
 1575              		@ sp needed
 1576 071a 80BC     		pop	{r7}
 1577              		.cfi_restore 7
 1578              		.cfi_def_cfa_offset 0
 1579 071c 7047     		bx	lr
 1580              	.L81:
 1581 071e 00BF     		.align	2
 1582              	.L80:
 1583 0720 00000000 		.word	InputArray
 1584 0724 003C0140 		.word	1073822720
 1585              		.cfi_endproc
 1586              	.LFE144:
 1588              		.align	1
 1589              		.global	EXTI2_IRQHandler
 1590              		.syntax unified
 1591              		.thumb
 1592              		.thumb_func
 1594              	EXTI2_IRQHandler:
 1595              	.LFB145:
 273:../src/App.c  **** 
 274:../src/App.c  **** void EXTI2_IRQHandler(void)
 275:../src/App.c  **** {
 1596              		.loc 2 275 1
 1597              		.cfi_startproc
 1598              		@ args = 0, pretend = 0, frame = 0
 1599              		@ frame_needed = 1, uses_anonymous_args = 0
 1600              		@ link register save eliminated.
 1601 0728 80B4     		push	{r7}
 1602              		.cfi_def_cfa_offset 4
 1603              		.cfi_offset 7, -4
 1604 072a 00AF     		add	r7, sp, #0
 1605              		.cfi_def_cfa_register 7
 276:../src/App.c  **** 	InputArray[2] = TRUE;
 1606              		.loc 2 276 16
 1607 072c 064B     		ldr	r3, .L83
 1608 072e 0122     		movs	r2, #1
 1609 0730 9A70     		strb	r2, [r3, #2]
 277:../src/App.c  **** 	EXTI->PR |=  EXTI_PR_PR2;
 1610              		.loc 2 277 11
 1611 0732 064B     		ldr	r3, .L83+4
 1612 0734 5B69     		ldr	r3, [r3, #20]
 1613 0736 054A     		ldr	r2, .L83+4
 1614 0738 43F00403 		orr	r3, r3, #4
 1615 073c 5361     		str	r3, [r2, #20]
 278:../src/App.c  **** }
 1616              		.loc 2 278 1
 1617 073e 00BF     		nop
 1618 0740 BD46     		mov	sp, r7
 1619              		.cfi_def_cfa_register 13
 1620              		@ sp needed
 1621 0742 80BC     		pop	{r7}
 1622              		.cfi_restore 7
 1623              		.cfi_def_cfa_offset 0
 1624 0744 7047     		bx	lr
 1625              	.L84:
 1626 0746 00BF     		.align	2
 1627              	.L83:
 1628 0748 00000000 		.word	InputArray
 1629 074c 003C0140 		.word	1073822720
 1630              		.cfi_endproc
 1631              	.LFE145:
 1633              		.align	1
 1634              		.global	EXTI3_IRQHandler
 1635              		.syntax unified
 1636              		.thumb
 1637              		.thumb_func
 1639              	EXTI3_IRQHandler:
 1640              	.LFB146:
 279:../src/App.c  **** 
 280:../src/App.c  **** void EXTI3_IRQHandler(void)
 281:../src/App.c  **** {
 1641              		.loc 2 281 1
 1642              		.cfi_startproc
 1643              		@ args = 0, pretend = 0, frame = 0
 1644              		@ frame_needed = 1, uses_anonymous_args = 0
 1645              		@ link register save eliminated.
 1646 0750 80B4     		push	{r7}
 1647              		.cfi_def_cfa_offset 4
 1648              		.cfi_offset 7, -4
 1649 0752 00AF     		add	r7, sp, #0
 1650              		.cfi_def_cfa_register 7
 282:../src/App.c  **** 	InputArray[3] = TRUE;
 1651              		.loc 2 282 16
 1652 0754 064B     		ldr	r3, .L86
 1653 0756 0122     		movs	r2, #1
 1654 0758 DA70     		strb	r2, [r3, #3]
 283:../src/App.c  **** 	EXTI->PR |=  EXTI_PR_PR3;
 1655              		.loc 2 283 11
 1656 075a 064B     		ldr	r3, .L86+4
 1657 075c 5B69     		ldr	r3, [r3, #20]
 1658 075e 054A     		ldr	r2, .L86+4
 1659 0760 43F00803 		orr	r3, r3, #8
 1660 0764 5361     		str	r3, [r2, #20]
 284:../src/App.c  **** }
 1661              		.loc 2 284 1
 1662 0766 00BF     		nop
 1663 0768 BD46     		mov	sp, r7
 1664              		.cfi_def_cfa_register 13
 1665              		@ sp needed
 1666 076a 80BC     		pop	{r7}
 1667              		.cfi_restore 7
 1668              		.cfi_def_cfa_offset 0
 1669 076c 7047     		bx	lr
 1670              	.L87:
 1671 076e 00BF     		.align	2
 1672              	.L86:
 1673 0770 00000000 		.word	InputArray
 1674 0774 003C0140 		.word	1073822720
 1675              		.cfi_endproc
 1676              	.LFE146:
 1678              		.align	1
 1679              		.global	EXTI4_IRQHandler
 1680              		.syntax unified
 1681              		.thumb
 1682              		.thumb_func
 1684              	EXTI4_IRQHandler:
 1685              	.LFB147:
 285:../src/App.c  **** 
 286:../src/App.c  **** void EXTI4_IRQHandler(void)
 287:../src/App.c  **** {
 1686              		.loc 2 287 1
 1687              		.cfi_startproc
 1688              		@ args = 0, pretend = 0, frame = 0
 1689              		@ frame_needed = 1, uses_anonymous_args = 0
 1690              		@ link register save eliminated.
 1691 0778 80B4     		push	{r7}
 1692              		.cfi_def_cfa_offset 4
 1693              		.cfi_offset 7, -4
 1694 077a 00AF     		add	r7, sp, #0
 1695              		.cfi_def_cfa_register 7
 288:../src/App.c  **** 	InputArray[4] = TRUE;
 1696              		.loc 2 288 16
 1697 077c 064B     		ldr	r3, .L89
 1698 077e 0122     		movs	r2, #1
 1699 0780 1A71     		strb	r2, [r3, #4]
 289:../src/App.c  **** 	EXTI->PR |=  EXTI_PR_PR4;
 1700              		.loc 2 289 11
 1701 0782 064B     		ldr	r3, .L89+4
 1702 0784 5B69     		ldr	r3, [r3, #20]
 1703 0786 054A     		ldr	r2, .L89+4
 1704 0788 43F01003 		orr	r3, r3, #16
 1705 078c 5361     		str	r3, [r2, #20]
 290:../src/App.c  **** }
 1706              		.loc 2 290 1
 1707 078e 00BF     		nop
 1708 0790 BD46     		mov	sp, r7
 1709              		.cfi_def_cfa_register 13
 1710              		@ sp needed
 1711 0792 80BC     		pop	{r7}
 1712              		.cfi_restore 7
 1713              		.cfi_def_cfa_offset 0
 1714 0794 7047     		bx	lr
 1715              	.L90:
 1716 0796 00BF     		.align	2
 1717              	.L89:
 1718 0798 00000000 		.word	InputArray
 1719 079c 003C0140 		.word	1073822720
 1720              		.cfi_endproc
 1721              	.LFE147:
 1723              		.align	1
 1724              		.global	EXTI9_5_IRQHandler
 1725              		.syntax unified
 1726              		.thumb
 1727              		.thumb_func
 1729              	EXTI9_5_IRQHandler:
 1730              	.LFB148:
 291:../src/App.c  **** 
 292:../src/App.c  **** void EXTI9_5_IRQHandler(void)
 293:../src/App.c  **** {
 1731              		.loc 2 293 1
 1732              		.cfi_startproc
 1733              		@ args = 0, pretend = 0, frame = 0
 1734              		@ frame_needed = 1, uses_anonymous_args = 0
 1735              		@ link register save eliminated.
 1736 07a0 80B4     		push	{r7}
 1737              		.cfi_def_cfa_offset 4
 1738              		.cfi_offset 7, -4
 1739 07a2 00AF     		add	r7, sp, #0
 1740              		.cfi_def_cfa_register 7
 294:../src/App.c  **** 	if(EXTI_PR_PR5 == (EXTI->PR & EXTI_PR_PR5))
 1741              		.loc 2 294 25
 1742 07a4 284B     		ldr	r3, .L98
 1743 07a6 5B69     		ldr	r3, [r3, #20]
 1744              		.loc 2 294 30
 1745 07a8 03F02003 		and	r3, r3, #32
 1746              		.loc 2 294 4
 1747 07ac 202B     		cmp	r3, #32
 1748 07ae 08D1     		bne	.L92
 295:../src/App.c  **** 	{
 296:../src/App.c  **** 		InputArray[5] = TRUE;
 1749              		.loc 2 296 17
 1750 07b0 264B     		ldr	r3, .L98+4
 1751 07b2 0122     		movs	r2, #1
 1752 07b4 5A71     		strb	r2, [r3, #5]
 297:../src/App.c  **** 		EXTI->PR |=  EXTI_PR_PR5;
 1753              		.loc 2 297 12
 1754 07b6 244B     		ldr	r3, .L98
 1755 07b8 5B69     		ldr	r3, [r3, #20]
 1756 07ba 234A     		ldr	r2, .L98
 1757 07bc 43F02003 		orr	r3, r3, #32
 1758 07c0 5361     		str	r3, [r2, #20]
 1759              	.L92:
 298:../src/App.c  **** 	}
 299:../src/App.c  **** 	if(EXTI_PR_PR6 == (EXTI->PR & EXTI_PR_PR6))
 1760              		.loc 2 299 25
 1761 07c2 214B     		ldr	r3, .L98
 1762 07c4 5B69     		ldr	r3, [r3, #20]
 1763              		.loc 2 299 30
 1764 07c6 03F04003 		and	r3, r3, #64
 1765              		.loc 2 299 4
 1766 07ca 402B     		cmp	r3, #64
 1767 07cc 08D1     		bne	.L93
 300:../src/App.c  **** 	{
 301:../src/App.c  **** 		InputArray[6] = TRUE;
 1768              		.loc 2 301 17
 1769 07ce 1F4B     		ldr	r3, .L98+4
 1770 07d0 0122     		movs	r2, #1
 1771 07d2 9A71     		strb	r2, [r3, #6]
 302:../src/App.c  **** 		EXTI->PR |=  EXTI_PR_PR6;
 1772              		.loc 2 302 12
 1773 07d4 1C4B     		ldr	r3, .L98
 1774 07d6 5B69     		ldr	r3, [r3, #20]
 1775 07d8 1B4A     		ldr	r2, .L98
 1776 07da 43F04003 		orr	r3, r3, #64
 1777 07de 5361     		str	r3, [r2, #20]
 1778              	.L93:
 303:../src/App.c  **** 	}
 304:../src/App.c  **** 	if(EXTI_PR_PR7 == (EXTI->PR & EXTI_PR_PR7))
 1779              		.loc 2 304 25
 1780 07e0 194B     		ldr	r3, .L98
 1781 07e2 5B69     		ldr	r3, [r3, #20]
 1782              		.loc 2 304 30
 1783 07e4 03F08003 		and	r3, r3, #128
 1784              		.loc 2 304 4
 1785 07e8 802B     		cmp	r3, #128
 1786 07ea 08D1     		bne	.L94
 305:../src/App.c  **** 	{
 306:../src/App.c  **** 		InputArray[7] = TRUE;
 1787              		.loc 2 306 17
 1788 07ec 174B     		ldr	r3, .L98+4
 1789 07ee 0122     		movs	r2, #1
 1790 07f0 DA71     		strb	r2, [r3, #7]
 307:../src/App.c  **** 		EXTI->PR |=  EXTI_PR_PR7;
 1791              		.loc 2 307 12
 1792 07f2 154B     		ldr	r3, .L98
 1793 07f4 5B69     		ldr	r3, [r3, #20]
 1794 07f6 144A     		ldr	r2, .L98
 1795 07f8 43F08003 		orr	r3, r3, #128
 1796 07fc 5361     		str	r3, [r2, #20]
 1797              	.L94:
 308:../src/App.c  **** 	}
 309:../src/App.c  **** 	if(EXTI_PR_PR8 == (EXTI->PR & EXTI_PR_PR8))
 1798              		.loc 2 309 25
 1799 07fe 124B     		ldr	r3, .L98
 1800 0800 5B69     		ldr	r3, [r3, #20]
 1801              		.loc 2 309 30
 1802 0802 03F48073 		and	r3, r3, #256
 1803              		.loc 2 309 4
 1804 0806 B3F5807F 		cmp	r3, #256
 1805 080a 08D1     		bne	.L95
 310:../src/App.c  **** 	{
 311:../src/App.c  **** 		InputArray[8] = TRUE;
 1806              		.loc 2 311 17
 1807 080c 0F4B     		ldr	r3, .L98+4
 1808 080e 0122     		movs	r2, #1
 1809 0810 1A72     		strb	r2, [r3, #8]
 312:../src/App.c  **** 		EXTI->PR |=  EXTI_PR_PR8;
 1810              		.loc 2 312 12
 1811 0812 0D4B     		ldr	r3, .L98
 1812 0814 5B69     		ldr	r3, [r3, #20]
 1813 0816 0C4A     		ldr	r2, .L98
 1814 0818 43F48073 		orr	r3, r3, #256
 1815 081c 5361     		str	r3, [r2, #20]
 1816              	.L95:
 313:../src/App.c  **** 	}
 314:../src/App.c  **** 	if(EXTI_PR_PR9 == (EXTI->PR & EXTI_PR_PR9))
 1817              		.loc 2 314 25
 1818 081e 0A4B     		ldr	r3, .L98
 1819 0820 5B69     		ldr	r3, [r3, #20]
 1820              		.loc 2 314 30
 1821 0822 03F40073 		and	r3, r3, #512
 1822              		.loc 2 314 4
 1823 0826 B3F5007F 		cmp	r3, #512
 1824 082a 08D1     		bne	.L97
 315:../src/App.c  **** 	{
 316:../src/App.c  **** 		InputArray[9] = TRUE;
 1825              		.loc 2 316 17
 1826 082c 074B     		ldr	r3, .L98+4
 1827 082e 0122     		movs	r2, #1
 1828 0830 5A72     		strb	r2, [r3, #9]
 317:../src/App.c  **** 		EXTI->PR |=  EXTI_PR_PR9;
 1829              		.loc 2 317 12
 1830 0832 054B     		ldr	r3, .L98
 1831 0834 5B69     		ldr	r3, [r3, #20]
 1832 0836 044A     		ldr	r2, .L98
 1833 0838 43F40073 		orr	r3, r3, #512
 1834 083c 5361     		str	r3, [r2, #20]
 1835              	.L97:
 318:../src/App.c  **** 	}
 319:../src/App.c  **** }
 1836              		.loc 2 319 1
 1837 083e 00BF     		nop
 1838 0840 BD46     		mov	sp, r7
 1839              		.cfi_def_cfa_register 13
 1840              		@ sp needed
 1841 0842 80BC     		pop	{r7}
 1842              		.cfi_restore 7
 1843              		.cfi_def_cfa_offset 0
 1844 0844 7047     		bx	lr
 1845              	.L99:
 1846 0846 00BF     		.align	2
 1847              	.L98:
 1848 0848 003C0140 		.word	1073822720
 1849 084c 00000000 		.word	InputArray
 1850              		.cfi_endproc
 1851              	.LFE148:
 1853              		.align	1
 1854              		.global	EXTI15_10_IRQHandler
 1855              		.syntax unified
 1856              		.thumb
 1857              		.thumb_func
 1859              	EXTI15_10_IRQHandler:
 1860              	.LFB149:
 320:../src/App.c  **** 
 321:../src/App.c  **** void EXTI15_10_IRQHandler(void)
 322:../src/App.c  **** {
 1861              		.loc 2 322 1
 1862              		.cfi_startproc
 1863              		@ args = 0, pretend = 0, frame = 0
 1864              		@ frame_needed = 1, uses_anonymous_args = 0
 1865              		@ link register save eliminated.
 1866 0850 80B4     		push	{r7}
 1867              		.cfi_def_cfa_offset 4
 1868              		.cfi_offset 7, -4
 1869 0852 00AF     		add	r7, sp, #0
 1870              		.cfi_def_cfa_register 7
 323:../src/App.c  **** 	if(EXTI_PR_PR10 == (EXTI->PR & EXTI_PR_PR10))
 1871              		.loc 2 323 26
 1872 0854 314B     		ldr	r3, .L108
 1873 0856 5B69     		ldr	r3, [r3, #20]
 1874              		.loc 2 323 31
 1875 0858 03F48063 		and	r3, r3, #1024
 1876              		.loc 2 323 4
 1877 085c B3F5806F 		cmp	r3, #1024
 1878 0860 08D1     		bne	.L101
 324:../src/App.c  **** 	{
 325:../src/App.c  **** 		InputArray[10] = TRUE;
 1879              		.loc 2 325 18
 1880 0862 2F4B     		ldr	r3, .L108+4
 1881 0864 0122     		movs	r2, #1
 1882 0866 9A72     		strb	r2, [r3, #10]
 326:../src/App.c  **** 		EXTI->PR |=  EXTI_PR_PR10;
 1883              		.loc 2 326 12
 1884 0868 2C4B     		ldr	r3, .L108
 1885 086a 5B69     		ldr	r3, [r3, #20]
 1886 086c 2B4A     		ldr	r2, .L108
 1887 086e 43F48063 		orr	r3, r3, #1024
 1888 0872 5361     		str	r3, [r2, #20]
 1889              	.L101:
 327:../src/App.c  **** 	}
 328:../src/App.c  **** 	if(EXTI_PR_PR11 == (EXTI->PR & EXTI_PR_PR11))
 1890              		.loc 2 328 26
 1891 0874 294B     		ldr	r3, .L108
 1892 0876 5B69     		ldr	r3, [r3, #20]
 1893              		.loc 2 328 31
 1894 0878 03F40063 		and	r3, r3, #2048
 1895              		.loc 2 328 4
 1896 087c B3F5006F 		cmp	r3, #2048
 1897 0880 08D1     		bne	.L102
 329:../src/App.c  **** 	{
 330:../src/App.c  **** 		InputArray[11] = TRUE;
 1898              		.loc 2 330 18
 1899 0882 274B     		ldr	r3, .L108+4
 1900 0884 0122     		movs	r2, #1
 1901 0886 DA72     		strb	r2, [r3, #11]
 331:../src/App.c  **** 		EXTI->PR |=  EXTI_PR_PR11;
 1902              		.loc 2 331 12
 1903 0888 244B     		ldr	r3, .L108
 1904 088a 5B69     		ldr	r3, [r3, #20]
 1905 088c 234A     		ldr	r2, .L108
 1906 088e 43F40063 		orr	r3, r3, #2048
 1907 0892 5361     		str	r3, [r2, #20]
 1908              	.L102:
 332:../src/App.c  **** 	}
 333:../src/App.c  **** 	if(EXTI_PR_PR12 == (EXTI->PR & EXTI_PR_PR12))
 1909              		.loc 2 333 26
 1910 0894 214B     		ldr	r3, .L108
 1911 0896 5B69     		ldr	r3, [r3, #20]
 1912              		.loc 2 333 31
 1913 0898 03F48053 		and	r3, r3, #4096
 1914              		.loc 2 333 4
 1915 089c B3F5805F 		cmp	r3, #4096
 1916 08a0 08D1     		bne	.L103
 334:../src/App.c  **** 	{
 335:../src/App.c  **** 		InputArray[12] = TRUE;
 1917              		.loc 2 335 18
 1918 08a2 1F4B     		ldr	r3, .L108+4
 1919 08a4 0122     		movs	r2, #1
 1920 08a6 1A73     		strb	r2, [r3, #12]
 336:../src/App.c  **** 		EXTI->PR |=  EXTI_PR_PR12;
 1921              		.loc 2 336 12
 1922 08a8 1C4B     		ldr	r3, .L108
 1923 08aa 5B69     		ldr	r3, [r3, #20]
 1924 08ac 1B4A     		ldr	r2, .L108
 1925 08ae 43F48053 		orr	r3, r3, #4096
 1926 08b2 5361     		str	r3, [r2, #20]
 1927              	.L103:
 337:../src/App.c  **** 	}
 338:../src/App.c  **** 	if(EXTI_PR_PR13 == (EXTI->PR & EXTI_PR_PR13))
 1928              		.loc 2 338 26
 1929 08b4 194B     		ldr	r3, .L108
 1930 08b6 5B69     		ldr	r3, [r3, #20]
 1931              		.loc 2 338 31
 1932 08b8 03F40053 		and	r3, r3, #8192
 1933              		.loc 2 338 4
 1934 08bc B3F5005F 		cmp	r3, #8192
 1935 08c0 08D1     		bne	.L104
 339:../src/App.c  **** 	{
 340:../src/App.c  **** 		InputArray[13] = TRUE;
 1936              		.loc 2 340 18
 1937 08c2 174B     		ldr	r3, .L108+4
 1938 08c4 0122     		movs	r2, #1
 1939 08c6 5A73     		strb	r2, [r3, #13]
 341:../src/App.c  **** 		EXTI->PR |=  EXTI_PR_PR13;
 1940              		.loc 2 341 12
 1941 08c8 144B     		ldr	r3, .L108
 1942 08ca 5B69     		ldr	r3, [r3, #20]
 1943 08cc 134A     		ldr	r2, .L108
 1944 08ce 43F40053 		orr	r3, r3, #8192
 1945 08d2 5361     		str	r3, [r2, #20]
 1946              	.L104:
 342:../src/App.c  **** 	}
 343:../src/App.c  **** 	if(EXTI_PR_PR14 == (EXTI->PR & EXTI_PR_PR14))
 1947              		.loc 2 343 26
 1948 08d4 114B     		ldr	r3, .L108
 1949 08d6 5B69     		ldr	r3, [r3, #20]
 1950              		.loc 2 343 31
 1951 08d8 03F48043 		and	r3, r3, #16384
 1952              		.loc 2 343 4
 1953 08dc B3F5804F 		cmp	r3, #16384
 1954 08e0 08D1     		bne	.L105
 344:../src/App.c  **** 	{
 345:../src/App.c  **** 		InputArray[14] = TRUE;
 1955              		.loc 2 345 18
 1956 08e2 0F4B     		ldr	r3, .L108+4
 1957 08e4 0122     		movs	r2, #1
 1958 08e6 9A73     		strb	r2, [r3, #14]
 346:../src/App.c  **** 		EXTI->PR |=  EXTI_PR_PR14;
 1959              		.loc 2 346 12
 1960 08e8 0C4B     		ldr	r3, .L108
 1961 08ea 5B69     		ldr	r3, [r3, #20]
 1962 08ec 0B4A     		ldr	r2, .L108
 1963 08ee 43F48043 		orr	r3, r3, #16384
 1964 08f2 5361     		str	r3, [r2, #20]
 1965              	.L105:
 347:../src/App.c  **** 	}
 348:../src/App.c  **** 	if(EXTI_PR_PR15 == (EXTI->PR & EXTI_PR_PR15))
 1966              		.loc 2 348 26
 1967 08f4 094B     		ldr	r3, .L108
 1968 08f6 5B69     		ldr	r3, [r3, #20]
 1969              		.loc 2 348 31
 1970 08f8 03F40043 		and	r3, r3, #32768
 1971              		.loc 2 348 4
 1972 08fc B3F5004F 		cmp	r3, #32768
 1973 0900 08D1     		bne	.L107
 349:../src/App.c  **** 	{
 350:../src/App.c  **** 		InputArray[15] = TRUE;
 1974              		.loc 2 350 18
 1975 0902 074B     		ldr	r3, .L108+4
 1976 0904 0122     		movs	r2, #1
 1977 0906 DA73     		strb	r2, [r3, #15]
 351:../src/App.c  **** 		EXTI->PR |=  EXTI_PR_PR15;
 1978              		.loc 2 351 12
 1979 0908 044B     		ldr	r3, .L108
 1980 090a 5B69     		ldr	r3, [r3, #20]
 1981 090c 034A     		ldr	r2, .L108
 1982 090e 43F40043 		orr	r3, r3, #32768
 1983 0912 5361     		str	r3, [r2, #20]
 1984              	.L107:
 352:../src/App.c  **** 	}
 353:../src/App.c  **** }
 1985              		.loc 2 353 1
 1986 0914 00BF     		nop
 1987 0916 BD46     		mov	sp, r7
 1988              		.cfi_def_cfa_register 13
 1989              		@ sp needed
 1990 0918 80BC     		pop	{r7}
 1991              		.cfi_restore 7
 1992              		.cfi_def_cfa_offset 0
 1993 091a 7047     		bx	lr
 1994              	.L109:
 1995              		.align	2
 1996              	.L108:
 1997 091c 003C0140 		.word	1073822720
 1998 0920 00000000 		.word	InputArray
 1999              		.cfi_endproc
 2000              	.LFE149:
 2002              	.Letext0:
 2003              		.file 3 "C:\\Users\\bahri\\GitHub\\VirtualKeypad\\Eclipse_USBProject_WS\\Project_USB_CrossCompile\
 2004              		.file 4 "c:\\program files (x86)\\gnu arm embedded toolchain\\10 2021.10\\arm-none-eabi\\include\\
 2005              		.file 5 "c:\\program files (x86)\\gnu arm embedded toolchain\\10 2021.10\\arm-none-eabi\\include\\
 2006              		.file 6 "C:\\Users\\bahri\\GitHub\\VirtualKeypad\\Eclipse_USBProject_WS\\Project_USB_CrossCompile\
 2007              		.file 7 "C:\\Users\\bahri\\GitHub\\VirtualKeypad\\Eclipse_USBProject_WS\\Project_USB_CrossCompile\
 2008              		.file 8 "C:\\Users\\bahri\\GitHub\\VirtualKeypad\\Eclipse_USBProject_WS\\Project_USB_CrossCompile\
 2009              		.file 9 "C:\\Users\\bahri\\GitHub\\VirtualKeypad\\Eclipse_USBProject_WS\\Project_USB_CrossCompile\
DEFINED SYMBOLS
                            *ABS*:00000000 App.c
C:\Users\bahri\AppData\Local\Temp\cc1yCZPR.s:17     .text:00000000 $t
C:\Users\bahri\AppData\Local\Temp\cc1yCZPR.s:22     .text:00000000 __NVIC_EnableIRQ
C:\Users\bahri\AppData\Local\Temp\cc1yCZPR.s:74     .text:00000034 $d
C:\Users\bahri\AppData\Local\Temp\cc1yCZPR.s:78     .text:00000038 $t
C:\Users\bahri\AppData\Local\Temp\cc1yCZPR.s:83     .text:00000038 __NVIC_SetPriority
C:\Users\bahri\AppData\Local\Temp\cc1yCZPR.s:151    .text:00000084 $d
C:\Users\bahri\AppData\Local\Temp\cc1yCZPR.s:161    .bss:00000000 InputArray
C:\Users\bahri\AppData\Local\Temp\cc1yCZPR.s:158    .bss:00000000 $d
C:\Users\bahri\AppData\Local\Temp\cc1yCZPR.s:167    .bss:00000010 USB_buffer
C:\Users\bahri\AppData\Local\Temp\cc1yCZPR.s:174    .data:00000000 Exti_Array
C:\Users\bahri\AppData\Local\Temp\cc1yCZPR.s:171    .data:00000000 $d
C:\Users\bahri\AppData\Local\Temp\cc1yCZPR.s:259    .data:000000c0 Input_Array
C:\Users\bahri\AppData\Local\Temp\cc1yCZPR.s:382    .text:0000008c $t
C:\Users\bahri\AppData\Local\Temp\cc1yCZPR.s:387    .text:0000008c Enable_Exti_Interrupt
C:\Users\bahri\AppData\Local\Temp\cc1yCZPR.s:425    .text:000000b4 $d
C:\Users\bahri\AppData\Local\Temp\cc1yCZPR.s:441    .text:000000f4 $t
C:\Users\bahri\AppData\Local\Temp\cc1yCZPR.s:538    .text:0000017c $d
C:\Users\bahri\AppData\Local\Temp\cc1yCZPR.s:542    .text:00000180 $t
C:\Users\bahri\AppData\Local\Temp\cc1yCZPR.s:547    .text:00000180 findEmptyPos
C:\Users\bahri\AppData\Local\Temp\cc1yCZPR.s:611    .text:000001bc $d
C:\Users\bahri\AppData\Local\Temp\cc1yCZPR.s:615    .text:000001c0 $t
C:\Users\bahri\AppData\Local\Temp\cc1yCZPR.s:620    .text:000001c0 findExistingPos
C:\Users\bahri\AppData\Local\Temp\cc1yCZPR.s:687    .text:00000200 $d
C:\Users\bahri\AppData\Local\Temp\cc1yCZPR.s:692    .rodata:00000000 $d
C:\Users\bahri\AppData\Local\Temp\cc1yCZPR.s:701    .text:00000204 $t
C:\Users\bahri\AppData\Local\Temp\cc1yCZPR.s:707    .text:00000204 Exti_Init
C:\Users\bahri\AppData\Local\Temp\cc1yCZPR.s:1096   .text:00000494 $d
C:\Users\bahri\AppData\Local\Temp\cc1yCZPR.s:1110   .text:000004c4 $t
C:\Users\bahri\AppData\Local\Temp\cc1yCZPR.s:1220   .text:00000568 $d
C:\Users\bahri\AppData\Local\Temp\cc1yCZPR.s:1235   .text:00000570 $t
C:\Users\bahri\AppData\Local\Temp\cc1yCZPR.s:1241   .text:00000570 Input_Init
C:\Users\bahri\AppData\Local\Temp\cc1yCZPR.s:1316   .text:000005d0 $d
C:\Users\bahri\AppData\Local\Temp\cc1yCZPR.s:1321   .text:000005d8 $t
C:\Users\bahri\AppData\Local\Temp\cc1yCZPR.s:1327   .text:000005d8 InputPolling
C:\Users\bahri\AppData\Local\Temp\cc1yCZPR.s:1493   .text:000006d0 $d
C:\Users\bahri\AppData\Local\Temp\cc1yCZPR.s:1498   .text:000006d8 $t
C:\Users\bahri\AppData\Local\Temp\cc1yCZPR.s:1504   .text:000006d8 EXTI0_IRQHandler
C:\Users\bahri\AppData\Local\Temp\cc1yCZPR.s:1538   .text:000006f8 $d
C:\Users\bahri\AppData\Local\Temp\cc1yCZPR.s:1543   .text:00000700 $t
C:\Users\bahri\AppData\Local\Temp\cc1yCZPR.s:1549   .text:00000700 EXTI1_IRQHandler
C:\Users\bahri\AppData\Local\Temp\cc1yCZPR.s:1583   .text:00000720 $d
C:\Users\bahri\AppData\Local\Temp\cc1yCZPR.s:1588   .text:00000728 $t
C:\Users\bahri\AppData\Local\Temp\cc1yCZPR.s:1594   .text:00000728 EXTI2_IRQHandler
C:\Users\bahri\AppData\Local\Temp\cc1yCZPR.s:1628   .text:00000748 $d
C:\Users\bahri\AppData\Local\Temp\cc1yCZPR.s:1633   .text:00000750 $t
C:\Users\bahri\AppData\Local\Temp\cc1yCZPR.s:1639   .text:00000750 EXTI3_IRQHandler
C:\Users\bahri\AppData\Local\Temp\cc1yCZPR.s:1673   .text:00000770 $d
C:\Users\bahri\AppData\Local\Temp\cc1yCZPR.s:1678   .text:00000778 $t
C:\Users\bahri\AppData\Local\Temp\cc1yCZPR.s:1684   .text:00000778 EXTI4_IRQHandler
C:\Users\bahri\AppData\Local\Temp\cc1yCZPR.s:1718   .text:00000798 $d
C:\Users\bahri\AppData\Local\Temp\cc1yCZPR.s:1723   .text:000007a0 $t
C:\Users\bahri\AppData\Local\Temp\cc1yCZPR.s:1729   .text:000007a0 EXTI9_5_IRQHandler
C:\Users\bahri\AppData\Local\Temp\cc1yCZPR.s:1848   .text:00000848 $d
C:\Users\bahri\AppData\Local\Temp\cc1yCZPR.s:1853   .text:00000850 $t
C:\Users\bahri\AppData\Local\Temp\cc1yCZPR.s:1859   .text:00000850 EXTI15_10_IRQHandler
C:\Users\bahri\AppData\Local\Temp\cc1yCZPR.s:1997   .text:0000091c $d
                           .group:00000000 wm4.0.ce81f7773bc3d72bdddc828fc28d3a81
                           .group:00000000 wm4.stm32f407xx.h.34.dfd2ea1697b5c77f46734fce8e0379c1
                           .group:00000000 wm4._newlib_version.h.4.bfdf54b0af045d4a71376ae00f63a22c
                           .group:00000000 wm4.features.h.33.d0b7f3cd6ee95f610104014bb3ed522a
                           .group:00000000 wm4._default_types.h.15.247e5cd201eca3442cbf5404108c4935
                           .group:00000000 wm4._intsup.h.10.48bafbb683905c4daa4565a85aeeb264
                           .group:00000000 wm4._stdint.h.10.c24fa3af3bc1706662bb5593a907e841
                           .group:00000000 wm4.stdint.h.23.d53047a68f4a85177f80b422d52785ed
                           .group:00000000 wm4.cmsis_version.h.32.0ac195c83bb4537824e6ad1c47474b79
                           .group:00000000 wm4.core_cm4.h.66.e9ec14ff72395df130e3e13849031638
                           .group:00000000 wm4.cmsis_gcc.h.26.498d0ad17a45fc9ef20fdc01caf02259
                           .group:00000000 wm4.core_cm4.h.174.62be9b4588d49bed18171771001331df
                           .group:00000000 wm4.mpu_armv7.h.32.83326921a797fa9d6f70449916b4b839
                           .group:00000000 wm4.stm32f407xx.h.906.b83b06aeff1423f0cb818f8b4e776e34
                           .group:00000000 wm4.newlib.h.8.7cb3972cd43265932d4782d5eb589854
                           .group:00000000 wm4.ieeefp.h.77.25247dc27dbe3b23bfe98c2dc18f6ac5
                           .group:00000000 wm4.config.h.224.c701144a7b0518c6ee9b9b5465b79f81
                           .group:00000000 wm4._ansi.h.31.de524f58584151836e90d8620a16f8e8
                           .group:00000000 wm4.stdio.h.31.7c0e28c411445f3f9c5b11accf882760
                           .group:00000000 wm4.stddef.h.181.c3f52a3b0f4c288bddb5dda1562858e2
                           .group:00000000 wm4.cdefs.h.49.39045112216f6a021dbdffe3bf5accce
                           .group:00000000 wm4.stddef.h.39.b727a6c3269d9d6ef9fc646b721a8287
                           .group:00000000 wm4.stdarg.h.34.3a23a216c0c293b3d2ea2e89281481e6
                           .group:00000000 wm4._types.h.20.dd0d04dca3800a0d2a6129b87f3adbb2
                           .group:00000000 wm4.stddef.h.155.3588ebfdd1e8c7ede80509bb9c3b8009
                           .group:00000000 wm4._types.h.127.34941de1b2539d59d5cac00e0dd27a45
                           .group:00000000 wm4.reent.h.17.e292bf8b0bec6c96e131a54347145a30
                           .group:00000000 wm4.lock.h.2.1461d1fff82dffe8bfddc23307f6484f
                           .group:00000000 wm4.reent.h.77.dcd6129ff07fe81bd5636db29abe53b2
                           .group:00000000 wm4.types.h.40.c2dcbbb5c1f4f0e5cb716ebf7776da48
                           .group:00000000 wm4.stdio.h.2.4aa87247282eca6c8f36f9de33d8df1a
                           .group:00000000 wm4.stdio.h.81.2a55589bfa3ee24eeb84e3c79458e4a9
                           .group:00000000 wm4.types.h.12.bce82e9f7fdaaedfc4e7f8871bae11e3
                           .group:00000000 wm4.gpio.h.18.77da79a3ceda5540898855cda93efab2
                           .group:00000000 wm4.App.h.14.b13d3e5b35b965049e918280c19b81ab

UNDEFINED SYMBOLS
Gpio_Init
Gpio_Read
