   1              		.cpu cortex-m4
   2              		.arch armv7e-m
   3              		.fpu softvfp
   4              		.eabi_attribute 20, 1
   5              		.eabi_attribute 21, 1
   6              		.eabi_attribute 23, 3
   7              		.eabi_attribute 24, 1
   8              		.eabi_attribute 25, 1
   9              		.eabi_attribute 26, 1
  10              		.eabi_attribute 30, 6
  11              		.eabi_attribute 34, 1
  12              		.eabi_attribute 18, 4
  13              		.file	"uart.c"
  14              		.text
  15              	.Ltext0:
  16              		.cfi_sections	.debug_frame
  17              		.align	1
  18              		.syntax unified
  19              		.thumb
  20              		.thumb_func
  22              	__NVIC_EnableIRQ:
  23              	.LFB108:
  24              		.file 1 "C:\\Users\\bahri\\GitHub\\VirtualKeypad\\Eclipse_USBProject_WS\\Project_USB_CrossCompile\
   1:C:\Users\bahri\GitHub\VirtualKeypad\Eclipse_USBProject_WS\Project_USB_CrossCompile\system\include\cmsis\core_cm4.h **** /**************************************************************************//**
   2:C:\Users\bahri\GitHub\VirtualKeypad\Eclipse_USBProject_WS\Project_USB_CrossCompile\system\include\cmsis\core_cm4.h ****  * @file     core_cm4.h
   3:C:\Users\bahri\GitHub\VirtualKeypad\Eclipse_USBProject_WS\Project_USB_CrossCompile\system\include\cmsis\core_cm4.h ****  * @brief    CMSIS Cortex-M4 Core Peripheral Access Layer Header File
   4:C:\Users\bahri\GitHub\VirtualKeypad\Eclipse_USBProject_WS\Project_USB_CrossCompile\system\include\cmsis\core_cm4.h ****  * @version  V5.1.2
   5:C:\Users\bahri\GitHub\VirtualKeypad\Eclipse_USBProject_WS\Project_USB_CrossCompile\system\include\cmsis\core_cm4.h ****  * @date     04. June 2021
   6:C:\Users\bahri\GitHub\VirtualKeypad\Eclipse_USBProject_WS\Project_USB_CrossCompile\system\include\cmsis\core_cm4.h ****  ******************************************************************************/
   7:C:\Users\bahri\GitHub\VirtualKeypad\Eclipse_USBProject_WS\Project_USB_CrossCompile\system\include\cmsis\core_cm4.h **** /*
   8:C:\Users\bahri\GitHub\VirtualKeypad\Eclipse_USBProject_WS\Project_USB_CrossCompile\system\include\cmsis\core_cm4.h ****  * Copyright (c) 2009-2020 Arm Limited. All rights reserved.
   9:C:\Users\bahri\GitHub\VirtualKeypad\Eclipse_USBProject_WS\Project_USB_CrossCompile\system\include\cmsis\core_cm4.h ****  *
  10:C:\Users\bahri\GitHub\VirtualKeypad\Eclipse_USBProject_WS\Project_USB_CrossCompile\system\include\cmsis\core_cm4.h ****  * SPDX-License-Identifier: Apache-2.0
  11:C:\Users\bahri\GitHub\VirtualKeypad\Eclipse_USBProject_WS\Project_USB_CrossCompile\system\include\cmsis\core_cm4.h ****  *
  12:C:\Users\bahri\GitHub\VirtualKeypad\Eclipse_USBProject_WS\Project_USB_CrossCompile\system\include\cmsis\core_cm4.h ****  * Licensed under the Apache License, Version 2.0 (the License); you may
  13:C:\Users\bahri\GitHub\VirtualKeypad\Eclipse_USBProject_WS\Project_USB_CrossCompile\system\include\cmsis\core_cm4.h ****  * not use this file except in compliance with the License.
  14:C:\Users\bahri\GitHub\VirtualKeypad\Eclipse_USBProject_WS\Project_USB_CrossCompile\system\include\cmsis\core_cm4.h ****  * You may obtain a copy of the License at
  15:C:\Users\bahri\GitHub\VirtualKeypad\Eclipse_USBProject_WS\Project_USB_CrossCompile\system\include\cmsis\core_cm4.h ****  *
  16:C:\Users\bahri\GitHub\VirtualKeypad\Eclipse_USBProject_WS\Project_USB_CrossCompile\system\include\cmsis\core_cm4.h ****  * www.apache.org/licenses/LICENSE-2.0
  17:C:\Users\bahri\GitHub\VirtualKeypad\Eclipse_USBProject_WS\Project_USB_CrossCompile\system\include\cmsis\core_cm4.h ****  *
  18:C:\Users\bahri\GitHub\VirtualKeypad\Eclipse_USBProject_WS\Project_USB_CrossCompile\system\include\cmsis\core_cm4.h ****  * Unless required by applicable law or agreed to in writing, software
  19:C:\Users\bahri\GitHub\VirtualKeypad\Eclipse_USBProject_WS\Project_USB_CrossCompile\system\include\cmsis\core_cm4.h ****  * distributed under the License is distributed on an AS IS BASIS, WITHOUT
  20:C:\Users\bahri\GitHub\VirtualKeypad\Eclipse_USBProject_WS\Project_USB_CrossCompile\system\include\cmsis\core_cm4.h ****  * WARRANTIES OR CONDITIONS OF ANY KIND, either express or implied.
  21:C:\Users\bahri\GitHub\VirtualKeypad\Eclipse_USBProject_WS\Project_USB_CrossCompile\system\include\cmsis\core_cm4.h ****  * See the License for the specific language governing permissions and
  22:C:\Users\bahri\GitHub\VirtualKeypad\Eclipse_USBProject_WS\Project_USB_CrossCompile\system\include\cmsis\core_cm4.h ****  * limitations under the License.
  23:C:\Users\bahri\GitHub\VirtualKeypad\Eclipse_USBProject_WS\Project_USB_CrossCompile\system\include\cmsis\core_cm4.h ****  */
  24:C:\Users\bahri\GitHub\VirtualKeypad\Eclipse_USBProject_WS\Project_USB_CrossCompile\system\include\cmsis\core_cm4.h **** 
  25:C:\Users\bahri\GitHub\VirtualKeypad\Eclipse_USBProject_WS\Project_USB_CrossCompile\system\include\cmsis\core_cm4.h **** #if   defined ( __ICCARM__ )
  26:C:\Users\bahri\GitHub\VirtualKeypad\Eclipse_USBProject_WS\Project_USB_CrossCompile\system\include\cmsis\core_cm4.h ****   #pragma system_include         /* treat file as system include file for MISRA check */
  27:C:\Users\bahri\GitHub\VirtualKeypad\Eclipse_USBProject_WS\Project_USB_CrossCompile\system\include\cmsis\core_cm4.h **** #elif defined (__clang__)
  28:C:\Users\bahri\GitHub\VirtualKeypad\Eclipse_USBProject_WS\Project_USB_CrossCompile\system\include\cmsis\core_cm4.h ****   #pragma clang system_header   /* treat file as system include file */
  29:C:\Users\bahri\GitHub\VirtualKeypad\Eclipse_USBProject_WS\Project_USB_CrossCompile\system\include\cmsis\core_cm4.h **** #endif
  30:C:\Users\bahri\GitHub\VirtualKeypad\Eclipse_USBProject_WS\Project_USB_CrossCompile\system\include\cmsis\core_cm4.h **** 
  31:C:\Users\bahri\GitHub\VirtualKeypad\Eclipse_USBProject_WS\Project_USB_CrossCompile\system\include\cmsis\core_cm4.h **** #ifndef __CORE_CM4_H_GENERIC
  32:C:\Users\bahri\GitHub\VirtualKeypad\Eclipse_USBProject_WS\Project_USB_CrossCompile\system\include\cmsis\core_cm4.h **** #define __CORE_CM4_H_GENERIC
  33:C:\Users\bahri\GitHub\VirtualKeypad\Eclipse_USBProject_WS\Project_USB_CrossCompile\system\include\cmsis\core_cm4.h **** 
  34:C:\Users\bahri\GitHub\VirtualKeypad\Eclipse_USBProject_WS\Project_USB_CrossCompile\system\include\cmsis\core_cm4.h **** #include <stdint.h>
  35:C:\Users\bahri\GitHub\VirtualKeypad\Eclipse_USBProject_WS\Project_USB_CrossCompile\system\include\cmsis\core_cm4.h **** 
  36:C:\Users\bahri\GitHub\VirtualKeypad\Eclipse_USBProject_WS\Project_USB_CrossCompile\system\include\cmsis\core_cm4.h **** #ifdef __cplusplus
  37:C:\Users\bahri\GitHub\VirtualKeypad\Eclipse_USBProject_WS\Project_USB_CrossCompile\system\include\cmsis\core_cm4.h ****  extern "C" {
  38:C:\Users\bahri\GitHub\VirtualKeypad\Eclipse_USBProject_WS\Project_USB_CrossCompile\system\include\cmsis\core_cm4.h **** #endif
  39:C:\Users\bahri\GitHub\VirtualKeypad\Eclipse_USBProject_WS\Project_USB_CrossCompile\system\include\cmsis\core_cm4.h **** 
  40:C:\Users\bahri\GitHub\VirtualKeypad\Eclipse_USBProject_WS\Project_USB_CrossCompile\system\include\cmsis\core_cm4.h **** /**
  41:C:\Users\bahri\GitHub\VirtualKeypad\Eclipse_USBProject_WS\Project_USB_CrossCompile\system\include\cmsis\core_cm4.h ****   \page CMSIS_MISRA_Exceptions  MISRA-C:2004 Compliance Exceptions
  42:C:\Users\bahri\GitHub\VirtualKeypad\Eclipse_USBProject_WS\Project_USB_CrossCompile\system\include\cmsis\core_cm4.h ****   CMSIS violates the following MISRA-C:2004 rules:
  43:C:\Users\bahri\GitHub\VirtualKeypad\Eclipse_USBProject_WS\Project_USB_CrossCompile\system\include\cmsis\core_cm4.h **** 
  44:C:\Users\bahri\GitHub\VirtualKeypad\Eclipse_USBProject_WS\Project_USB_CrossCompile\system\include\cmsis\core_cm4.h ****    \li Required Rule 8.5, object/function definition in header file.<br>
  45:C:\Users\bahri\GitHub\VirtualKeypad\Eclipse_USBProject_WS\Project_USB_CrossCompile\system\include\cmsis\core_cm4.h ****      Function definitions in header files are used to allow 'inlining'.
  46:C:\Users\bahri\GitHub\VirtualKeypad\Eclipse_USBProject_WS\Project_USB_CrossCompile\system\include\cmsis\core_cm4.h **** 
  47:C:\Users\bahri\GitHub\VirtualKeypad\Eclipse_USBProject_WS\Project_USB_CrossCompile\system\include\cmsis\core_cm4.h ****    \li Required Rule 18.4, declaration of union type or object of union type: '{...}'.<br>
  48:C:\Users\bahri\GitHub\VirtualKeypad\Eclipse_USBProject_WS\Project_USB_CrossCompile\system\include\cmsis\core_cm4.h ****      Unions are used for effective representation of core registers.
  49:C:\Users\bahri\GitHub\VirtualKeypad\Eclipse_USBProject_WS\Project_USB_CrossCompile\system\include\cmsis\core_cm4.h **** 
  50:C:\Users\bahri\GitHub\VirtualKeypad\Eclipse_USBProject_WS\Project_USB_CrossCompile\system\include\cmsis\core_cm4.h ****    \li Advisory Rule 19.7, Function-like macro defined.<br>
  51:C:\Users\bahri\GitHub\VirtualKeypad\Eclipse_USBProject_WS\Project_USB_CrossCompile\system\include\cmsis\core_cm4.h ****      Function-like macros are used to allow more efficient code.
  52:C:\Users\bahri\GitHub\VirtualKeypad\Eclipse_USBProject_WS\Project_USB_CrossCompile\system\include\cmsis\core_cm4.h ****  */
  53:C:\Users\bahri\GitHub\VirtualKeypad\Eclipse_USBProject_WS\Project_USB_CrossCompile\system\include\cmsis\core_cm4.h **** 
  54:C:\Users\bahri\GitHub\VirtualKeypad\Eclipse_USBProject_WS\Project_USB_CrossCompile\system\include\cmsis\core_cm4.h **** 
  55:C:\Users\bahri\GitHub\VirtualKeypad\Eclipse_USBProject_WS\Project_USB_CrossCompile\system\include\cmsis\core_cm4.h **** /*******************************************************************************
  56:C:\Users\bahri\GitHub\VirtualKeypad\Eclipse_USBProject_WS\Project_USB_CrossCompile\system\include\cmsis\core_cm4.h ****  *                 CMSIS definitions
  57:C:\Users\bahri\GitHub\VirtualKeypad\Eclipse_USBProject_WS\Project_USB_CrossCompile\system\include\cmsis\core_cm4.h ****  ******************************************************************************/
  58:C:\Users\bahri\GitHub\VirtualKeypad\Eclipse_USBProject_WS\Project_USB_CrossCompile\system\include\cmsis\core_cm4.h **** /**
  59:C:\Users\bahri\GitHub\VirtualKeypad\Eclipse_USBProject_WS\Project_USB_CrossCompile\system\include\cmsis\core_cm4.h ****   \ingroup Cortex_M4
  60:C:\Users\bahri\GitHub\VirtualKeypad\Eclipse_USBProject_WS\Project_USB_CrossCompile\system\include\cmsis\core_cm4.h ****   @{
  61:C:\Users\bahri\GitHub\VirtualKeypad\Eclipse_USBProject_WS\Project_USB_CrossCompile\system\include\cmsis\core_cm4.h ****  */
  62:C:\Users\bahri\GitHub\VirtualKeypad\Eclipse_USBProject_WS\Project_USB_CrossCompile\system\include\cmsis\core_cm4.h **** 
  63:C:\Users\bahri\GitHub\VirtualKeypad\Eclipse_USBProject_WS\Project_USB_CrossCompile\system\include\cmsis\core_cm4.h **** #include "cmsis_version.h"
  64:C:\Users\bahri\GitHub\VirtualKeypad\Eclipse_USBProject_WS\Project_USB_CrossCompile\system\include\cmsis\core_cm4.h **** 
  65:C:\Users\bahri\GitHub\VirtualKeypad\Eclipse_USBProject_WS\Project_USB_CrossCompile\system\include\cmsis\core_cm4.h **** /* CMSIS CM4 definitions */
  66:C:\Users\bahri\GitHub\VirtualKeypad\Eclipse_USBProject_WS\Project_USB_CrossCompile\system\include\cmsis\core_cm4.h **** #define __CM4_CMSIS_VERSION_MAIN  (__CM_CMSIS_VERSION_MAIN)              /*!< \deprecated [31:16] C
  67:C:\Users\bahri\GitHub\VirtualKeypad\Eclipse_USBProject_WS\Project_USB_CrossCompile\system\include\cmsis\core_cm4.h **** #define __CM4_CMSIS_VERSION_SUB   (__CM_CMSIS_VERSION_SUB)               /*!< \deprecated [15:0]  C
  68:C:\Users\bahri\GitHub\VirtualKeypad\Eclipse_USBProject_WS\Project_USB_CrossCompile\system\include\cmsis\core_cm4.h **** #define __CM4_CMSIS_VERSION       ((__CM4_CMSIS_VERSION_MAIN << 16U) | \
  69:C:\Users\bahri\GitHub\VirtualKeypad\Eclipse_USBProject_WS\Project_USB_CrossCompile\system\include\cmsis\core_cm4.h ****                                     __CM4_CMSIS_VERSION_SUB           )  /*!< \deprecated CMSIS HAL
  70:C:\Users\bahri\GitHub\VirtualKeypad\Eclipse_USBProject_WS\Project_USB_CrossCompile\system\include\cmsis\core_cm4.h **** 
  71:C:\Users\bahri\GitHub\VirtualKeypad\Eclipse_USBProject_WS\Project_USB_CrossCompile\system\include\cmsis\core_cm4.h **** #define __CORTEX_M                (4U)                                   /*!< Cortex-M Core */
  72:C:\Users\bahri\GitHub\VirtualKeypad\Eclipse_USBProject_WS\Project_USB_CrossCompile\system\include\cmsis\core_cm4.h **** 
  73:C:\Users\bahri\GitHub\VirtualKeypad\Eclipse_USBProject_WS\Project_USB_CrossCompile\system\include\cmsis\core_cm4.h **** /** __FPU_USED indicates whether an FPU is used or not.
  74:C:\Users\bahri\GitHub\VirtualKeypad\Eclipse_USBProject_WS\Project_USB_CrossCompile\system\include\cmsis\core_cm4.h ****     For this, __FPU_PRESENT has to be checked prior to making use of FPU specific registers and fun
  75:C:\Users\bahri\GitHub\VirtualKeypad\Eclipse_USBProject_WS\Project_USB_CrossCompile\system\include\cmsis\core_cm4.h **** */
  76:C:\Users\bahri\GitHub\VirtualKeypad\Eclipse_USBProject_WS\Project_USB_CrossCompile\system\include\cmsis\core_cm4.h **** #if defined ( __CC_ARM )
  77:C:\Users\bahri\GitHub\VirtualKeypad\Eclipse_USBProject_WS\Project_USB_CrossCompile\system\include\cmsis\core_cm4.h ****   #if defined __TARGET_FPU_VFP
  78:C:\Users\bahri\GitHub\VirtualKeypad\Eclipse_USBProject_WS\Project_USB_CrossCompile\system\include\cmsis\core_cm4.h ****     #if defined (__FPU_PRESENT) && (__FPU_PRESENT == 1U)
  79:C:\Users\bahri\GitHub\VirtualKeypad\Eclipse_USBProject_WS\Project_USB_CrossCompile\system\include\cmsis\core_cm4.h ****       #define __FPU_USED       1U
  80:C:\Users\bahri\GitHub\VirtualKeypad\Eclipse_USBProject_WS\Project_USB_CrossCompile\system\include\cmsis\core_cm4.h ****     #else
  81:C:\Users\bahri\GitHub\VirtualKeypad\Eclipse_USBProject_WS\Project_USB_CrossCompile\system\include\cmsis\core_cm4.h ****       #error "Compiler generates FPU instructions for a device without an FPU (check __FPU_PRESENT)
  82:C:\Users\bahri\GitHub\VirtualKeypad\Eclipse_USBProject_WS\Project_USB_CrossCompile\system\include\cmsis\core_cm4.h ****       #define __FPU_USED       0U
  83:C:\Users\bahri\GitHub\VirtualKeypad\Eclipse_USBProject_WS\Project_USB_CrossCompile\system\include\cmsis\core_cm4.h ****     #endif
  84:C:\Users\bahri\GitHub\VirtualKeypad\Eclipse_USBProject_WS\Project_USB_CrossCompile\system\include\cmsis\core_cm4.h ****   #else
  85:C:\Users\bahri\GitHub\VirtualKeypad\Eclipse_USBProject_WS\Project_USB_CrossCompile\system\include\cmsis\core_cm4.h ****     #define __FPU_USED         0U
  86:C:\Users\bahri\GitHub\VirtualKeypad\Eclipse_USBProject_WS\Project_USB_CrossCompile\system\include\cmsis\core_cm4.h ****   #endif
  87:C:\Users\bahri\GitHub\VirtualKeypad\Eclipse_USBProject_WS\Project_USB_CrossCompile\system\include\cmsis\core_cm4.h **** 
  88:C:\Users\bahri\GitHub\VirtualKeypad\Eclipse_USBProject_WS\Project_USB_CrossCompile\system\include\cmsis\core_cm4.h **** #elif defined (__ARMCC_VERSION) && (__ARMCC_VERSION >= 6010050)
  89:C:\Users\bahri\GitHub\VirtualKeypad\Eclipse_USBProject_WS\Project_USB_CrossCompile\system\include\cmsis\core_cm4.h ****   #if defined __ARM_FP
  90:C:\Users\bahri\GitHub\VirtualKeypad\Eclipse_USBProject_WS\Project_USB_CrossCompile\system\include\cmsis\core_cm4.h ****     #if defined (__FPU_PRESENT) && (__FPU_PRESENT == 1U)
  91:C:\Users\bahri\GitHub\VirtualKeypad\Eclipse_USBProject_WS\Project_USB_CrossCompile\system\include\cmsis\core_cm4.h ****       #define __FPU_USED       1U
  92:C:\Users\bahri\GitHub\VirtualKeypad\Eclipse_USBProject_WS\Project_USB_CrossCompile\system\include\cmsis\core_cm4.h ****     #else
  93:C:\Users\bahri\GitHub\VirtualKeypad\Eclipse_USBProject_WS\Project_USB_CrossCompile\system\include\cmsis\core_cm4.h ****       #warning "Compiler generates FPU instructions for a device without an FPU (check __FPU_PRESEN
  94:C:\Users\bahri\GitHub\VirtualKeypad\Eclipse_USBProject_WS\Project_USB_CrossCompile\system\include\cmsis\core_cm4.h ****       #define __FPU_USED       0U
  95:C:\Users\bahri\GitHub\VirtualKeypad\Eclipse_USBProject_WS\Project_USB_CrossCompile\system\include\cmsis\core_cm4.h ****     #endif
  96:C:\Users\bahri\GitHub\VirtualKeypad\Eclipse_USBProject_WS\Project_USB_CrossCompile\system\include\cmsis\core_cm4.h ****   #else
  97:C:\Users\bahri\GitHub\VirtualKeypad\Eclipse_USBProject_WS\Project_USB_CrossCompile\system\include\cmsis\core_cm4.h ****     #define __FPU_USED         0U
  98:C:\Users\bahri\GitHub\VirtualKeypad\Eclipse_USBProject_WS\Project_USB_CrossCompile\system\include\cmsis\core_cm4.h ****   #endif
  99:C:\Users\bahri\GitHub\VirtualKeypad\Eclipse_USBProject_WS\Project_USB_CrossCompile\system\include\cmsis\core_cm4.h **** 
 100:C:\Users\bahri\GitHub\VirtualKeypad\Eclipse_USBProject_WS\Project_USB_CrossCompile\system\include\cmsis\core_cm4.h **** #elif defined ( __GNUC__ )
 101:C:\Users\bahri\GitHub\VirtualKeypad\Eclipse_USBProject_WS\Project_USB_CrossCompile\system\include\cmsis\core_cm4.h ****   #if defined (__VFP_FP__) && !defined(__SOFTFP__)
 102:C:\Users\bahri\GitHub\VirtualKeypad\Eclipse_USBProject_WS\Project_USB_CrossCompile\system\include\cmsis\core_cm4.h ****     #if defined (__FPU_PRESENT) && (__FPU_PRESENT == 1U)
 103:C:\Users\bahri\GitHub\VirtualKeypad\Eclipse_USBProject_WS\Project_USB_CrossCompile\system\include\cmsis\core_cm4.h ****       #define __FPU_USED       1U
 104:C:\Users\bahri\GitHub\VirtualKeypad\Eclipse_USBProject_WS\Project_USB_CrossCompile\system\include\cmsis\core_cm4.h ****     #else
 105:C:\Users\bahri\GitHub\VirtualKeypad\Eclipse_USBProject_WS\Project_USB_CrossCompile\system\include\cmsis\core_cm4.h ****       #error "Compiler generates FPU instructions for a device without an FPU (check __FPU_PRESENT)
 106:C:\Users\bahri\GitHub\VirtualKeypad\Eclipse_USBProject_WS\Project_USB_CrossCompile\system\include\cmsis\core_cm4.h ****       #define __FPU_USED       0U
 107:C:\Users\bahri\GitHub\VirtualKeypad\Eclipse_USBProject_WS\Project_USB_CrossCompile\system\include\cmsis\core_cm4.h ****     #endif
 108:C:\Users\bahri\GitHub\VirtualKeypad\Eclipse_USBProject_WS\Project_USB_CrossCompile\system\include\cmsis\core_cm4.h ****   #else
 109:C:\Users\bahri\GitHub\VirtualKeypad\Eclipse_USBProject_WS\Project_USB_CrossCompile\system\include\cmsis\core_cm4.h ****     #define __FPU_USED         0U
 110:C:\Users\bahri\GitHub\VirtualKeypad\Eclipse_USBProject_WS\Project_USB_CrossCompile\system\include\cmsis\core_cm4.h ****   #endif
 111:C:\Users\bahri\GitHub\VirtualKeypad\Eclipse_USBProject_WS\Project_USB_CrossCompile\system\include\cmsis\core_cm4.h **** 
 112:C:\Users\bahri\GitHub\VirtualKeypad\Eclipse_USBProject_WS\Project_USB_CrossCompile\system\include\cmsis\core_cm4.h **** #elif defined ( __ICCARM__ )
 113:C:\Users\bahri\GitHub\VirtualKeypad\Eclipse_USBProject_WS\Project_USB_CrossCompile\system\include\cmsis\core_cm4.h ****   #if defined __ARMVFP__
 114:C:\Users\bahri\GitHub\VirtualKeypad\Eclipse_USBProject_WS\Project_USB_CrossCompile\system\include\cmsis\core_cm4.h ****     #if defined (__FPU_PRESENT) && (__FPU_PRESENT == 1U)
 115:C:\Users\bahri\GitHub\VirtualKeypad\Eclipse_USBProject_WS\Project_USB_CrossCompile\system\include\cmsis\core_cm4.h ****       #define __FPU_USED       1U
 116:C:\Users\bahri\GitHub\VirtualKeypad\Eclipse_USBProject_WS\Project_USB_CrossCompile\system\include\cmsis\core_cm4.h ****     #else
 117:C:\Users\bahri\GitHub\VirtualKeypad\Eclipse_USBProject_WS\Project_USB_CrossCompile\system\include\cmsis\core_cm4.h ****       #error "Compiler generates FPU instructions for a device without an FPU (check __FPU_PRESENT)
 118:C:\Users\bahri\GitHub\VirtualKeypad\Eclipse_USBProject_WS\Project_USB_CrossCompile\system\include\cmsis\core_cm4.h ****       #define __FPU_USED       0U
 119:C:\Users\bahri\GitHub\VirtualKeypad\Eclipse_USBProject_WS\Project_USB_CrossCompile\system\include\cmsis\core_cm4.h ****     #endif
 120:C:\Users\bahri\GitHub\VirtualKeypad\Eclipse_USBProject_WS\Project_USB_CrossCompile\system\include\cmsis\core_cm4.h ****   #else
 121:C:\Users\bahri\GitHub\VirtualKeypad\Eclipse_USBProject_WS\Project_USB_CrossCompile\system\include\cmsis\core_cm4.h ****     #define __FPU_USED         0U
 122:C:\Users\bahri\GitHub\VirtualKeypad\Eclipse_USBProject_WS\Project_USB_CrossCompile\system\include\cmsis\core_cm4.h ****   #endif
 123:C:\Users\bahri\GitHub\VirtualKeypad\Eclipse_USBProject_WS\Project_USB_CrossCompile\system\include\cmsis\core_cm4.h **** 
 124:C:\Users\bahri\GitHub\VirtualKeypad\Eclipse_USBProject_WS\Project_USB_CrossCompile\system\include\cmsis\core_cm4.h **** #elif defined ( __TI_ARM__ )
 125:C:\Users\bahri\GitHub\VirtualKeypad\Eclipse_USBProject_WS\Project_USB_CrossCompile\system\include\cmsis\core_cm4.h ****   #if defined __TI_VFP_SUPPORT__
 126:C:\Users\bahri\GitHub\VirtualKeypad\Eclipse_USBProject_WS\Project_USB_CrossCompile\system\include\cmsis\core_cm4.h ****     #if defined (__FPU_PRESENT) && (__FPU_PRESENT == 1U)
 127:C:\Users\bahri\GitHub\VirtualKeypad\Eclipse_USBProject_WS\Project_USB_CrossCompile\system\include\cmsis\core_cm4.h ****       #define __FPU_USED       1U
 128:C:\Users\bahri\GitHub\VirtualKeypad\Eclipse_USBProject_WS\Project_USB_CrossCompile\system\include\cmsis\core_cm4.h ****     #else
 129:C:\Users\bahri\GitHub\VirtualKeypad\Eclipse_USBProject_WS\Project_USB_CrossCompile\system\include\cmsis\core_cm4.h ****       #error "Compiler generates FPU instructions for a device without an FPU (check __FPU_PRESENT)
 130:C:\Users\bahri\GitHub\VirtualKeypad\Eclipse_USBProject_WS\Project_USB_CrossCompile\system\include\cmsis\core_cm4.h ****       #define __FPU_USED       0U
 131:C:\Users\bahri\GitHub\VirtualKeypad\Eclipse_USBProject_WS\Project_USB_CrossCompile\system\include\cmsis\core_cm4.h ****     #endif
 132:C:\Users\bahri\GitHub\VirtualKeypad\Eclipse_USBProject_WS\Project_USB_CrossCompile\system\include\cmsis\core_cm4.h ****   #else
 133:C:\Users\bahri\GitHub\VirtualKeypad\Eclipse_USBProject_WS\Project_USB_CrossCompile\system\include\cmsis\core_cm4.h ****     #define __FPU_USED         0U
 134:C:\Users\bahri\GitHub\VirtualKeypad\Eclipse_USBProject_WS\Project_USB_CrossCompile\system\include\cmsis\core_cm4.h ****   #endif
 135:C:\Users\bahri\GitHub\VirtualKeypad\Eclipse_USBProject_WS\Project_USB_CrossCompile\system\include\cmsis\core_cm4.h **** 
 136:C:\Users\bahri\GitHub\VirtualKeypad\Eclipse_USBProject_WS\Project_USB_CrossCompile\system\include\cmsis\core_cm4.h **** #elif defined ( __TASKING__ )
 137:C:\Users\bahri\GitHub\VirtualKeypad\Eclipse_USBProject_WS\Project_USB_CrossCompile\system\include\cmsis\core_cm4.h ****   #if defined __FPU_VFP__
 138:C:\Users\bahri\GitHub\VirtualKeypad\Eclipse_USBProject_WS\Project_USB_CrossCompile\system\include\cmsis\core_cm4.h ****     #if defined (__FPU_PRESENT) && (__FPU_PRESENT == 1U)
 139:C:\Users\bahri\GitHub\VirtualKeypad\Eclipse_USBProject_WS\Project_USB_CrossCompile\system\include\cmsis\core_cm4.h ****       #define __FPU_USED       1U
 140:C:\Users\bahri\GitHub\VirtualKeypad\Eclipse_USBProject_WS\Project_USB_CrossCompile\system\include\cmsis\core_cm4.h ****     #else
 141:C:\Users\bahri\GitHub\VirtualKeypad\Eclipse_USBProject_WS\Project_USB_CrossCompile\system\include\cmsis\core_cm4.h ****       #error "Compiler generates FPU instructions for a device without an FPU (check __FPU_PRESENT)
 142:C:\Users\bahri\GitHub\VirtualKeypad\Eclipse_USBProject_WS\Project_USB_CrossCompile\system\include\cmsis\core_cm4.h ****       #define __FPU_USED       0U
 143:C:\Users\bahri\GitHub\VirtualKeypad\Eclipse_USBProject_WS\Project_USB_CrossCompile\system\include\cmsis\core_cm4.h ****     #endif
 144:C:\Users\bahri\GitHub\VirtualKeypad\Eclipse_USBProject_WS\Project_USB_CrossCompile\system\include\cmsis\core_cm4.h ****   #else
 145:C:\Users\bahri\GitHub\VirtualKeypad\Eclipse_USBProject_WS\Project_USB_CrossCompile\system\include\cmsis\core_cm4.h ****     #define __FPU_USED         0U
 146:C:\Users\bahri\GitHub\VirtualKeypad\Eclipse_USBProject_WS\Project_USB_CrossCompile\system\include\cmsis\core_cm4.h ****   #endif
 147:C:\Users\bahri\GitHub\VirtualKeypad\Eclipse_USBProject_WS\Project_USB_CrossCompile\system\include\cmsis\core_cm4.h **** 
 148:C:\Users\bahri\GitHub\VirtualKeypad\Eclipse_USBProject_WS\Project_USB_CrossCompile\system\include\cmsis\core_cm4.h **** #elif defined ( __CSMC__ )
 149:C:\Users\bahri\GitHub\VirtualKeypad\Eclipse_USBProject_WS\Project_USB_CrossCompile\system\include\cmsis\core_cm4.h ****   #if ( __CSMC__ & 0x400U)
 150:C:\Users\bahri\GitHub\VirtualKeypad\Eclipse_USBProject_WS\Project_USB_CrossCompile\system\include\cmsis\core_cm4.h ****     #if defined (__FPU_PRESENT) && (__FPU_PRESENT == 1U)
 151:C:\Users\bahri\GitHub\VirtualKeypad\Eclipse_USBProject_WS\Project_USB_CrossCompile\system\include\cmsis\core_cm4.h ****       #define __FPU_USED       1U
 152:C:\Users\bahri\GitHub\VirtualKeypad\Eclipse_USBProject_WS\Project_USB_CrossCompile\system\include\cmsis\core_cm4.h ****     #else
 153:C:\Users\bahri\GitHub\VirtualKeypad\Eclipse_USBProject_WS\Project_USB_CrossCompile\system\include\cmsis\core_cm4.h ****       #error "Compiler generates FPU instructions for a device without an FPU (check __FPU_PRESENT)
 154:C:\Users\bahri\GitHub\VirtualKeypad\Eclipse_USBProject_WS\Project_USB_CrossCompile\system\include\cmsis\core_cm4.h ****       #define __FPU_USED       0U
 155:C:\Users\bahri\GitHub\VirtualKeypad\Eclipse_USBProject_WS\Project_USB_CrossCompile\system\include\cmsis\core_cm4.h ****     #endif
 156:C:\Users\bahri\GitHub\VirtualKeypad\Eclipse_USBProject_WS\Project_USB_CrossCompile\system\include\cmsis\core_cm4.h ****   #else
 157:C:\Users\bahri\GitHub\VirtualKeypad\Eclipse_USBProject_WS\Project_USB_CrossCompile\system\include\cmsis\core_cm4.h ****     #define __FPU_USED         0U
 158:C:\Users\bahri\GitHub\VirtualKeypad\Eclipse_USBProject_WS\Project_USB_CrossCompile\system\include\cmsis\core_cm4.h ****   #endif
 159:C:\Users\bahri\GitHub\VirtualKeypad\Eclipse_USBProject_WS\Project_USB_CrossCompile\system\include\cmsis\core_cm4.h **** 
 160:C:\Users\bahri\GitHub\VirtualKeypad\Eclipse_USBProject_WS\Project_USB_CrossCompile\system\include\cmsis\core_cm4.h **** #endif
 161:C:\Users\bahri\GitHub\VirtualKeypad\Eclipse_USBProject_WS\Project_USB_CrossCompile\system\include\cmsis\core_cm4.h **** 
 162:C:\Users\bahri\GitHub\VirtualKeypad\Eclipse_USBProject_WS\Project_USB_CrossCompile\system\include\cmsis\core_cm4.h **** #include "cmsis_compiler.h"               /* CMSIS compiler specific defines */
 163:C:\Users\bahri\GitHub\VirtualKeypad\Eclipse_USBProject_WS\Project_USB_CrossCompile\system\include\cmsis\core_cm4.h **** 
 164:C:\Users\bahri\GitHub\VirtualKeypad\Eclipse_USBProject_WS\Project_USB_CrossCompile\system\include\cmsis\core_cm4.h **** 
 165:C:\Users\bahri\GitHub\VirtualKeypad\Eclipse_USBProject_WS\Project_USB_CrossCompile\system\include\cmsis\core_cm4.h **** #ifdef __cplusplus
 166:C:\Users\bahri\GitHub\VirtualKeypad\Eclipse_USBProject_WS\Project_USB_CrossCompile\system\include\cmsis\core_cm4.h **** }
 167:C:\Users\bahri\GitHub\VirtualKeypad\Eclipse_USBProject_WS\Project_USB_CrossCompile\system\include\cmsis\core_cm4.h **** #endif
 168:C:\Users\bahri\GitHub\VirtualKeypad\Eclipse_USBProject_WS\Project_USB_CrossCompile\system\include\cmsis\core_cm4.h **** 
 169:C:\Users\bahri\GitHub\VirtualKeypad\Eclipse_USBProject_WS\Project_USB_CrossCompile\system\include\cmsis\core_cm4.h **** #endif /* __CORE_CM4_H_GENERIC */
 170:C:\Users\bahri\GitHub\VirtualKeypad\Eclipse_USBProject_WS\Project_USB_CrossCompile\system\include\cmsis\core_cm4.h **** 
 171:C:\Users\bahri\GitHub\VirtualKeypad\Eclipse_USBProject_WS\Project_USB_CrossCompile\system\include\cmsis\core_cm4.h **** #ifndef __CMSIS_GENERIC
 172:C:\Users\bahri\GitHub\VirtualKeypad\Eclipse_USBProject_WS\Project_USB_CrossCompile\system\include\cmsis\core_cm4.h **** 
 173:C:\Users\bahri\GitHub\VirtualKeypad\Eclipse_USBProject_WS\Project_USB_CrossCompile\system\include\cmsis\core_cm4.h **** #ifndef __CORE_CM4_H_DEPENDANT
 174:C:\Users\bahri\GitHub\VirtualKeypad\Eclipse_USBProject_WS\Project_USB_CrossCompile\system\include\cmsis\core_cm4.h **** #define __CORE_CM4_H_DEPENDANT
 175:C:\Users\bahri\GitHub\VirtualKeypad\Eclipse_USBProject_WS\Project_USB_CrossCompile\system\include\cmsis\core_cm4.h **** 
 176:C:\Users\bahri\GitHub\VirtualKeypad\Eclipse_USBProject_WS\Project_USB_CrossCompile\system\include\cmsis\core_cm4.h **** #ifdef __cplusplus
 177:C:\Users\bahri\GitHub\VirtualKeypad\Eclipse_USBProject_WS\Project_USB_CrossCompile\system\include\cmsis\core_cm4.h ****  extern "C" {
 178:C:\Users\bahri\GitHub\VirtualKeypad\Eclipse_USBProject_WS\Project_USB_CrossCompile\system\include\cmsis\core_cm4.h **** #endif
 179:C:\Users\bahri\GitHub\VirtualKeypad\Eclipse_USBProject_WS\Project_USB_CrossCompile\system\include\cmsis\core_cm4.h **** 
 180:C:\Users\bahri\GitHub\VirtualKeypad\Eclipse_USBProject_WS\Project_USB_CrossCompile\system\include\cmsis\core_cm4.h **** /* check device defines and use defaults */
 181:C:\Users\bahri\GitHub\VirtualKeypad\Eclipse_USBProject_WS\Project_USB_CrossCompile\system\include\cmsis\core_cm4.h **** #if defined __CHECK_DEVICE_DEFINES
 182:C:\Users\bahri\GitHub\VirtualKeypad\Eclipse_USBProject_WS\Project_USB_CrossCompile\system\include\cmsis\core_cm4.h ****   #ifndef __CM4_REV
 183:C:\Users\bahri\GitHub\VirtualKeypad\Eclipse_USBProject_WS\Project_USB_CrossCompile\system\include\cmsis\core_cm4.h ****     #define __CM4_REV               0x0000U
 184:C:\Users\bahri\GitHub\VirtualKeypad\Eclipse_USBProject_WS\Project_USB_CrossCompile\system\include\cmsis\core_cm4.h ****     #warning "__CM4_REV not defined in device header file; using default!"
 185:C:\Users\bahri\GitHub\VirtualKeypad\Eclipse_USBProject_WS\Project_USB_CrossCompile\system\include\cmsis\core_cm4.h ****   #endif
 186:C:\Users\bahri\GitHub\VirtualKeypad\Eclipse_USBProject_WS\Project_USB_CrossCompile\system\include\cmsis\core_cm4.h **** 
 187:C:\Users\bahri\GitHub\VirtualKeypad\Eclipse_USBProject_WS\Project_USB_CrossCompile\system\include\cmsis\core_cm4.h ****   #ifndef __FPU_PRESENT
 188:C:\Users\bahri\GitHub\VirtualKeypad\Eclipse_USBProject_WS\Project_USB_CrossCompile\system\include\cmsis\core_cm4.h ****     #define __FPU_PRESENT             0U
 189:C:\Users\bahri\GitHub\VirtualKeypad\Eclipse_USBProject_WS\Project_USB_CrossCompile\system\include\cmsis\core_cm4.h ****     #warning "__FPU_PRESENT not defined in device header file; using default!"
 190:C:\Users\bahri\GitHub\VirtualKeypad\Eclipse_USBProject_WS\Project_USB_CrossCompile\system\include\cmsis\core_cm4.h ****   #endif
 191:C:\Users\bahri\GitHub\VirtualKeypad\Eclipse_USBProject_WS\Project_USB_CrossCompile\system\include\cmsis\core_cm4.h **** 
 192:C:\Users\bahri\GitHub\VirtualKeypad\Eclipse_USBProject_WS\Project_USB_CrossCompile\system\include\cmsis\core_cm4.h ****   #ifndef __MPU_PRESENT
 193:C:\Users\bahri\GitHub\VirtualKeypad\Eclipse_USBProject_WS\Project_USB_CrossCompile\system\include\cmsis\core_cm4.h ****     #define __MPU_PRESENT             0U
 194:C:\Users\bahri\GitHub\VirtualKeypad\Eclipse_USBProject_WS\Project_USB_CrossCompile\system\include\cmsis\core_cm4.h ****     #warning "__MPU_PRESENT not defined in device header file; using default!"
 195:C:\Users\bahri\GitHub\VirtualKeypad\Eclipse_USBProject_WS\Project_USB_CrossCompile\system\include\cmsis\core_cm4.h ****   #endif
 196:C:\Users\bahri\GitHub\VirtualKeypad\Eclipse_USBProject_WS\Project_USB_CrossCompile\system\include\cmsis\core_cm4.h **** 
 197:C:\Users\bahri\GitHub\VirtualKeypad\Eclipse_USBProject_WS\Project_USB_CrossCompile\system\include\cmsis\core_cm4.h ****   #ifndef __VTOR_PRESENT
 198:C:\Users\bahri\GitHub\VirtualKeypad\Eclipse_USBProject_WS\Project_USB_CrossCompile\system\include\cmsis\core_cm4.h ****     #define __VTOR_PRESENT             1U
 199:C:\Users\bahri\GitHub\VirtualKeypad\Eclipse_USBProject_WS\Project_USB_CrossCompile\system\include\cmsis\core_cm4.h ****     #warning "__VTOR_PRESENT not defined in device header file; using default!"
 200:C:\Users\bahri\GitHub\VirtualKeypad\Eclipse_USBProject_WS\Project_USB_CrossCompile\system\include\cmsis\core_cm4.h ****   #endif
 201:C:\Users\bahri\GitHub\VirtualKeypad\Eclipse_USBProject_WS\Project_USB_CrossCompile\system\include\cmsis\core_cm4.h **** 
 202:C:\Users\bahri\GitHub\VirtualKeypad\Eclipse_USBProject_WS\Project_USB_CrossCompile\system\include\cmsis\core_cm4.h ****   #ifndef __NVIC_PRIO_BITS
 203:C:\Users\bahri\GitHub\VirtualKeypad\Eclipse_USBProject_WS\Project_USB_CrossCompile\system\include\cmsis\core_cm4.h ****     #define __NVIC_PRIO_BITS          3U
 204:C:\Users\bahri\GitHub\VirtualKeypad\Eclipse_USBProject_WS\Project_USB_CrossCompile\system\include\cmsis\core_cm4.h ****     #warning "__NVIC_PRIO_BITS not defined in device header file; using default!"
 205:C:\Users\bahri\GitHub\VirtualKeypad\Eclipse_USBProject_WS\Project_USB_CrossCompile\system\include\cmsis\core_cm4.h ****   #endif
 206:C:\Users\bahri\GitHub\VirtualKeypad\Eclipse_USBProject_WS\Project_USB_CrossCompile\system\include\cmsis\core_cm4.h **** 
 207:C:\Users\bahri\GitHub\VirtualKeypad\Eclipse_USBProject_WS\Project_USB_CrossCompile\system\include\cmsis\core_cm4.h ****   #ifndef __Vendor_SysTickConfig
 208:C:\Users\bahri\GitHub\VirtualKeypad\Eclipse_USBProject_WS\Project_USB_CrossCompile\system\include\cmsis\core_cm4.h ****     #define __Vendor_SysTickConfig    0U
 209:C:\Users\bahri\GitHub\VirtualKeypad\Eclipse_USBProject_WS\Project_USB_CrossCompile\system\include\cmsis\core_cm4.h ****     #warning "__Vendor_SysTickConfig not defined in device header file; using default!"
 210:C:\Users\bahri\GitHub\VirtualKeypad\Eclipse_USBProject_WS\Project_USB_CrossCompile\system\include\cmsis\core_cm4.h ****   #endif
 211:C:\Users\bahri\GitHub\VirtualKeypad\Eclipse_USBProject_WS\Project_USB_CrossCompile\system\include\cmsis\core_cm4.h **** #endif
 212:C:\Users\bahri\GitHub\VirtualKeypad\Eclipse_USBProject_WS\Project_USB_CrossCompile\system\include\cmsis\core_cm4.h **** 
 213:C:\Users\bahri\GitHub\VirtualKeypad\Eclipse_USBProject_WS\Project_USB_CrossCompile\system\include\cmsis\core_cm4.h **** /* IO definitions (access restrictions to peripheral registers) */
 214:C:\Users\bahri\GitHub\VirtualKeypad\Eclipse_USBProject_WS\Project_USB_CrossCompile\system\include\cmsis\core_cm4.h **** /**
 215:C:\Users\bahri\GitHub\VirtualKeypad\Eclipse_USBProject_WS\Project_USB_CrossCompile\system\include\cmsis\core_cm4.h ****     \defgroup CMSIS_glob_defs CMSIS Global Defines
 216:C:\Users\bahri\GitHub\VirtualKeypad\Eclipse_USBProject_WS\Project_USB_CrossCompile\system\include\cmsis\core_cm4.h **** 
 217:C:\Users\bahri\GitHub\VirtualKeypad\Eclipse_USBProject_WS\Project_USB_CrossCompile\system\include\cmsis\core_cm4.h ****     <strong>IO Type Qualifiers</strong> are used
 218:C:\Users\bahri\GitHub\VirtualKeypad\Eclipse_USBProject_WS\Project_USB_CrossCompile\system\include\cmsis\core_cm4.h ****     \li to specify the access to peripheral variables.
 219:C:\Users\bahri\GitHub\VirtualKeypad\Eclipse_USBProject_WS\Project_USB_CrossCompile\system\include\cmsis\core_cm4.h ****     \li for automatic generation of peripheral register debug information.
 220:C:\Users\bahri\GitHub\VirtualKeypad\Eclipse_USBProject_WS\Project_USB_CrossCompile\system\include\cmsis\core_cm4.h **** */
 221:C:\Users\bahri\GitHub\VirtualKeypad\Eclipse_USBProject_WS\Project_USB_CrossCompile\system\include\cmsis\core_cm4.h **** #ifdef __cplusplus
 222:C:\Users\bahri\GitHub\VirtualKeypad\Eclipse_USBProject_WS\Project_USB_CrossCompile\system\include\cmsis\core_cm4.h ****   #define   __I     volatile             /*!< Defines 'read only' permissions */
 223:C:\Users\bahri\GitHub\VirtualKeypad\Eclipse_USBProject_WS\Project_USB_CrossCompile\system\include\cmsis\core_cm4.h **** #else
 224:C:\Users\bahri\GitHub\VirtualKeypad\Eclipse_USBProject_WS\Project_USB_CrossCompile\system\include\cmsis\core_cm4.h ****   #define   __I     volatile const       /*!< Defines 'read only' permissions */
 225:C:\Users\bahri\GitHub\VirtualKeypad\Eclipse_USBProject_WS\Project_USB_CrossCompile\system\include\cmsis\core_cm4.h **** #endif
 226:C:\Users\bahri\GitHub\VirtualKeypad\Eclipse_USBProject_WS\Project_USB_CrossCompile\system\include\cmsis\core_cm4.h **** #define     __O     volatile             /*!< Defines 'write only' permissions */
 227:C:\Users\bahri\GitHub\VirtualKeypad\Eclipse_USBProject_WS\Project_USB_CrossCompile\system\include\cmsis\core_cm4.h **** #define     __IO    volatile             /*!< Defines 'read / write' permissions */
 228:C:\Users\bahri\GitHub\VirtualKeypad\Eclipse_USBProject_WS\Project_USB_CrossCompile\system\include\cmsis\core_cm4.h **** 
 229:C:\Users\bahri\GitHub\VirtualKeypad\Eclipse_USBProject_WS\Project_USB_CrossCompile\system\include\cmsis\core_cm4.h **** /* following defines should be used for structure members */
 230:C:\Users\bahri\GitHub\VirtualKeypad\Eclipse_USBProject_WS\Project_USB_CrossCompile\system\include\cmsis\core_cm4.h **** #define     __IM     volatile const      /*! Defines 'read only' structure member permissions */
 231:C:\Users\bahri\GitHub\VirtualKeypad\Eclipse_USBProject_WS\Project_USB_CrossCompile\system\include\cmsis\core_cm4.h **** #define     __OM     volatile            /*! Defines 'write only' structure member permissions */
 232:C:\Users\bahri\GitHub\VirtualKeypad\Eclipse_USBProject_WS\Project_USB_CrossCompile\system\include\cmsis\core_cm4.h **** #define     __IOM    volatile            /*! Defines 'read / write' structure member permissions */
 233:C:\Users\bahri\GitHub\VirtualKeypad\Eclipse_USBProject_WS\Project_USB_CrossCompile\system\include\cmsis\core_cm4.h **** 
 234:C:\Users\bahri\GitHub\VirtualKeypad\Eclipse_USBProject_WS\Project_USB_CrossCompile\system\include\cmsis\core_cm4.h **** /*@} end of group Cortex_M4 */
 235:C:\Users\bahri\GitHub\VirtualKeypad\Eclipse_USBProject_WS\Project_USB_CrossCompile\system\include\cmsis\core_cm4.h **** 
 236:C:\Users\bahri\GitHub\VirtualKeypad\Eclipse_USBProject_WS\Project_USB_CrossCompile\system\include\cmsis\core_cm4.h **** 
 237:C:\Users\bahri\GitHub\VirtualKeypad\Eclipse_USBProject_WS\Project_USB_CrossCompile\system\include\cmsis\core_cm4.h **** 
 238:C:\Users\bahri\GitHub\VirtualKeypad\Eclipse_USBProject_WS\Project_USB_CrossCompile\system\include\cmsis\core_cm4.h **** /*******************************************************************************
 239:C:\Users\bahri\GitHub\VirtualKeypad\Eclipse_USBProject_WS\Project_USB_CrossCompile\system\include\cmsis\core_cm4.h ****  *                 Register Abstraction
 240:C:\Users\bahri\GitHub\VirtualKeypad\Eclipse_USBProject_WS\Project_USB_CrossCompile\system\include\cmsis\core_cm4.h ****   Core Register contain:
 241:C:\Users\bahri\GitHub\VirtualKeypad\Eclipse_USBProject_WS\Project_USB_CrossCompile\system\include\cmsis\core_cm4.h ****   - Core Register
 242:C:\Users\bahri\GitHub\VirtualKeypad\Eclipse_USBProject_WS\Project_USB_CrossCompile\system\include\cmsis\core_cm4.h ****   - Core NVIC Register
 243:C:\Users\bahri\GitHub\VirtualKeypad\Eclipse_USBProject_WS\Project_USB_CrossCompile\system\include\cmsis\core_cm4.h ****   - Core SCB Register
 244:C:\Users\bahri\GitHub\VirtualKeypad\Eclipse_USBProject_WS\Project_USB_CrossCompile\system\include\cmsis\core_cm4.h ****   - Core SysTick Register
 245:C:\Users\bahri\GitHub\VirtualKeypad\Eclipse_USBProject_WS\Project_USB_CrossCompile\system\include\cmsis\core_cm4.h ****   - Core Debug Register
 246:C:\Users\bahri\GitHub\VirtualKeypad\Eclipse_USBProject_WS\Project_USB_CrossCompile\system\include\cmsis\core_cm4.h ****   - Core MPU Register
 247:C:\Users\bahri\GitHub\VirtualKeypad\Eclipse_USBProject_WS\Project_USB_CrossCompile\system\include\cmsis\core_cm4.h ****   - Core FPU Register
 248:C:\Users\bahri\GitHub\VirtualKeypad\Eclipse_USBProject_WS\Project_USB_CrossCompile\system\include\cmsis\core_cm4.h ****  ******************************************************************************/
 249:C:\Users\bahri\GitHub\VirtualKeypad\Eclipse_USBProject_WS\Project_USB_CrossCompile\system\include\cmsis\core_cm4.h **** /**
 250:C:\Users\bahri\GitHub\VirtualKeypad\Eclipse_USBProject_WS\Project_USB_CrossCompile\system\include\cmsis\core_cm4.h ****   \defgroup CMSIS_core_register Defines and Type Definitions
 251:C:\Users\bahri\GitHub\VirtualKeypad\Eclipse_USBProject_WS\Project_USB_CrossCompile\system\include\cmsis\core_cm4.h ****   \brief Type definitions and defines for Cortex-M processor based devices.
 252:C:\Users\bahri\GitHub\VirtualKeypad\Eclipse_USBProject_WS\Project_USB_CrossCompile\system\include\cmsis\core_cm4.h **** */
 253:C:\Users\bahri\GitHub\VirtualKeypad\Eclipse_USBProject_WS\Project_USB_CrossCompile\system\include\cmsis\core_cm4.h **** 
 254:C:\Users\bahri\GitHub\VirtualKeypad\Eclipse_USBProject_WS\Project_USB_CrossCompile\system\include\cmsis\core_cm4.h **** /**
 255:C:\Users\bahri\GitHub\VirtualKeypad\Eclipse_USBProject_WS\Project_USB_CrossCompile\system\include\cmsis\core_cm4.h ****   \ingroup    CMSIS_core_register
 256:C:\Users\bahri\GitHub\VirtualKeypad\Eclipse_USBProject_WS\Project_USB_CrossCompile\system\include\cmsis\core_cm4.h ****   \defgroup   CMSIS_CORE  Status and Control Registers
 257:C:\Users\bahri\GitHub\VirtualKeypad\Eclipse_USBProject_WS\Project_USB_CrossCompile\system\include\cmsis\core_cm4.h ****   \brief      Core Register type definitions.
 258:C:\Users\bahri\GitHub\VirtualKeypad\Eclipse_USBProject_WS\Project_USB_CrossCompile\system\include\cmsis\core_cm4.h ****   @{
 259:C:\Users\bahri\GitHub\VirtualKeypad\Eclipse_USBProject_WS\Project_USB_CrossCompile\system\include\cmsis\core_cm4.h ****  */
 260:C:\Users\bahri\GitHub\VirtualKeypad\Eclipse_USBProject_WS\Project_USB_CrossCompile\system\include\cmsis\core_cm4.h **** 
 261:C:\Users\bahri\GitHub\VirtualKeypad\Eclipse_USBProject_WS\Project_USB_CrossCompile\system\include\cmsis\core_cm4.h **** /**
 262:C:\Users\bahri\GitHub\VirtualKeypad\Eclipse_USBProject_WS\Project_USB_CrossCompile\system\include\cmsis\core_cm4.h ****   \brief  Union type to access the Application Program Status Register (APSR).
 263:C:\Users\bahri\GitHub\VirtualKeypad\Eclipse_USBProject_WS\Project_USB_CrossCompile\system\include\cmsis\core_cm4.h ****  */
 264:C:\Users\bahri\GitHub\VirtualKeypad\Eclipse_USBProject_WS\Project_USB_CrossCompile\system\include\cmsis\core_cm4.h **** typedef union
 265:C:\Users\bahri\GitHub\VirtualKeypad\Eclipse_USBProject_WS\Project_USB_CrossCompile\system\include\cmsis\core_cm4.h **** {
 266:C:\Users\bahri\GitHub\VirtualKeypad\Eclipse_USBProject_WS\Project_USB_CrossCompile\system\include\cmsis\core_cm4.h ****   struct
 267:C:\Users\bahri\GitHub\VirtualKeypad\Eclipse_USBProject_WS\Project_USB_CrossCompile\system\include\cmsis\core_cm4.h ****   {
 268:C:\Users\bahri\GitHub\VirtualKeypad\Eclipse_USBProject_WS\Project_USB_CrossCompile\system\include\cmsis\core_cm4.h ****     uint32_t _reserved0:16;              /*!< bit:  0..15  Reserved */
 269:C:\Users\bahri\GitHub\VirtualKeypad\Eclipse_USBProject_WS\Project_USB_CrossCompile\system\include\cmsis\core_cm4.h ****     uint32_t GE:4;                       /*!< bit: 16..19  Greater than or Equal flags */
 270:C:\Users\bahri\GitHub\VirtualKeypad\Eclipse_USBProject_WS\Project_USB_CrossCompile\system\include\cmsis\core_cm4.h ****     uint32_t _reserved1:7;               /*!< bit: 20..26  Reserved */
 271:C:\Users\bahri\GitHub\VirtualKeypad\Eclipse_USBProject_WS\Project_USB_CrossCompile\system\include\cmsis\core_cm4.h ****     uint32_t Q:1;                        /*!< bit:     27  Saturation condition flag */
 272:C:\Users\bahri\GitHub\VirtualKeypad\Eclipse_USBProject_WS\Project_USB_CrossCompile\system\include\cmsis\core_cm4.h ****     uint32_t V:1;                        /*!< bit:     28  Overflow condition code flag */
 273:C:\Users\bahri\GitHub\VirtualKeypad\Eclipse_USBProject_WS\Project_USB_CrossCompile\system\include\cmsis\core_cm4.h ****     uint32_t C:1;                        /*!< bit:     29  Carry condition code flag */
 274:C:\Users\bahri\GitHub\VirtualKeypad\Eclipse_USBProject_WS\Project_USB_CrossCompile\system\include\cmsis\core_cm4.h ****     uint32_t Z:1;                        /*!< bit:     30  Zero condition code flag */
 275:C:\Users\bahri\GitHub\VirtualKeypad\Eclipse_USBProject_WS\Project_USB_CrossCompile\system\include\cmsis\core_cm4.h ****     uint32_t N:1;                        /*!< bit:     31  Negative condition code flag */
 276:C:\Users\bahri\GitHub\VirtualKeypad\Eclipse_USBProject_WS\Project_USB_CrossCompile\system\include\cmsis\core_cm4.h ****   } b;                                   /*!< Structure used for bit  access */
 277:C:\Users\bahri\GitHub\VirtualKeypad\Eclipse_USBProject_WS\Project_USB_CrossCompile\system\include\cmsis\core_cm4.h ****   uint32_t w;                            /*!< Type      used for word access */
 278:C:\Users\bahri\GitHub\VirtualKeypad\Eclipse_USBProject_WS\Project_USB_CrossCompile\system\include\cmsis\core_cm4.h **** } APSR_Type;
 279:C:\Users\bahri\GitHub\VirtualKeypad\Eclipse_USBProject_WS\Project_USB_CrossCompile\system\include\cmsis\core_cm4.h **** 
 280:C:\Users\bahri\GitHub\VirtualKeypad\Eclipse_USBProject_WS\Project_USB_CrossCompile\system\include\cmsis\core_cm4.h **** /* APSR Register Definitions */
 281:C:\Users\bahri\GitHub\VirtualKeypad\Eclipse_USBProject_WS\Project_USB_CrossCompile\system\include\cmsis\core_cm4.h **** #define APSR_N_Pos                         31U                                            /*!< APSR
 282:C:\Users\bahri\GitHub\VirtualKeypad\Eclipse_USBProject_WS\Project_USB_CrossCompile\system\include\cmsis\core_cm4.h **** #define APSR_N_Msk                         (1UL << APSR_N_Pos)                            /*!< APSR
 283:C:\Users\bahri\GitHub\VirtualKeypad\Eclipse_USBProject_WS\Project_USB_CrossCompile\system\include\cmsis\core_cm4.h **** 
 284:C:\Users\bahri\GitHub\VirtualKeypad\Eclipse_USBProject_WS\Project_USB_CrossCompile\system\include\cmsis\core_cm4.h **** #define APSR_Z_Pos                         30U                                            /*!< APSR
 285:C:\Users\bahri\GitHub\VirtualKeypad\Eclipse_USBProject_WS\Project_USB_CrossCompile\system\include\cmsis\core_cm4.h **** #define APSR_Z_Msk                         (1UL << APSR_Z_Pos)                            /*!< APSR
 286:C:\Users\bahri\GitHub\VirtualKeypad\Eclipse_USBProject_WS\Project_USB_CrossCompile\system\include\cmsis\core_cm4.h **** 
 287:C:\Users\bahri\GitHub\VirtualKeypad\Eclipse_USBProject_WS\Project_USB_CrossCompile\system\include\cmsis\core_cm4.h **** #define APSR_C_Pos                         29U                                            /*!< APSR
 288:C:\Users\bahri\GitHub\VirtualKeypad\Eclipse_USBProject_WS\Project_USB_CrossCompile\system\include\cmsis\core_cm4.h **** #define APSR_C_Msk                         (1UL << APSR_C_Pos)                            /*!< APSR
 289:C:\Users\bahri\GitHub\VirtualKeypad\Eclipse_USBProject_WS\Project_USB_CrossCompile\system\include\cmsis\core_cm4.h **** 
 290:C:\Users\bahri\GitHub\VirtualKeypad\Eclipse_USBProject_WS\Project_USB_CrossCompile\system\include\cmsis\core_cm4.h **** #define APSR_V_Pos                         28U                                            /*!< APSR
 291:C:\Users\bahri\GitHub\VirtualKeypad\Eclipse_USBProject_WS\Project_USB_CrossCompile\system\include\cmsis\core_cm4.h **** #define APSR_V_Msk                         (1UL << APSR_V_Pos)                            /*!< APSR
 292:C:\Users\bahri\GitHub\VirtualKeypad\Eclipse_USBProject_WS\Project_USB_CrossCompile\system\include\cmsis\core_cm4.h **** 
 293:C:\Users\bahri\GitHub\VirtualKeypad\Eclipse_USBProject_WS\Project_USB_CrossCompile\system\include\cmsis\core_cm4.h **** #define APSR_Q_Pos                         27U                                            /*!< APSR
 294:C:\Users\bahri\GitHub\VirtualKeypad\Eclipse_USBProject_WS\Project_USB_CrossCompile\system\include\cmsis\core_cm4.h **** #define APSR_Q_Msk                         (1UL << APSR_Q_Pos)                            /*!< APSR
 295:C:\Users\bahri\GitHub\VirtualKeypad\Eclipse_USBProject_WS\Project_USB_CrossCompile\system\include\cmsis\core_cm4.h **** 
 296:C:\Users\bahri\GitHub\VirtualKeypad\Eclipse_USBProject_WS\Project_USB_CrossCompile\system\include\cmsis\core_cm4.h **** #define APSR_GE_Pos                        16U                                            /*!< APSR
 297:C:\Users\bahri\GitHub\VirtualKeypad\Eclipse_USBProject_WS\Project_USB_CrossCompile\system\include\cmsis\core_cm4.h **** #define APSR_GE_Msk                        (0xFUL << APSR_GE_Pos)                         /*!< APSR
 298:C:\Users\bahri\GitHub\VirtualKeypad\Eclipse_USBProject_WS\Project_USB_CrossCompile\system\include\cmsis\core_cm4.h **** 
 299:C:\Users\bahri\GitHub\VirtualKeypad\Eclipse_USBProject_WS\Project_USB_CrossCompile\system\include\cmsis\core_cm4.h **** 
 300:C:\Users\bahri\GitHub\VirtualKeypad\Eclipse_USBProject_WS\Project_USB_CrossCompile\system\include\cmsis\core_cm4.h **** /**
 301:C:\Users\bahri\GitHub\VirtualKeypad\Eclipse_USBProject_WS\Project_USB_CrossCompile\system\include\cmsis\core_cm4.h ****   \brief  Union type to access the Interrupt Program Status Register (IPSR).
 302:C:\Users\bahri\GitHub\VirtualKeypad\Eclipse_USBProject_WS\Project_USB_CrossCompile\system\include\cmsis\core_cm4.h ****  */
 303:C:\Users\bahri\GitHub\VirtualKeypad\Eclipse_USBProject_WS\Project_USB_CrossCompile\system\include\cmsis\core_cm4.h **** typedef union
 304:C:\Users\bahri\GitHub\VirtualKeypad\Eclipse_USBProject_WS\Project_USB_CrossCompile\system\include\cmsis\core_cm4.h **** {
 305:C:\Users\bahri\GitHub\VirtualKeypad\Eclipse_USBProject_WS\Project_USB_CrossCompile\system\include\cmsis\core_cm4.h ****   struct
 306:C:\Users\bahri\GitHub\VirtualKeypad\Eclipse_USBProject_WS\Project_USB_CrossCompile\system\include\cmsis\core_cm4.h ****   {
 307:C:\Users\bahri\GitHub\VirtualKeypad\Eclipse_USBProject_WS\Project_USB_CrossCompile\system\include\cmsis\core_cm4.h ****     uint32_t ISR:9;                      /*!< bit:  0.. 8  Exception number */
 308:C:\Users\bahri\GitHub\VirtualKeypad\Eclipse_USBProject_WS\Project_USB_CrossCompile\system\include\cmsis\core_cm4.h ****     uint32_t _reserved0:23;              /*!< bit:  9..31  Reserved */
 309:C:\Users\bahri\GitHub\VirtualKeypad\Eclipse_USBProject_WS\Project_USB_CrossCompile\system\include\cmsis\core_cm4.h ****   } b;                                   /*!< Structure used for bit  access */
 310:C:\Users\bahri\GitHub\VirtualKeypad\Eclipse_USBProject_WS\Project_USB_CrossCompile\system\include\cmsis\core_cm4.h ****   uint32_t w;                            /*!< Type      used for word access */
 311:C:\Users\bahri\GitHub\VirtualKeypad\Eclipse_USBProject_WS\Project_USB_CrossCompile\system\include\cmsis\core_cm4.h **** } IPSR_Type;
 312:C:\Users\bahri\GitHub\VirtualKeypad\Eclipse_USBProject_WS\Project_USB_CrossCompile\system\include\cmsis\core_cm4.h **** 
 313:C:\Users\bahri\GitHub\VirtualKeypad\Eclipse_USBProject_WS\Project_USB_CrossCompile\system\include\cmsis\core_cm4.h **** /* IPSR Register Definitions */
 314:C:\Users\bahri\GitHub\VirtualKeypad\Eclipse_USBProject_WS\Project_USB_CrossCompile\system\include\cmsis\core_cm4.h **** #define IPSR_ISR_Pos                        0U                                            /*!< IPSR
 315:C:\Users\bahri\GitHub\VirtualKeypad\Eclipse_USBProject_WS\Project_USB_CrossCompile\system\include\cmsis\core_cm4.h **** #define IPSR_ISR_Msk                       (0x1FFUL /*<< IPSR_ISR_Pos*/)                  /*!< IPSR
 316:C:\Users\bahri\GitHub\VirtualKeypad\Eclipse_USBProject_WS\Project_USB_CrossCompile\system\include\cmsis\core_cm4.h **** 
 317:C:\Users\bahri\GitHub\VirtualKeypad\Eclipse_USBProject_WS\Project_USB_CrossCompile\system\include\cmsis\core_cm4.h **** 
 318:C:\Users\bahri\GitHub\VirtualKeypad\Eclipse_USBProject_WS\Project_USB_CrossCompile\system\include\cmsis\core_cm4.h **** /**
 319:C:\Users\bahri\GitHub\VirtualKeypad\Eclipse_USBProject_WS\Project_USB_CrossCompile\system\include\cmsis\core_cm4.h ****   \brief  Union type to access the Special-Purpose Program Status Registers (xPSR).
 320:C:\Users\bahri\GitHub\VirtualKeypad\Eclipse_USBProject_WS\Project_USB_CrossCompile\system\include\cmsis\core_cm4.h ****  */
 321:C:\Users\bahri\GitHub\VirtualKeypad\Eclipse_USBProject_WS\Project_USB_CrossCompile\system\include\cmsis\core_cm4.h **** typedef union
 322:C:\Users\bahri\GitHub\VirtualKeypad\Eclipse_USBProject_WS\Project_USB_CrossCompile\system\include\cmsis\core_cm4.h **** {
 323:C:\Users\bahri\GitHub\VirtualKeypad\Eclipse_USBProject_WS\Project_USB_CrossCompile\system\include\cmsis\core_cm4.h ****   struct
 324:C:\Users\bahri\GitHub\VirtualKeypad\Eclipse_USBProject_WS\Project_USB_CrossCompile\system\include\cmsis\core_cm4.h ****   {
 325:C:\Users\bahri\GitHub\VirtualKeypad\Eclipse_USBProject_WS\Project_USB_CrossCompile\system\include\cmsis\core_cm4.h ****     uint32_t ISR:9;                      /*!< bit:  0.. 8  Exception number */
 326:C:\Users\bahri\GitHub\VirtualKeypad\Eclipse_USBProject_WS\Project_USB_CrossCompile\system\include\cmsis\core_cm4.h ****     uint32_t _reserved0:1;               /*!< bit:      9  Reserved */
 327:C:\Users\bahri\GitHub\VirtualKeypad\Eclipse_USBProject_WS\Project_USB_CrossCompile\system\include\cmsis\core_cm4.h ****     uint32_t ICI_IT_1:6;                 /*!< bit: 10..15  ICI/IT part 1 */
 328:C:\Users\bahri\GitHub\VirtualKeypad\Eclipse_USBProject_WS\Project_USB_CrossCompile\system\include\cmsis\core_cm4.h ****     uint32_t GE:4;                       /*!< bit: 16..19  Greater than or Equal flags */
 329:C:\Users\bahri\GitHub\VirtualKeypad\Eclipse_USBProject_WS\Project_USB_CrossCompile\system\include\cmsis\core_cm4.h ****     uint32_t _reserved1:4;               /*!< bit: 20..23  Reserved */
 330:C:\Users\bahri\GitHub\VirtualKeypad\Eclipse_USBProject_WS\Project_USB_CrossCompile\system\include\cmsis\core_cm4.h ****     uint32_t T:1;                        /*!< bit:     24  Thumb bit */
 331:C:\Users\bahri\GitHub\VirtualKeypad\Eclipse_USBProject_WS\Project_USB_CrossCompile\system\include\cmsis\core_cm4.h ****     uint32_t ICI_IT_2:2;                 /*!< bit: 25..26  ICI/IT part 2 */
 332:C:\Users\bahri\GitHub\VirtualKeypad\Eclipse_USBProject_WS\Project_USB_CrossCompile\system\include\cmsis\core_cm4.h ****     uint32_t Q:1;                        /*!< bit:     27  Saturation condition flag */
 333:C:\Users\bahri\GitHub\VirtualKeypad\Eclipse_USBProject_WS\Project_USB_CrossCompile\system\include\cmsis\core_cm4.h ****     uint32_t V:1;                        /*!< bit:     28  Overflow condition code flag */
 334:C:\Users\bahri\GitHub\VirtualKeypad\Eclipse_USBProject_WS\Project_USB_CrossCompile\system\include\cmsis\core_cm4.h ****     uint32_t C:1;                        /*!< bit:     29  Carry condition code flag */
 335:C:\Users\bahri\GitHub\VirtualKeypad\Eclipse_USBProject_WS\Project_USB_CrossCompile\system\include\cmsis\core_cm4.h ****     uint32_t Z:1;                        /*!< bit:     30  Zero condition code flag */
 336:C:\Users\bahri\GitHub\VirtualKeypad\Eclipse_USBProject_WS\Project_USB_CrossCompile\system\include\cmsis\core_cm4.h ****     uint32_t N:1;                        /*!< bit:     31  Negative condition code flag */
 337:C:\Users\bahri\GitHub\VirtualKeypad\Eclipse_USBProject_WS\Project_USB_CrossCompile\system\include\cmsis\core_cm4.h ****   } b;                                   /*!< Structure used for bit  access */
 338:C:\Users\bahri\GitHub\VirtualKeypad\Eclipse_USBProject_WS\Project_USB_CrossCompile\system\include\cmsis\core_cm4.h ****   uint32_t w;                            /*!< Type      used for word access */
 339:C:\Users\bahri\GitHub\VirtualKeypad\Eclipse_USBProject_WS\Project_USB_CrossCompile\system\include\cmsis\core_cm4.h **** } xPSR_Type;
 340:C:\Users\bahri\GitHub\VirtualKeypad\Eclipse_USBProject_WS\Project_USB_CrossCompile\system\include\cmsis\core_cm4.h **** 
 341:C:\Users\bahri\GitHub\VirtualKeypad\Eclipse_USBProject_WS\Project_USB_CrossCompile\system\include\cmsis\core_cm4.h **** /* xPSR Register Definitions */
 342:C:\Users\bahri\GitHub\VirtualKeypad\Eclipse_USBProject_WS\Project_USB_CrossCompile\system\include\cmsis\core_cm4.h **** #define xPSR_N_Pos                         31U                                            /*!< xPSR
 343:C:\Users\bahri\GitHub\VirtualKeypad\Eclipse_USBProject_WS\Project_USB_CrossCompile\system\include\cmsis\core_cm4.h **** #define xPSR_N_Msk                         (1UL << xPSR_N_Pos)                            /*!< xPSR
 344:C:\Users\bahri\GitHub\VirtualKeypad\Eclipse_USBProject_WS\Project_USB_CrossCompile\system\include\cmsis\core_cm4.h **** 
 345:C:\Users\bahri\GitHub\VirtualKeypad\Eclipse_USBProject_WS\Project_USB_CrossCompile\system\include\cmsis\core_cm4.h **** #define xPSR_Z_Pos                         30U                                            /*!< xPSR
 346:C:\Users\bahri\GitHub\VirtualKeypad\Eclipse_USBProject_WS\Project_USB_CrossCompile\system\include\cmsis\core_cm4.h **** #define xPSR_Z_Msk                         (1UL << xPSR_Z_Pos)                            /*!< xPSR
 347:C:\Users\bahri\GitHub\VirtualKeypad\Eclipse_USBProject_WS\Project_USB_CrossCompile\system\include\cmsis\core_cm4.h **** 
 348:C:\Users\bahri\GitHub\VirtualKeypad\Eclipse_USBProject_WS\Project_USB_CrossCompile\system\include\cmsis\core_cm4.h **** #define xPSR_C_Pos                         29U                                            /*!< xPSR
 349:C:\Users\bahri\GitHub\VirtualKeypad\Eclipse_USBProject_WS\Project_USB_CrossCompile\system\include\cmsis\core_cm4.h **** #define xPSR_C_Msk                         (1UL << xPSR_C_Pos)                            /*!< xPSR
 350:C:\Users\bahri\GitHub\VirtualKeypad\Eclipse_USBProject_WS\Project_USB_CrossCompile\system\include\cmsis\core_cm4.h **** 
 351:C:\Users\bahri\GitHub\VirtualKeypad\Eclipse_USBProject_WS\Project_USB_CrossCompile\system\include\cmsis\core_cm4.h **** #define xPSR_V_Pos                         28U                                            /*!< xPSR
 352:C:\Users\bahri\GitHub\VirtualKeypad\Eclipse_USBProject_WS\Project_USB_CrossCompile\system\include\cmsis\core_cm4.h **** #define xPSR_V_Msk                         (1UL << xPSR_V_Pos)                            /*!< xPSR
 353:C:\Users\bahri\GitHub\VirtualKeypad\Eclipse_USBProject_WS\Project_USB_CrossCompile\system\include\cmsis\core_cm4.h **** 
 354:C:\Users\bahri\GitHub\VirtualKeypad\Eclipse_USBProject_WS\Project_USB_CrossCompile\system\include\cmsis\core_cm4.h **** #define xPSR_Q_Pos                         27U                                            /*!< xPSR
 355:C:\Users\bahri\GitHub\VirtualKeypad\Eclipse_USBProject_WS\Project_USB_CrossCompile\system\include\cmsis\core_cm4.h **** #define xPSR_Q_Msk                         (1UL << xPSR_Q_Pos)                            /*!< xPSR
 356:C:\Users\bahri\GitHub\VirtualKeypad\Eclipse_USBProject_WS\Project_USB_CrossCompile\system\include\cmsis\core_cm4.h **** 
 357:C:\Users\bahri\GitHub\VirtualKeypad\Eclipse_USBProject_WS\Project_USB_CrossCompile\system\include\cmsis\core_cm4.h **** #define xPSR_ICI_IT_2_Pos                  25U                                            /*!< xPSR
 358:C:\Users\bahri\GitHub\VirtualKeypad\Eclipse_USBProject_WS\Project_USB_CrossCompile\system\include\cmsis\core_cm4.h **** #define xPSR_ICI_IT_2_Msk                  (3UL << xPSR_ICI_IT_2_Pos)                     /*!< xPSR
 359:C:\Users\bahri\GitHub\VirtualKeypad\Eclipse_USBProject_WS\Project_USB_CrossCompile\system\include\cmsis\core_cm4.h **** 
 360:C:\Users\bahri\GitHub\VirtualKeypad\Eclipse_USBProject_WS\Project_USB_CrossCompile\system\include\cmsis\core_cm4.h **** #define xPSR_T_Pos                         24U                                            /*!< xPSR
 361:C:\Users\bahri\GitHub\VirtualKeypad\Eclipse_USBProject_WS\Project_USB_CrossCompile\system\include\cmsis\core_cm4.h **** #define xPSR_T_Msk                         (1UL << xPSR_T_Pos)                            /*!< xPSR
 362:C:\Users\bahri\GitHub\VirtualKeypad\Eclipse_USBProject_WS\Project_USB_CrossCompile\system\include\cmsis\core_cm4.h **** 
 363:C:\Users\bahri\GitHub\VirtualKeypad\Eclipse_USBProject_WS\Project_USB_CrossCompile\system\include\cmsis\core_cm4.h **** #define xPSR_GE_Pos                        16U                                            /*!< xPSR
 364:C:\Users\bahri\GitHub\VirtualKeypad\Eclipse_USBProject_WS\Project_USB_CrossCompile\system\include\cmsis\core_cm4.h **** #define xPSR_GE_Msk                        (0xFUL << xPSR_GE_Pos)                         /*!< xPSR
 365:C:\Users\bahri\GitHub\VirtualKeypad\Eclipse_USBProject_WS\Project_USB_CrossCompile\system\include\cmsis\core_cm4.h **** 
 366:C:\Users\bahri\GitHub\VirtualKeypad\Eclipse_USBProject_WS\Project_USB_CrossCompile\system\include\cmsis\core_cm4.h **** #define xPSR_ICI_IT_1_Pos                  10U                                            /*!< xPSR
 367:C:\Users\bahri\GitHub\VirtualKeypad\Eclipse_USBProject_WS\Project_USB_CrossCompile\system\include\cmsis\core_cm4.h **** #define xPSR_ICI_IT_1_Msk                  (0x3FUL << xPSR_ICI_IT_1_Pos)                  /*!< xPSR
 368:C:\Users\bahri\GitHub\VirtualKeypad\Eclipse_USBProject_WS\Project_USB_CrossCompile\system\include\cmsis\core_cm4.h **** 
 369:C:\Users\bahri\GitHub\VirtualKeypad\Eclipse_USBProject_WS\Project_USB_CrossCompile\system\include\cmsis\core_cm4.h **** #define xPSR_ISR_Pos                        0U                                            /*!< xPSR
 370:C:\Users\bahri\GitHub\VirtualKeypad\Eclipse_USBProject_WS\Project_USB_CrossCompile\system\include\cmsis\core_cm4.h **** #define xPSR_ISR_Msk                       (0x1FFUL /*<< xPSR_ISR_Pos*/)                  /*!< xPSR
 371:C:\Users\bahri\GitHub\VirtualKeypad\Eclipse_USBProject_WS\Project_USB_CrossCompile\system\include\cmsis\core_cm4.h **** 
 372:C:\Users\bahri\GitHub\VirtualKeypad\Eclipse_USBProject_WS\Project_USB_CrossCompile\system\include\cmsis\core_cm4.h **** 
 373:C:\Users\bahri\GitHub\VirtualKeypad\Eclipse_USBProject_WS\Project_USB_CrossCompile\system\include\cmsis\core_cm4.h **** /**
 374:C:\Users\bahri\GitHub\VirtualKeypad\Eclipse_USBProject_WS\Project_USB_CrossCompile\system\include\cmsis\core_cm4.h ****   \brief  Union type to access the Control Registers (CONTROL).
 375:C:\Users\bahri\GitHub\VirtualKeypad\Eclipse_USBProject_WS\Project_USB_CrossCompile\system\include\cmsis\core_cm4.h ****  */
 376:C:\Users\bahri\GitHub\VirtualKeypad\Eclipse_USBProject_WS\Project_USB_CrossCompile\system\include\cmsis\core_cm4.h **** typedef union
 377:C:\Users\bahri\GitHub\VirtualKeypad\Eclipse_USBProject_WS\Project_USB_CrossCompile\system\include\cmsis\core_cm4.h **** {
 378:C:\Users\bahri\GitHub\VirtualKeypad\Eclipse_USBProject_WS\Project_USB_CrossCompile\system\include\cmsis\core_cm4.h ****   struct
 379:C:\Users\bahri\GitHub\VirtualKeypad\Eclipse_USBProject_WS\Project_USB_CrossCompile\system\include\cmsis\core_cm4.h ****   {
 380:C:\Users\bahri\GitHub\VirtualKeypad\Eclipse_USBProject_WS\Project_USB_CrossCompile\system\include\cmsis\core_cm4.h ****     uint32_t nPRIV:1;                    /*!< bit:      0  Execution privilege in Thread mode */
 381:C:\Users\bahri\GitHub\VirtualKeypad\Eclipse_USBProject_WS\Project_USB_CrossCompile\system\include\cmsis\core_cm4.h ****     uint32_t SPSEL:1;                    /*!< bit:      1  Stack to be used */
 382:C:\Users\bahri\GitHub\VirtualKeypad\Eclipse_USBProject_WS\Project_USB_CrossCompile\system\include\cmsis\core_cm4.h ****     uint32_t FPCA:1;                     /*!< bit:      2  FP extension active flag */
 383:C:\Users\bahri\GitHub\VirtualKeypad\Eclipse_USBProject_WS\Project_USB_CrossCompile\system\include\cmsis\core_cm4.h ****     uint32_t _reserved0:29;              /*!< bit:  3..31  Reserved */
 384:C:\Users\bahri\GitHub\VirtualKeypad\Eclipse_USBProject_WS\Project_USB_CrossCompile\system\include\cmsis\core_cm4.h ****   } b;                                   /*!< Structure used for bit  access */
 385:C:\Users\bahri\GitHub\VirtualKeypad\Eclipse_USBProject_WS\Project_USB_CrossCompile\system\include\cmsis\core_cm4.h ****   uint32_t w;                            /*!< Type      used for word access */
 386:C:\Users\bahri\GitHub\VirtualKeypad\Eclipse_USBProject_WS\Project_USB_CrossCompile\system\include\cmsis\core_cm4.h **** } CONTROL_Type;
 387:C:\Users\bahri\GitHub\VirtualKeypad\Eclipse_USBProject_WS\Project_USB_CrossCompile\system\include\cmsis\core_cm4.h **** 
 388:C:\Users\bahri\GitHub\VirtualKeypad\Eclipse_USBProject_WS\Project_USB_CrossCompile\system\include\cmsis\core_cm4.h **** /* CONTROL Register Definitions */
 389:C:\Users\bahri\GitHub\VirtualKeypad\Eclipse_USBProject_WS\Project_USB_CrossCompile\system\include\cmsis\core_cm4.h **** #define CONTROL_FPCA_Pos                    2U                                            /*!< CONT
 390:C:\Users\bahri\GitHub\VirtualKeypad\Eclipse_USBProject_WS\Project_USB_CrossCompile\system\include\cmsis\core_cm4.h **** #define CONTROL_FPCA_Msk                   (1UL << CONTROL_FPCA_Pos)                      /*!< CONT
 391:C:\Users\bahri\GitHub\VirtualKeypad\Eclipse_USBProject_WS\Project_USB_CrossCompile\system\include\cmsis\core_cm4.h **** 
 392:C:\Users\bahri\GitHub\VirtualKeypad\Eclipse_USBProject_WS\Project_USB_CrossCompile\system\include\cmsis\core_cm4.h **** #define CONTROL_SPSEL_Pos                   1U                                            /*!< CONT
 393:C:\Users\bahri\GitHub\VirtualKeypad\Eclipse_USBProject_WS\Project_USB_CrossCompile\system\include\cmsis\core_cm4.h **** #define CONTROL_SPSEL_Msk                  (1UL << CONTROL_SPSEL_Pos)                     /*!< CONT
 394:C:\Users\bahri\GitHub\VirtualKeypad\Eclipse_USBProject_WS\Project_USB_CrossCompile\system\include\cmsis\core_cm4.h **** 
 395:C:\Users\bahri\GitHub\VirtualKeypad\Eclipse_USBProject_WS\Project_USB_CrossCompile\system\include\cmsis\core_cm4.h **** #define CONTROL_nPRIV_Pos                   0U                                            /*!< CONT
 396:C:\Users\bahri\GitHub\VirtualKeypad\Eclipse_USBProject_WS\Project_USB_CrossCompile\system\include\cmsis\core_cm4.h **** #define CONTROL_nPRIV_Msk                  (1UL /*<< CONTROL_nPRIV_Pos*/)                 /*!< CONT
 397:C:\Users\bahri\GitHub\VirtualKeypad\Eclipse_USBProject_WS\Project_USB_CrossCompile\system\include\cmsis\core_cm4.h **** 
 398:C:\Users\bahri\GitHub\VirtualKeypad\Eclipse_USBProject_WS\Project_USB_CrossCompile\system\include\cmsis\core_cm4.h **** /*@} end of group CMSIS_CORE */
 399:C:\Users\bahri\GitHub\VirtualKeypad\Eclipse_USBProject_WS\Project_USB_CrossCompile\system\include\cmsis\core_cm4.h **** 
 400:C:\Users\bahri\GitHub\VirtualKeypad\Eclipse_USBProject_WS\Project_USB_CrossCompile\system\include\cmsis\core_cm4.h **** 
 401:C:\Users\bahri\GitHub\VirtualKeypad\Eclipse_USBProject_WS\Project_USB_CrossCompile\system\include\cmsis\core_cm4.h **** /**
 402:C:\Users\bahri\GitHub\VirtualKeypad\Eclipse_USBProject_WS\Project_USB_CrossCompile\system\include\cmsis\core_cm4.h ****   \ingroup    CMSIS_core_register
 403:C:\Users\bahri\GitHub\VirtualKeypad\Eclipse_USBProject_WS\Project_USB_CrossCompile\system\include\cmsis\core_cm4.h ****   \defgroup   CMSIS_NVIC  Nested Vectored Interrupt Controller (NVIC)
 404:C:\Users\bahri\GitHub\VirtualKeypad\Eclipse_USBProject_WS\Project_USB_CrossCompile\system\include\cmsis\core_cm4.h ****   \brief      Type definitions for the NVIC Registers
 405:C:\Users\bahri\GitHub\VirtualKeypad\Eclipse_USBProject_WS\Project_USB_CrossCompile\system\include\cmsis\core_cm4.h ****   @{
 406:C:\Users\bahri\GitHub\VirtualKeypad\Eclipse_USBProject_WS\Project_USB_CrossCompile\system\include\cmsis\core_cm4.h ****  */
 407:C:\Users\bahri\GitHub\VirtualKeypad\Eclipse_USBProject_WS\Project_USB_CrossCompile\system\include\cmsis\core_cm4.h **** 
 408:C:\Users\bahri\GitHub\VirtualKeypad\Eclipse_USBProject_WS\Project_USB_CrossCompile\system\include\cmsis\core_cm4.h **** /**
 409:C:\Users\bahri\GitHub\VirtualKeypad\Eclipse_USBProject_WS\Project_USB_CrossCompile\system\include\cmsis\core_cm4.h ****   \brief  Structure type to access the Nested Vectored Interrupt Controller (NVIC).
 410:C:\Users\bahri\GitHub\VirtualKeypad\Eclipse_USBProject_WS\Project_USB_CrossCompile\system\include\cmsis\core_cm4.h ****  */
 411:C:\Users\bahri\GitHub\VirtualKeypad\Eclipse_USBProject_WS\Project_USB_CrossCompile\system\include\cmsis\core_cm4.h **** typedef struct
 412:C:\Users\bahri\GitHub\VirtualKeypad\Eclipse_USBProject_WS\Project_USB_CrossCompile\system\include\cmsis\core_cm4.h **** {
 413:C:\Users\bahri\GitHub\VirtualKeypad\Eclipse_USBProject_WS\Project_USB_CrossCompile\system\include\cmsis\core_cm4.h ****   __IOM uint32_t ISER[8U];               /*!< Offset: 0x000 (R/W)  Interrupt Set Enable Register */
 414:C:\Users\bahri\GitHub\VirtualKeypad\Eclipse_USBProject_WS\Project_USB_CrossCompile\system\include\cmsis\core_cm4.h ****         uint32_t RESERVED0[24U];
 415:C:\Users\bahri\GitHub\VirtualKeypad\Eclipse_USBProject_WS\Project_USB_CrossCompile\system\include\cmsis\core_cm4.h ****   __IOM uint32_t ICER[8U];               /*!< Offset: 0x080 (R/W)  Interrupt Clear Enable Register 
 416:C:\Users\bahri\GitHub\VirtualKeypad\Eclipse_USBProject_WS\Project_USB_CrossCompile\system\include\cmsis\core_cm4.h ****         uint32_t RESERVED1[24U];
 417:C:\Users\bahri\GitHub\VirtualKeypad\Eclipse_USBProject_WS\Project_USB_CrossCompile\system\include\cmsis\core_cm4.h ****   __IOM uint32_t ISPR[8U];               /*!< Offset: 0x100 (R/W)  Interrupt Set Pending Register *
 418:C:\Users\bahri\GitHub\VirtualKeypad\Eclipse_USBProject_WS\Project_USB_CrossCompile\system\include\cmsis\core_cm4.h ****         uint32_t RESERVED2[24U];
 419:C:\Users\bahri\GitHub\VirtualKeypad\Eclipse_USBProject_WS\Project_USB_CrossCompile\system\include\cmsis\core_cm4.h ****   __IOM uint32_t ICPR[8U];               /*!< Offset: 0x180 (R/W)  Interrupt Clear Pending Register
 420:C:\Users\bahri\GitHub\VirtualKeypad\Eclipse_USBProject_WS\Project_USB_CrossCompile\system\include\cmsis\core_cm4.h ****         uint32_t RESERVED3[24U];
 421:C:\Users\bahri\GitHub\VirtualKeypad\Eclipse_USBProject_WS\Project_USB_CrossCompile\system\include\cmsis\core_cm4.h ****   __IOM uint32_t IABR[8U];               /*!< Offset: 0x200 (R/W)  Interrupt Active bit Register */
 422:C:\Users\bahri\GitHub\VirtualKeypad\Eclipse_USBProject_WS\Project_USB_CrossCompile\system\include\cmsis\core_cm4.h ****         uint32_t RESERVED4[56U];
 423:C:\Users\bahri\GitHub\VirtualKeypad\Eclipse_USBProject_WS\Project_USB_CrossCompile\system\include\cmsis\core_cm4.h ****   __IOM uint8_t  IP[240U];               /*!< Offset: 0x300 (R/W)  Interrupt Priority Register (8Bi
 424:C:\Users\bahri\GitHub\VirtualKeypad\Eclipse_USBProject_WS\Project_USB_CrossCompile\system\include\cmsis\core_cm4.h ****         uint32_t RESERVED5[644U];
 425:C:\Users\bahri\GitHub\VirtualKeypad\Eclipse_USBProject_WS\Project_USB_CrossCompile\system\include\cmsis\core_cm4.h ****   __OM  uint32_t STIR;                   /*!< Offset: 0xE00 ( /W)  Software Trigger Interrupt Regis
 426:C:\Users\bahri\GitHub\VirtualKeypad\Eclipse_USBProject_WS\Project_USB_CrossCompile\system\include\cmsis\core_cm4.h **** }  NVIC_Type;
 427:C:\Users\bahri\GitHub\VirtualKeypad\Eclipse_USBProject_WS\Project_USB_CrossCompile\system\include\cmsis\core_cm4.h **** 
 428:C:\Users\bahri\GitHub\VirtualKeypad\Eclipse_USBProject_WS\Project_USB_CrossCompile\system\include\cmsis\core_cm4.h **** /* Software Triggered Interrupt Register Definitions */
 429:C:\Users\bahri\GitHub\VirtualKeypad\Eclipse_USBProject_WS\Project_USB_CrossCompile\system\include\cmsis\core_cm4.h **** #define NVIC_STIR_INTID_Pos                 0U                                         /*!< STIR: I
 430:C:\Users\bahri\GitHub\VirtualKeypad\Eclipse_USBProject_WS\Project_USB_CrossCompile\system\include\cmsis\core_cm4.h **** #define NVIC_STIR_INTID_Msk                (0x1FFUL /*<< NVIC_STIR_INTID_Pos*/)        /*!< STIR: I
 431:C:\Users\bahri\GitHub\VirtualKeypad\Eclipse_USBProject_WS\Project_USB_CrossCompile\system\include\cmsis\core_cm4.h **** 
 432:C:\Users\bahri\GitHub\VirtualKeypad\Eclipse_USBProject_WS\Project_USB_CrossCompile\system\include\cmsis\core_cm4.h **** /*@} end of group CMSIS_NVIC */
 433:C:\Users\bahri\GitHub\VirtualKeypad\Eclipse_USBProject_WS\Project_USB_CrossCompile\system\include\cmsis\core_cm4.h **** 
 434:C:\Users\bahri\GitHub\VirtualKeypad\Eclipse_USBProject_WS\Project_USB_CrossCompile\system\include\cmsis\core_cm4.h **** 
 435:C:\Users\bahri\GitHub\VirtualKeypad\Eclipse_USBProject_WS\Project_USB_CrossCompile\system\include\cmsis\core_cm4.h **** /**
 436:C:\Users\bahri\GitHub\VirtualKeypad\Eclipse_USBProject_WS\Project_USB_CrossCompile\system\include\cmsis\core_cm4.h ****   \ingroup  CMSIS_core_register
 437:C:\Users\bahri\GitHub\VirtualKeypad\Eclipse_USBProject_WS\Project_USB_CrossCompile\system\include\cmsis\core_cm4.h ****   \defgroup CMSIS_SCB     System Control Block (SCB)
 438:C:\Users\bahri\GitHub\VirtualKeypad\Eclipse_USBProject_WS\Project_USB_CrossCompile\system\include\cmsis\core_cm4.h ****   \brief    Type definitions for the System Control Block Registers
 439:C:\Users\bahri\GitHub\VirtualKeypad\Eclipse_USBProject_WS\Project_USB_CrossCompile\system\include\cmsis\core_cm4.h ****   @{
 440:C:\Users\bahri\GitHub\VirtualKeypad\Eclipse_USBProject_WS\Project_USB_CrossCompile\system\include\cmsis\core_cm4.h ****  */
 441:C:\Users\bahri\GitHub\VirtualKeypad\Eclipse_USBProject_WS\Project_USB_CrossCompile\system\include\cmsis\core_cm4.h **** 
 442:C:\Users\bahri\GitHub\VirtualKeypad\Eclipse_USBProject_WS\Project_USB_CrossCompile\system\include\cmsis\core_cm4.h **** /**
 443:C:\Users\bahri\GitHub\VirtualKeypad\Eclipse_USBProject_WS\Project_USB_CrossCompile\system\include\cmsis\core_cm4.h ****   \brief  Structure type to access the System Control Block (SCB).
 444:C:\Users\bahri\GitHub\VirtualKeypad\Eclipse_USBProject_WS\Project_USB_CrossCompile\system\include\cmsis\core_cm4.h ****  */
 445:C:\Users\bahri\GitHub\VirtualKeypad\Eclipse_USBProject_WS\Project_USB_CrossCompile\system\include\cmsis\core_cm4.h **** typedef struct
 446:C:\Users\bahri\GitHub\VirtualKeypad\Eclipse_USBProject_WS\Project_USB_CrossCompile\system\include\cmsis\core_cm4.h **** {
 447:C:\Users\bahri\GitHub\VirtualKeypad\Eclipse_USBProject_WS\Project_USB_CrossCompile\system\include\cmsis\core_cm4.h ****   __IM  uint32_t CPUID;                  /*!< Offset: 0x000 (R/ )  CPUID Base Register */
 448:C:\Users\bahri\GitHub\VirtualKeypad\Eclipse_USBProject_WS\Project_USB_CrossCompile\system\include\cmsis\core_cm4.h ****   __IOM uint32_t ICSR;                   /*!< Offset: 0x004 (R/W)  Interrupt Control and State Regi
 449:C:\Users\bahri\GitHub\VirtualKeypad\Eclipse_USBProject_WS\Project_USB_CrossCompile\system\include\cmsis\core_cm4.h ****   __IOM uint32_t VTOR;                   /*!< Offset: 0x008 (R/W)  Vector Table Offset Register */
 450:C:\Users\bahri\GitHub\VirtualKeypad\Eclipse_USBProject_WS\Project_USB_CrossCompile\system\include\cmsis\core_cm4.h ****   __IOM uint32_t AIRCR;                  /*!< Offset: 0x00C (R/W)  Application Interrupt and Reset 
 451:C:\Users\bahri\GitHub\VirtualKeypad\Eclipse_USBProject_WS\Project_USB_CrossCompile\system\include\cmsis\core_cm4.h ****   __IOM uint32_t SCR;                    /*!< Offset: 0x010 (R/W)  System Control Register */
 452:C:\Users\bahri\GitHub\VirtualKeypad\Eclipse_USBProject_WS\Project_USB_CrossCompile\system\include\cmsis\core_cm4.h ****   __IOM uint32_t CCR;                    /*!< Offset: 0x014 (R/W)  Configuration Control Register *
 453:C:\Users\bahri\GitHub\VirtualKeypad\Eclipse_USBProject_WS\Project_USB_CrossCompile\system\include\cmsis\core_cm4.h ****   __IOM uint8_t  SHP[12U];               /*!< Offset: 0x018 (R/W)  System Handlers Priority Registe
 454:C:\Users\bahri\GitHub\VirtualKeypad\Eclipse_USBProject_WS\Project_USB_CrossCompile\system\include\cmsis\core_cm4.h ****   __IOM uint32_t SHCSR;                  /*!< Offset: 0x024 (R/W)  System Handler Control and State
 455:C:\Users\bahri\GitHub\VirtualKeypad\Eclipse_USBProject_WS\Project_USB_CrossCompile\system\include\cmsis\core_cm4.h ****   __IOM uint32_t CFSR;                   /*!< Offset: 0x028 (R/W)  Configurable Fault Status Regist
 456:C:\Users\bahri\GitHub\VirtualKeypad\Eclipse_USBProject_WS\Project_USB_CrossCompile\system\include\cmsis\core_cm4.h ****   __IOM uint32_t HFSR;                   /*!< Offset: 0x02C (R/W)  HardFault Status Register */
 457:C:\Users\bahri\GitHub\VirtualKeypad\Eclipse_USBProject_WS\Project_USB_CrossCompile\system\include\cmsis\core_cm4.h ****   __IOM uint32_t DFSR;                   /*!< Offset: 0x030 (R/W)  Debug Fault Status Register */
 458:C:\Users\bahri\GitHub\VirtualKeypad\Eclipse_USBProject_WS\Project_USB_CrossCompile\system\include\cmsis\core_cm4.h ****   __IOM uint32_t MMFAR;                  /*!< Offset: 0x034 (R/W)  MemManage Fault Address Register
 459:C:\Users\bahri\GitHub\VirtualKeypad\Eclipse_USBProject_WS\Project_USB_CrossCompile\system\include\cmsis\core_cm4.h ****   __IOM uint32_t BFAR;                   /*!< Offset: 0x038 (R/W)  BusFault Address Register */
 460:C:\Users\bahri\GitHub\VirtualKeypad\Eclipse_USBProject_WS\Project_USB_CrossCompile\system\include\cmsis\core_cm4.h ****   __IOM uint32_t AFSR;                   /*!< Offset: 0x03C (R/W)  Auxiliary Fault Status Register 
 461:C:\Users\bahri\GitHub\VirtualKeypad\Eclipse_USBProject_WS\Project_USB_CrossCompile\system\include\cmsis\core_cm4.h ****   __IM  uint32_t PFR[2U];                /*!< Offset: 0x040 (R/ )  Processor Feature Register */
 462:C:\Users\bahri\GitHub\VirtualKeypad\Eclipse_USBProject_WS\Project_USB_CrossCompile\system\include\cmsis\core_cm4.h ****   __IM  uint32_t DFR;                    /*!< Offset: 0x048 (R/ )  Debug Feature Register */
 463:C:\Users\bahri\GitHub\VirtualKeypad\Eclipse_USBProject_WS\Project_USB_CrossCompile\system\include\cmsis\core_cm4.h ****   __IM  uint32_t ADR;                    /*!< Offset: 0x04C (R/ )  Auxiliary Feature Register */
 464:C:\Users\bahri\GitHub\VirtualKeypad\Eclipse_USBProject_WS\Project_USB_CrossCompile\system\include\cmsis\core_cm4.h ****   __IM  uint32_t MMFR[4U];               /*!< Offset: 0x050 (R/ )  Memory Model Feature Register */
 465:C:\Users\bahri\GitHub\VirtualKeypad\Eclipse_USBProject_WS\Project_USB_CrossCompile\system\include\cmsis\core_cm4.h ****   __IM  uint32_t ISAR[5U];               /*!< Offset: 0x060 (R/ )  Instruction Set Attributes Regis
 466:C:\Users\bahri\GitHub\VirtualKeypad\Eclipse_USBProject_WS\Project_USB_CrossCompile\system\include\cmsis\core_cm4.h ****         uint32_t RESERVED0[5U];
 467:C:\Users\bahri\GitHub\VirtualKeypad\Eclipse_USBProject_WS\Project_USB_CrossCompile\system\include\cmsis\core_cm4.h ****   __IOM uint32_t CPACR;                  /*!< Offset: 0x088 (R/W)  Coprocessor Access Control Regis
 468:C:\Users\bahri\GitHub\VirtualKeypad\Eclipse_USBProject_WS\Project_USB_CrossCompile\system\include\cmsis\core_cm4.h **** } SCB_Type;
 469:C:\Users\bahri\GitHub\VirtualKeypad\Eclipse_USBProject_WS\Project_USB_CrossCompile\system\include\cmsis\core_cm4.h **** 
 470:C:\Users\bahri\GitHub\VirtualKeypad\Eclipse_USBProject_WS\Project_USB_CrossCompile\system\include\cmsis\core_cm4.h **** /* SCB CPUID Register Definitions */
 471:C:\Users\bahri\GitHub\VirtualKeypad\Eclipse_USBProject_WS\Project_USB_CrossCompile\system\include\cmsis\core_cm4.h **** #define SCB_CPUID_IMPLEMENTER_Pos          24U                                            /*!< SCB 
 472:C:\Users\bahri\GitHub\VirtualKeypad\Eclipse_USBProject_WS\Project_USB_CrossCompile\system\include\cmsis\core_cm4.h **** #define SCB_CPUID_IMPLEMENTER_Msk          (0xFFUL << SCB_CPUID_IMPLEMENTER_Pos)          /*!< SCB 
 473:C:\Users\bahri\GitHub\VirtualKeypad\Eclipse_USBProject_WS\Project_USB_CrossCompile\system\include\cmsis\core_cm4.h **** 
 474:C:\Users\bahri\GitHub\VirtualKeypad\Eclipse_USBProject_WS\Project_USB_CrossCompile\system\include\cmsis\core_cm4.h **** #define SCB_CPUID_VARIANT_Pos              20U                                            /*!< SCB 
 475:C:\Users\bahri\GitHub\VirtualKeypad\Eclipse_USBProject_WS\Project_USB_CrossCompile\system\include\cmsis\core_cm4.h **** #define SCB_CPUID_VARIANT_Msk              (0xFUL << SCB_CPUID_VARIANT_Pos)               /*!< SCB 
 476:C:\Users\bahri\GitHub\VirtualKeypad\Eclipse_USBProject_WS\Project_USB_CrossCompile\system\include\cmsis\core_cm4.h **** 
 477:C:\Users\bahri\GitHub\VirtualKeypad\Eclipse_USBProject_WS\Project_USB_CrossCompile\system\include\cmsis\core_cm4.h **** #define SCB_CPUID_ARCHITECTURE_Pos         16U                                            /*!< SCB 
 478:C:\Users\bahri\GitHub\VirtualKeypad\Eclipse_USBProject_WS\Project_USB_CrossCompile\system\include\cmsis\core_cm4.h **** #define SCB_CPUID_ARCHITECTURE_Msk         (0xFUL << SCB_CPUID_ARCHITECTURE_Pos)          /*!< SCB 
 479:C:\Users\bahri\GitHub\VirtualKeypad\Eclipse_USBProject_WS\Project_USB_CrossCompile\system\include\cmsis\core_cm4.h **** 
 480:C:\Users\bahri\GitHub\VirtualKeypad\Eclipse_USBProject_WS\Project_USB_CrossCompile\system\include\cmsis\core_cm4.h **** #define SCB_CPUID_PARTNO_Pos                4U                                            /*!< SCB 
 481:C:\Users\bahri\GitHub\VirtualKeypad\Eclipse_USBProject_WS\Project_USB_CrossCompile\system\include\cmsis\core_cm4.h **** #define SCB_CPUID_PARTNO_Msk               (0xFFFUL << SCB_CPUID_PARTNO_Pos)              /*!< SCB 
 482:C:\Users\bahri\GitHub\VirtualKeypad\Eclipse_USBProject_WS\Project_USB_CrossCompile\system\include\cmsis\core_cm4.h **** 
 483:C:\Users\bahri\GitHub\VirtualKeypad\Eclipse_USBProject_WS\Project_USB_CrossCompile\system\include\cmsis\core_cm4.h **** #define SCB_CPUID_REVISION_Pos              0U                                            /*!< SCB 
 484:C:\Users\bahri\GitHub\VirtualKeypad\Eclipse_USBProject_WS\Project_USB_CrossCompile\system\include\cmsis\core_cm4.h **** #define SCB_CPUID_REVISION_Msk             (0xFUL /*<< SCB_CPUID_REVISION_Pos*/)          /*!< SCB 
 485:C:\Users\bahri\GitHub\VirtualKeypad\Eclipse_USBProject_WS\Project_USB_CrossCompile\system\include\cmsis\core_cm4.h **** 
 486:C:\Users\bahri\GitHub\VirtualKeypad\Eclipse_USBProject_WS\Project_USB_CrossCompile\system\include\cmsis\core_cm4.h **** /* SCB Interrupt Control State Register Definitions */
 487:C:\Users\bahri\GitHub\VirtualKeypad\Eclipse_USBProject_WS\Project_USB_CrossCompile\system\include\cmsis\core_cm4.h **** #define SCB_ICSR_NMIPENDSET_Pos            31U                                            /*!< SCB 
 488:C:\Users\bahri\GitHub\VirtualKeypad\Eclipse_USBProject_WS\Project_USB_CrossCompile\system\include\cmsis\core_cm4.h **** #define SCB_ICSR_NMIPENDSET_Msk            (1UL << SCB_ICSR_NMIPENDSET_Pos)               /*!< SCB 
 489:C:\Users\bahri\GitHub\VirtualKeypad\Eclipse_USBProject_WS\Project_USB_CrossCompile\system\include\cmsis\core_cm4.h **** 
 490:C:\Users\bahri\GitHub\VirtualKeypad\Eclipse_USBProject_WS\Project_USB_CrossCompile\system\include\cmsis\core_cm4.h **** #define SCB_ICSR_PENDSVSET_Pos             28U                                            /*!< SCB 
 491:C:\Users\bahri\GitHub\VirtualKeypad\Eclipse_USBProject_WS\Project_USB_CrossCompile\system\include\cmsis\core_cm4.h **** #define SCB_ICSR_PENDSVSET_Msk             (1UL << SCB_ICSR_PENDSVSET_Pos)                /*!< SCB 
 492:C:\Users\bahri\GitHub\VirtualKeypad\Eclipse_USBProject_WS\Project_USB_CrossCompile\system\include\cmsis\core_cm4.h **** 
 493:C:\Users\bahri\GitHub\VirtualKeypad\Eclipse_USBProject_WS\Project_USB_CrossCompile\system\include\cmsis\core_cm4.h **** #define SCB_ICSR_PENDSVCLR_Pos             27U                                            /*!< SCB 
 494:C:\Users\bahri\GitHub\VirtualKeypad\Eclipse_USBProject_WS\Project_USB_CrossCompile\system\include\cmsis\core_cm4.h **** #define SCB_ICSR_PENDSVCLR_Msk             (1UL << SCB_ICSR_PENDSVCLR_Pos)                /*!< SCB 
 495:C:\Users\bahri\GitHub\VirtualKeypad\Eclipse_USBProject_WS\Project_USB_CrossCompile\system\include\cmsis\core_cm4.h **** 
 496:C:\Users\bahri\GitHub\VirtualKeypad\Eclipse_USBProject_WS\Project_USB_CrossCompile\system\include\cmsis\core_cm4.h **** #define SCB_ICSR_PENDSTSET_Pos             26U                                            /*!< SCB 
 497:C:\Users\bahri\GitHub\VirtualKeypad\Eclipse_USBProject_WS\Project_USB_CrossCompile\system\include\cmsis\core_cm4.h **** #define SCB_ICSR_PENDSTSET_Msk             (1UL << SCB_ICSR_PENDSTSET_Pos)                /*!< SCB 
 498:C:\Users\bahri\GitHub\VirtualKeypad\Eclipse_USBProject_WS\Project_USB_CrossCompile\system\include\cmsis\core_cm4.h **** 
 499:C:\Users\bahri\GitHub\VirtualKeypad\Eclipse_USBProject_WS\Project_USB_CrossCompile\system\include\cmsis\core_cm4.h **** #define SCB_ICSR_PENDSTCLR_Pos             25U                                            /*!< SCB 
 500:C:\Users\bahri\GitHub\VirtualKeypad\Eclipse_USBProject_WS\Project_USB_CrossCompile\system\include\cmsis\core_cm4.h **** #define SCB_ICSR_PENDSTCLR_Msk             (1UL << SCB_ICSR_PENDSTCLR_Pos)                /*!< SCB 
 501:C:\Users\bahri\GitHub\VirtualKeypad\Eclipse_USBProject_WS\Project_USB_CrossCompile\system\include\cmsis\core_cm4.h **** 
 502:C:\Users\bahri\GitHub\VirtualKeypad\Eclipse_USBProject_WS\Project_USB_CrossCompile\system\include\cmsis\core_cm4.h **** #define SCB_ICSR_ISRPREEMPT_Pos            23U                                            /*!< SCB 
 503:C:\Users\bahri\GitHub\VirtualKeypad\Eclipse_USBProject_WS\Project_USB_CrossCompile\system\include\cmsis\core_cm4.h **** #define SCB_ICSR_ISRPREEMPT_Msk            (1UL << SCB_ICSR_ISRPREEMPT_Pos)               /*!< SCB 
 504:C:\Users\bahri\GitHub\VirtualKeypad\Eclipse_USBProject_WS\Project_USB_CrossCompile\system\include\cmsis\core_cm4.h **** 
 505:C:\Users\bahri\GitHub\VirtualKeypad\Eclipse_USBProject_WS\Project_USB_CrossCompile\system\include\cmsis\core_cm4.h **** #define SCB_ICSR_ISRPENDING_Pos            22U                                            /*!< SCB 
 506:C:\Users\bahri\GitHub\VirtualKeypad\Eclipse_USBProject_WS\Project_USB_CrossCompile\system\include\cmsis\core_cm4.h **** #define SCB_ICSR_ISRPENDING_Msk            (1UL << SCB_ICSR_ISRPENDING_Pos)               /*!< SCB 
 507:C:\Users\bahri\GitHub\VirtualKeypad\Eclipse_USBProject_WS\Project_USB_CrossCompile\system\include\cmsis\core_cm4.h **** 
 508:C:\Users\bahri\GitHub\VirtualKeypad\Eclipse_USBProject_WS\Project_USB_CrossCompile\system\include\cmsis\core_cm4.h **** #define SCB_ICSR_VECTPENDING_Pos           12U                                            /*!< SCB 
 509:C:\Users\bahri\GitHub\VirtualKeypad\Eclipse_USBProject_WS\Project_USB_CrossCompile\system\include\cmsis\core_cm4.h **** #define SCB_ICSR_VECTPENDING_Msk           (0x1FFUL << SCB_ICSR_VECTPENDING_Pos)          /*!< SCB 
 510:C:\Users\bahri\GitHub\VirtualKeypad\Eclipse_USBProject_WS\Project_USB_CrossCompile\system\include\cmsis\core_cm4.h **** 
 511:C:\Users\bahri\GitHub\VirtualKeypad\Eclipse_USBProject_WS\Project_USB_CrossCompile\system\include\cmsis\core_cm4.h **** #define SCB_ICSR_RETTOBASE_Pos             11U                                            /*!< SCB 
 512:C:\Users\bahri\GitHub\VirtualKeypad\Eclipse_USBProject_WS\Project_USB_CrossCompile\system\include\cmsis\core_cm4.h **** #define SCB_ICSR_RETTOBASE_Msk             (1UL << SCB_ICSR_RETTOBASE_Pos)                /*!< SCB 
 513:C:\Users\bahri\GitHub\VirtualKeypad\Eclipse_USBProject_WS\Project_USB_CrossCompile\system\include\cmsis\core_cm4.h **** 
 514:C:\Users\bahri\GitHub\VirtualKeypad\Eclipse_USBProject_WS\Project_USB_CrossCompile\system\include\cmsis\core_cm4.h **** #define SCB_ICSR_VECTACTIVE_Pos             0U                                            /*!< SCB 
 515:C:\Users\bahri\GitHub\VirtualKeypad\Eclipse_USBProject_WS\Project_USB_CrossCompile\system\include\cmsis\core_cm4.h **** #define SCB_ICSR_VECTACTIVE_Msk            (0x1FFUL /*<< SCB_ICSR_VECTACTIVE_Pos*/)       /*!< SCB 
 516:C:\Users\bahri\GitHub\VirtualKeypad\Eclipse_USBProject_WS\Project_USB_CrossCompile\system\include\cmsis\core_cm4.h **** 
 517:C:\Users\bahri\GitHub\VirtualKeypad\Eclipse_USBProject_WS\Project_USB_CrossCompile\system\include\cmsis\core_cm4.h **** /* SCB Vector Table Offset Register Definitions */
 518:C:\Users\bahri\GitHub\VirtualKeypad\Eclipse_USBProject_WS\Project_USB_CrossCompile\system\include\cmsis\core_cm4.h **** #define SCB_VTOR_TBLOFF_Pos                 7U                                            /*!< SCB 
 519:C:\Users\bahri\GitHub\VirtualKeypad\Eclipse_USBProject_WS\Project_USB_CrossCompile\system\include\cmsis\core_cm4.h **** #define SCB_VTOR_TBLOFF_Msk                (0x1FFFFFFUL << SCB_VTOR_TBLOFF_Pos)           /*!< SCB 
 520:C:\Users\bahri\GitHub\VirtualKeypad\Eclipse_USBProject_WS\Project_USB_CrossCompile\system\include\cmsis\core_cm4.h **** 
 521:C:\Users\bahri\GitHub\VirtualKeypad\Eclipse_USBProject_WS\Project_USB_CrossCompile\system\include\cmsis\core_cm4.h **** /* SCB Application Interrupt and Reset Control Register Definitions */
 522:C:\Users\bahri\GitHub\VirtualKeypad\Eclipse_USBProject_WS\Project_USB_CrossCompile\system\include\cmsis\core_cm4.h **** #define SCB_AIRCR_VECTKEY_Pos              16U                                            /*!< SCB 
 523:C:\Users\bahri\GitHub\VirtualKeypad\Eclipse_USBProject_WS\Project_USB_CrossCompile\system\include\cmsis\core_cm4.h **** #define SCB_AIRCR_VECTKEY_Msk              (0xFFFFUL << SCB_AIRCR_VECTKEY_Pos)            /*!< SCB 
 524:C:\Users\bahri\GitHub\VirtualKeypad\Eclipse_USBProject_WS\Project_USB_CrossCompile\system\include\cmsis\core_cm4.h **** 
 525:C:\Users\bahri\GitHub\VirtualKeypad\Eclipse_USBProject_WS\Project_USB_CrossCompile\system\include\cmsis\core_cm4.h **** #define SCB_AIRCR_VECTKEYSTAT_Pos          16U                                            /*!< SCB 
 526:C:\Users\bahri\GitHub\VirtualKeypad\Eclipse_USBProject_WS\Project_USB_CrossCompile\system\include\cmsis\core_cm4.h **** #define SCB_AIRCR_VECTKEYSTAT_Msk          (0xFFFFUL << SCB_AIRCR_VECTKEYSTAT_Pos)        /*!< SCB 
 527:C:\Users\bahri\GitHub\VirtualKeypad\Eclipse_USBProject_WS\Project_USB_CrossCompile\system\include\cmsis\core_cm4.h **** 
 528:C:\Users\bahri\GitHub\VirtualKeypad\Eclipse_USBProject_WS\Project_USB_CrossCompile\system\include\cmsis\core_cm4.h **** #define SCB_AIRCR_ENDIANESS_Pos            15U                                            /*!< SCB 
 529:C:\Users\bahri\GitHub\VirtualKeypad\Eclipse_USBProject_WS\Project_USB_CrossCompile\system\include\cmsis\core_cm4.h **** #define SCB_AIRCR_ENDIANESS_Msk            (1UL << SCB_AIRCR_ENDIANESS_Pos)               /*!< SCB 
 530:C:\Users\bahri\GitHub\VirtualKeypad\Eclipse_USBProject_WS\Project_USB_CrossCompile\system\include\cmsis\core_cm4.h **** 
 531:C:\Users\bahri\GitHub\VirtualKeypad\Eclipse_USBProject_WS\Project_USB_CrossCompile\system\include\cmsis\core_cm4.h **** #define SCB_AIRCR_PRIGROUP_Pos              8U                                            /*!< SCB 
 532:C:\Users\bahri\GitHub\VirtualKeypad\Eclipse_USBProject_WS\Project_USB_CrossCompile\system\include\cmsis\core_cm4.h **** #define SCB_AIRCR_PRIGROUP_Msk             (7UL << SCB_AIRCR_PRIGROUP_Pos)                /*!< SCB 
 533:C:\Users\bahri\GitHub\VirtualKeypad\Eclipse_USBProject_WS\Project_USB_CrossCompile\system\include\cmsis\core_cm4.h **** 
 534:C:\Users\bahri\GitHub\VirtualKeypad\Eclipse_USBProject_WS\Project_USB_CrossCompile\system\include\cmsis\core_cm4.h **** #define SCB_AIRCR_SYSRESETREQ_Pos           2U                                            /*!< SCB 
 535:C:\Users\bahri\GitHub\VirtualKeypad\Eclipse_USBProject_WS\Project_USB_CrossCompile\system\include\cmsis\core_cm4.h **** #define SCB_AIRCR_SYSRESETREQ_Msk          (1UL << SCB_AIRCR_SYSRESETREQ_Pos)             /*!< SCB 
 536:C:\Users\bahri\GitHub\VirtualKeypad\Eclipse_USBProject_WS\Project_USB_CrossCompile\system\include\cmsis\core_cm4.h **** 
 537:C:\Users\bahri\GitHub\VirtualKeypad\Eclipse_USBProject_WS\Project_USB_CrossCompile\system\include\cmsis\core_cm4.h **** #define SCB_AIRCR_VECTCLRACTIVE_Pos         1U                                            /*!< SCB 
 538:C:\Users\bahri\GitHub\VirtualKeypad\Eclipse_USBProject_WS\Project_USB_CrossCompile\system\include\cmsis\core_cm4.h **** #define SCB_AIRCR_VECTCLRACTIVE_Msk        (1UL << SCB_AIRCR_VECTCLRACTIVE_Pos)           /*!< SCB 
 539:C:\Users\bahri\GitHub\VirtualKeypad\Eclipse_USBProject_WS\Project_USB_CrossCompile\system\include\cmsis\core_cm4.h **** 
 540:C:\Users\bahri\GitHub\VirtualKeypad\Eclipse_USBProject_WS\Project_USB_CrossCompile\system\include\cmsis\core_cm4.h **** #define SCB_AIRCR_VECTRESET_Pos             0U                                            /*!< SCB 
 541:C:\Users\bahri\GitHub\VirtualKeypad\Eclipse_USBProject_WS\Project_USB_CrossCompile\system\include\cmsis\core_cm4.h **** #define SCB_AIRCR_VECTRESET_Msk            (1UL /*<< SCB_AIRCR_VECTRESET_Pos*/)           /*!< SCB 
 542:C:\Users\bahri\GitHub\VirtualKeypad\Eclipse_USBProject_WS\Project_USB_CrossCompile\system\include\cmsis\core_cm4.h **** 
 543:C:\Users\bahri\GitHub\VirtualKeypad\Eclipse_USBProject_WS\Project_USB_CrossCompile\system\include\cmsis\core_cm4.h **** /* SCB System Control Register Definitions */
 544:C:\Users\bahri\GitHub\VirtualKeypad\Eclipse_USBProject_WS\Project_USB_CrossCompile\system\include\cmsis\core_cm4.h **** #define SCB_SCR_SEVONPEND_Pos               4U                                            /*!< SCB 
 545:C:\Users\bahri\GitHub\VirtualKeypad\Eclipse_USBProject_WS\Project_USB_CrossCompile\system\include\cmsis\core_cm4.h **** #define SCB_SCR_SEVONPEND_Msk              (1UL << SCB_SCR_SEVONPEND_Pos)                 /*!< SCB 
 546:C:\Users\bahri\GitHub\VirtualKeypad\Eclipse_USBProject_WS\Project_USB_CrossCompile\system\include\cmsis\core_cm4.h **** 
 547:C:\Users\bahri\GitHub\VirtualKeypad\Eclipse_USBProject_WS\Project_USB_CrossCompile\system\include\cmsis\core_cm4.h **** #define SCB_SCR_SLEEPDEEP_Pos               2U                                            /*!< SCB 
 548:C:\Users\bahri\GitHub\VirtualKeypad\Eclipse_USBProject_WS\Project_USB_CrossCompile\system\include\cmsis\core_cm4.h **** #define SCB_SCR_SLEEPDEEP_Msk              (1UL << SCB_SCR_SLEEPDEEP_Pos)                 /*!< SCB 
 549:C:\Users\bahri\GitHub\VirtualKeypad\Eclipse_USBProject_WS\Project_USB_CrossCompile\system\include\cmsis\core_cm4.h **** 
 550:C:\Users\bahri\GitHub\VirtualKeypad\Eclipse_USBProject_WS\Project_USB_CrossCompile\system\include\cmsis\core_cm4.h **** #define SCB_SCR_SLEEPONEXIT_Pos             1U                                            /*!< SCB 
 551:C:\Users\bahri\GitHub\VirtualKeypad\Eclipse_USBProject_WS\Project_USB_CrossCompile\system\include\cmsis\core_cm4.h **** #define SCB_SCR_SLEEPONEXIT_Msk            (1UL << SCB_SCR_SLEEPONEXIT_Pos)               /*!< SCB 
 552:C:\Users\bahri\GitHub\VirtualKeypad\Eclipse_USBProject_WS\Project_USB_CrossCompile\system\include\cmsis\core_cm4.h **** 
 553:C:\Users\bahri\GitHub\VirtualKeypad\Eclipse_USBProject_WS\Project_USB_CrossCompile\system\include\cmsis\core_cm4.h **** /* SCB Configuration Control Register Definitions */
 554:C:\Users\bahri\GitHub\VirtualKeypad\Eclipse_USBProject_WS\Project_USB_CrossCompile\system\include\cmsis\core_cm4.h **** #define SCB_CCR_STKALIGN_Pos                9U                                            /*!< SCB 
 555:C:\Users\bahri\GitHub\VirtualKeypad\Eclipse_USBProject_WS\Project_USB_CrossCompile\system\include\cmsis\core_cm4.h **** #define SCB_CCR_STKALIGN_Msk               (1UL << SCB_CCR_STKALIGN_Pos)                  /*!< SCB 
 556:C:\Users\bahri\GitHub\VirtualKeypad\Eclipse_USBProject_WS\Project_USB_CrossCompile\system\include\cmsis\core_cm4.h **** 
 557:C:\Users\bahri\GitHub\VirtualKeypad\Eclipse_USBProject_WS\Project_USB_CrossCompile\system\include\cmsis\core_cm4.h **** #define SCB_CCR_BFHFNMIGN_Pos               8U                                            /*!< SCB 
 558:C:\Users\bahri\GitHub\VirtualKeypad\Eclipse_USBProject_WS\Project_USB_CrossCompile\system\include\cmsis\core_cm4.h **** #define SCB_CCR_BFHFNMIGN_Msk              (1UL << SCB_CCR_BFHFNMIGN_Pos)                 /*!< SCB 
 559:C:\Users\bahri\GitHub\VirtualKeypad\Eclipse_USBProject_WS\Project_USB_CrossCompile\system\include\cmsis\core_cm4.h **** 
 560:C:\Users\bahri\GitHub\VirtualKeypad\Eclipse_USBProject_WS\Project_USB_CrossCompile\system\include\cmsis\core_cm4.h **** #define SCB_CCR_DIV_0_TRP_Pos               4U                                            /*!< SCB 
 561:C:\Users\bahri\GitHub\VirtualKeypad\Eclipse_USBProject_WS\Project_USB_CrossCompile\system\include\cmsis\core_cm4.h **** #define SCB_CCR_DIV_0_TRP_Msk              (1UL << SCB_CCR_DIV_0_TRP_Pos)                 /*!< SCB 
 562:C:\Users\bahri\GitHub\VirtualKeypad\Eclipse_USBProject_WS\Project_USB_CrossCompile\system\include\cmsis\core_cm4.h **** 
 563:C:\Users\bahri\GitHub\VirtualKeypad\Eclipse_USBProject_WS\Project_USB_CrossCompile\system\include\cmsis\core_cm4.h **** #define SCB_CCR_UNALIGN_TRP_Pos             3U                                            /*!< SCB 
 564:C:\Users\bahri\GitHub\VirtualKeypad\Eclipse_USBProject_WS\Project_USB_CrossCompile\system\include\cmsis\core_cm4.h **** #define SCB_CCR_UNALIGN_TRP_Msk            (1UL << SCB_CCR_UNALIGN_TRP_Pos)               /*!< SCB 
 565:C:\Users\bahri\GitHub\VirtualKeypad\Eclipse_USBProject_WS\Project_USB_CrossCompile\system\include\cmsis\core_cm4.h **** 
 566:C:\Users\bahri\GitHub\VirtualKeypad\Eclipse_USBProject_WS\Project_USB_CrossCompile\system\include\cmsis\core_cm4.h **** #define SCB_CCR_USERSETMPEND_Pos            1U                                            /*!< SCB 
 567:C:\Users\bahri\GitHub\VirtualKeypad\Eclipse_USBProject_WS\Project_USB_CrossCompile\system\include\cmsis\core_cm4.h **** #define SCB_CCR_USERSETMPEND_Msk           (1UL << SCB_CCR_USERSETMPEND_Pos)              /*!< SCB 
 568:C:\Users\bahri\GitHub\VirtualKeypad\Eclipse_USBProject_WS\Project_USB_CrossCompile\system\include\cmsis\core_cm4.h **** 
 569:C:\Users\bahri\GitHub\VirtualKeypad\Eclipse_USBProject_WS\Project_USB_CrossCompile\system\include\cmsis\core_cm4.h **** #define SCB_CCR_NONBASETHRDENA_Pos          0U                                            /*!< SCB 
 570:C:\Users\bahri\GitHub\VirtualKeypad\Eclipse_USBProject_WS\Project_USB_CrossCompile\system\include\cmsis\core_cm4.h **** #define SCB_CCR_NONBASETHRDENA_Msk         (1UL /*<< SCB_CCR_NONBASETHRDENA_Pos*/)        /*!< SCB 
 571:C:\Users\bahri\GitHub\VirtualKeypad\Eclipse_USBProject_WS\Project_USB_CrossCompile\system\include\cmsis\core_cm4.h **** 
 572:C:\Users\bahri\GitHub\VirtualKeypad\Eclipse_USBProject_WS\Project_USB_CrossCompile\system\include\cmsis\core_cm4.h **** /* SCB System Handler Control and State Register Definitions */
 573:C:\Users\bahri\GitHub\VirtualKeypad\Eclipse_USBProject_WS\Project_USB_CrossCompile\system\include\cmsis\core_cm4.h **** #define SCB_SHCSR_USGFAULTENA_Pos          18U                                            /*!< SCB 
 574:C:\Users\bahri\GitHub\VirtualKeypad\Eclipse_USBProject_WS\Project_USB_CrossCompile\system\include\cmsis\core_cm4.h **** #define SCB_SHCSR_USGFAULTENA_Msk          (1UL << SCB_SHCSR_USGFAULTENA_Pos)             /*!< SCB 
 575:C:\Users\bahri\GitHub\VirtualKeypad\Eclipse_USBProject_WS\Project_USB_CrossCompile\system\include\cmsis\core_cm4.h **** 
 576:C:\Users\bahri\GitHub\VirtualKeypad\Eclipse_USBProject_WS\Project_USB_CrossCompile\system\include\cmsis\core_cm4.h **** #define SCB_SHCSR_BUSFAULTENA_Pos          17U                                            /*!< SCB 
 577:C:\Users\bahri\GitHub\VirtualKeypad\Eclipse_USBProject_WS\Project_USB_CrossCompile\system\include\cmsis\core_cm4.h **** #define SCB_SHCSR_BUSFAULTENA_Msk          (1UL << SCB_SHCSR_BUSFAULTENA_Pos)             /*!< SCB 
 578:C:\Users\bahri\GitHub\VirtualKeypad\Eclipse_USBProject_WS\Project_USB_CrossCompile\system\include\cmsis\core_cm4.h **** 
 579:C:\Users\bahri\GitHub\VirtualKeypad\Eclipse_USBProject_WS\Project_USB_CrossCompile\system\include\cmsis\core_cm4.h **** #define SCB_SHCSR_MEMFAULTENA_Pos          16U                                            /*!< SCB 
 580:C:\Users\bahri\GitHub\VirtualKeypad\Eclipse_USBProject_WS\Project_USB_CrossCompile\system\include\cmsis\core_cm4.h **** #define SCB_SHCSR_MEMFAULTENA_Msk          (1UL << SCB_SHCSR_MEMFAULTENA_Pos)             /*!< SCB 
 581:C:\Users\bahri\GitHub\VirtualKeypad\Eclipse_USBProject_WS\Project_USB_CrossCompile\system\include\cmsis\core_cm4.h **** 
 582:C:\Users\bahri\GitHub\VirtualKeypad\Eclipse_USBProject_WS\Project_USB_CrossCompile\system\include\cmsis\core_cm4.h **** #define SCB_SHCSR_SVCALLPENDED_Pos         15U                                            /*!< SCB 
 583:C:\Users\bahri\GitHub\VirtualKeypad\Eclipse_USBProject_WS\Project_USB_CrossCompile\system\include\cmsis\core_cm4.h **** #define SCB_SHCSR_SVCALLPENDED_Msk         (1UL << SCB_SHCSR_SVCALLPENDED_Pos)            /*!< SCB 
 584:C:\Users\bahri\GitHub\VirtualKeypad\Eclipse_USBProject_WS\Project_USB_CrossCompile\system\include\cmsis\core_cm4.h **** 
 585:C:\Users\bahri\GitHub\VirtualKeypad\Eclipse_USBProject_WS\Project_USB_CrossCompile\system\include\cmsis\core_cm4.h **** #define SCB_SHCSR_BUSFAULTPENDED_Pos       14U                                            /*!< SCB 
 586:C:\Users\bahri\GitHub\VirtualKeypad\Eclipse_USBProject_WS\Project_USB_CrossCompile\system\include\cmsis\core_cm4.h **** #define SCB_SHCSR_BUSFAULTPENDED_Msk       (1UL << SCB_SHCSR_BUSFAULTPENDED_Pos)          /*!< SCB 
 587:C:\Users\bahri\GitHub\VirtualKeypad\Eclipse_USBProject_WS\Project_USB_CrossCompile\system\include\cmsis\core_cm4.h **** 
 588:C:\Users\bahri\GitHub\VirtualKeypad\Eclipse_USBProject_WS\Project_USB_CrossCompile\system\include\cmsis\core_cm4.h **** #define SCB_SHCSR_MEMFAULTPENDED_Pos       13U                                            /*!< SCB 
 589:C:\Users\bahri\GitHub\VirtualKeypad\Eclipse_USBProject_WS\Project_USB_CrossCompile\system\include\cmsis\core_cm4.h **** #define SCB_SHCSR_MEMFAULTPENDED_Msk       (1UL << SCB_SHCSR_MEMFAULTPENDED_Pos)          /*!< SCB 
 590:C:\Users\bahri\GitHub\VirtualKeypad\Eclipse_USBProject_WS\Project_USB_CrossCompile\system\include\cmsis\core_cm4.h **** 
 591:C:\Users\bahri\GitHub\VirtualKeypad\Eclipse_USBProject_WS\Project_USB_CrossCompile\system\include\cmsis\core_cm4.h **** #define SCB_SHCSR_USGFAULTPENDED_Pos       12U                                            /*!< SCB 
 592:C:\Users\bahri\GitHub\VirtualKeypad\Eclipse_USBProject_WS\Project_USB_CrossCompile\system\include\cmsis\core_cm4.h **** #define SCB_SHCSR_USGFAULTPENDED_Msk       (1UL << SCB_SHCSR_USGFAULTPENDED_Pos)          /*!< SCB 
 593:C:\Users\bahri\GitHub\VirtualKeypad\Eclipse_USBProject_WS\Project_USB_CrossCompile\system\include\cmsis\core_cm4.h **** 
 594:C:\Users\bahri\GitHub\VirtualKeypad\Eclipse_USBProject_WS\Project_USB_CrossCompile\system\include\cmsis\core_cm4.h **** #define SCB_SHCSR_SYSTICKACT_Pos           11U                                            /*!< SCB 
 595:C:\Users\bahri\GitHub\VirtualKeypad\Eclipse_USBProject_WS\Project_USB_CrossCompile\system\include\cmsis\core_cm4.h **** #define SCB_SHCSR_SYSTICKACT_Msk           (1UL << SCB_SHCSR_SYSTICKACT_Pos)              /*!< SCB 
 596:C:\Users\bahri\GitHub\VirtualKeypad\Eclipse_USBProject_WS\Project_USB_CrossCompile\system\include\cmsis\core_cm4.h **** 
 597:C:\Users\bahri\GitHub\VirtualKeypad\Eclipse_USBProject_WS\Project_USB_CrossCompile\system\include\cmsis\core_cm4.h **** #define SCB_SHCSR_PENDSVACT_Pos            10U                                            /*!< SCB 
 598:C:\Users\bahri\GitHub\VirtualKeypad\Eclipse_USBProject_WS\Project_USB_CrossCompile\system\include\cmsis\core_cm4.h **** #define SCB_SHCSR_PENDSVACT_Msk            (1UL << SCB_SHCSR_PENDSVACT_Pos)               /*!< SCB 
 599:C:\Users\bahri\GitHub\VirtualKeypad\Eclipse_USBProject_WS\Project_USB_CrossCompile\system\include\cmsis\core_cm4.h **** 
 600:C:\Users\bahri\GitHub\VirtualKeypad\Eclipse_USBProject_WS\Project_USB_CrossCompile\system\include\cmsis\core_cm4.h **** #define SCB_SHCSR_MONITORACT_Pos            8U                                            /*!< SCB 
 601:C:\Users\bahri\GitHub\VirtualKeypad\Eclipse_USBProject_WS\Project_USB_CrossCompile\system\include\cmsis\core_cm4.h **** #define SCB_SHCSR_MONITORACT_Msk           (1UL << SCB_SHCSR_MONITORACT_Pos)              /*!< SCB 
 602:C:\Users\bahri\GitHub\VirtualKeypad\Eclipse_USBProject_WS\Project_USB_CrossCompile\system\include\cmsis\core_cm4.h **** 
 603:C:\Users\bahri\GitHub\VirtualKeypad\Eclipse_USBProject_WS\Project_USB_CrossCompile\system\include\cmsis\core_cm4.h **** #define SCB_SHCSR_SVCALLACT_Pos             7U                                            /*!< SCB 
 604:C:\Users\bahri\GitHub\VirtualKeypad\Eclipse_USBProject_WS\Project_USB_CrossCompile\system\include\cmsis\core_cm4.h **** #define SCB_SHCSR_SVCALLACT_Msk            (1UL << SCB_SHCSR_SVCALLACT_Pos)               /*!< SCB 
 605:C:\Users\bahri\GitHub\VirtualKeypad\Eclipse_USBProject_WS\Project_USB_CrossCompile\system\include\cmsis\core_cm4.h **** 
 606:C:\Users\bahri\GitHub\VirtualKeypad\Eclipse_USBProject_WS\Project_USB_CrossCompile\system\include\cmsis\core_cm4.h **** #define SCB_SHCSR_USGFAULTACT_Pos           3U                                            /*!< SCB 
 607:C:\Users\bahri\GitHub\VirtualKeypad\Eclipse_USBProject_WS\Project_USB_CrossCompile\system\include\cmsis\core_cm4.h **** #define SCB_SHCSR_USGFAULTACT_Msk          (1UL << SCB_SHCSR_USGFAULTACT_Pos)             /*!< SCB 
 608:C:\Users\bahri\GitHub\VirtualKeypad\Eclipse_USBProject_WS\Project_USB_CrossCompile\system\include\cmsis\core_cm4.h **** 
 609:C:\Users\bahri\GitHub\VirtualKeypad\Eclipse_USBProject_WS\Project_USB_CrossCompile\system\include\cmsis\core_cm4.h **** #define SCB_SHCSR_BUSFAULTACT_Pos           1U                                            /*!< SCB 
 610:C:\Users\bahri\GitHub\VirtualKeypad\Eclipse_USBProject_WS\Project_USB_CrossCompile\system\include\cmsis\core_cm4.h **** #define SCB_SHCSR_BUSFAULTACT_Msk          (1UL << SCB_SHCSR_BUSFAULTACT_Pos)             /*!< SCB 
 611:C:\Users\bahri\GitHub\VirtualKeypad\Eclipse_USBProject_WS\Project_USB_CrossCompile\system\include\cmsis\core_cm4.h **** 
 612:C:\Users\bahri\GitHub\VirtualKeypad\Eclipse_USBProject_WS\Project_USB_CrossCompile\system\include\cmsis\core_cm4.h **** #define SCB_SHCSR_MEMFAULTACT_Pos           0U                                            /*!< SCB 
 613:C:\Users\bahri\GitHub\VirtualKeypad\Eclipse_USBProject_WS\Project_USB_CrossCompile\system\include\cmsis\core_cm4.h **** #define SCB_SHCSR_MEMFAULTACT_Msk          (1UL /*<< SCB_SHCSR_MEMFAULTACT_Pos*/)         /*!< SCB 
 614:C:\Users\bahri\GitHub\VirtualKeypad\Eclipse_USBProject_WS\Project_USB_CrossCompile\system\include\cmsis\core_cm4.h **** 
 615:C:\Users\bahri\GitHub\VirtualKeypad\Eclipse_USBProject_WS\Project_USB_CrossCompile\system\include\cmsis\core_cm4.h **** /* SCB Configurable Fault Status Register Definitions */
 616:C:\Users\bahri\GitHub\VirtualKeypad\Eclipse_USBProject_WS\Project_USB_CrossCompile\system\include\cmsis\core_cm4.h **** #define SCB_CFSR_USGFAULTSR_Pos            16U                                            /*!< SCB 
 617:C:\Users\bahri\GitHub\VirtualKeypad\Eclipse_USBProject_WS\Project_USB_CrossCompile\system\include\cmsis\core_cm4.h **** #define SCB_CFSR_USGFAULTSR_Msk            (0xFFFFUL << SCB_CFSR_USGFAULTSR_Pos)          /*!< SCB 
 618:C:\Users\bahri\GitHub\VirtualKeypad\Eclipse_USBProject_WS\Project_USB_CrossCompile\system\include\cmsis\core_cm4.h **** 
 619:C:\Users\bahri\GitHub\VirtualKeypad\Eclipse_USBProject_WS\Project_USB_CrossCompile\system\include\cmsis\core_cm4.h **** #define SCB_CFSR_BUSFAULTSR_Pos             8U                                            /*!< SCB 
 620:C:\Users\bahri\GitHub\VirtualKeypad\Eclipse_USBProject_WS\Project_USB_CrossCompile\system\include\cmsis\core_cm4.h **** #define SCB_CFSR_BUSFAULTSR_Msk            (0xFFUL << SCB_CFSR_BUSFAULTSR_Pos)            /*!< SCB 
 621:C:\Users\bahri\GitHub\VirtualKeypad\Eclipse_USBProject_WS\Project_USB_CrossCompile\system\include\cmsis\core_cm4.h **** 
 622:C:\Users\bahri\GitHub\VirtualKeypad\Eclipse_USBProject_WS\Project_USB_CrossCompile\system\include\cmsis\core_cm4.h **** #define SCB_CFSR_MEMFAULTSR_Pos             0U                                            /*!< SCB 
 623:C:\Users\bahri\GitHub\VirtualKeypad\Eclipse_USBProject_WS\Project_USB_CrossCompile\system\include\cmsis\core_cm4.h **** #define SCB_CFSR_MEMFAULTSR_Msk            (0xFFUL /*<< SCB_CFSR_MEMFAULTSR_Pos*/)        /*!< SCB 
 624:C:\Users\bahri\GitHub\VirtualKeypad\Eclipse_USBProject_WS\Project_USB_CrossCompile\system\include\cmsis\core_cm4.h **** 
 625:C:\Users\bahri\GitHub\VirtualKeypad\Eclipse_USBProject_WS\Project_USB_CrossCompile\system\include\cmsis\core_cm4.h **** /* MemManage Fault Status Register (part of SCB Configurable Fault Status Register) */
 626:C:\Users\bahri\GitHub\VirtualKeypad\Eclipse_USBProject_WS\Project_USB_CrossCompile\system\include\cmsis\core_cm4.h **** #define SCB_CFSR_MMARVALID_Pos             (SCB_CFSR_MEMFAULTSR_Pos + 7U)                 /*!< SCB 
 627:C:\Users\bahri\GitHub\VirtualKeypad\Eclipse_USBProject_WS\Project_USB_CrossCompile\system\include\cmsis\core_cm4.h **** #define SCB_CFSR_MMARVALID_Msk             (1UL << SCB_CFSR_MMARVALID_Pos)                /*!< SCB 
 628:C:\Users\bahri\GitHub\VirtualKeypad\Eclipse_USBProject_WS\Project_USB_CrossCompile\system\include\cmsis\core_cm4.h **** 
 629:C:\Users\bahri\GitHub\VirtualKeypad\Eclipse_USBProject_WS\Project_USB_CrossCompile\system\include\cmsis\core_cm4.h **** #define SCB_CFSR_MLSPERR_Pos               (SCB_CFSR_MEMFAULTSR_Pos + 5U)                 /*!< SCB 
 630:C:\Users\bahri\GitHub\VirtualKeypad\Eclipse_USBProject_WS\Project_USB_CrossCompile\system\include\cmsis\core_cm4.h **** #define SCB_CFSR_MLSPERR_Msk               (1UL << SCB_CFSR_MLSPERR_Pos)                  /*!< SCB 
 631:C:\Users\bahri\GitHub\VirtualKeypad\Eclipse_USBProject_WS\Project_USB_CrossCompile\system\include\cmsis\core_cm4.h **** 
 632:C:\Users\bahri\GitHub\VirtualKeypad\Eclipse_USBProject_WS\Project_USB_CrossCompile\system\include\cmsis\core_cm4.h **** #define SCB_CFSR_MSTKERR_Pos               (SCB_CFSR_MEMFAULTSR_Pos + 4U)                 /*!< SCB 
 633:C:\Users\bahri\GitHub\VirtualKeypad\Eclipse_USBProject_WS\Project_USB_CrossCompile\system\include\cmsis\core_cm4.h **** #define SCB_CFSR_MSTKERR_Msk               (1UL << SCB_CFSR_MSTKERR_Pos)                  /*!< SCB 
 634:C:\Users\bahri\GitHub\VirtualKeypad\Eclipse_USBProject_WS\Project_USB_CrossCompile\system\include\cmsis\core_cm4.h **** 
 635:C:\Users\bahri\GitHub\VirtualKeypad\Eclipse_USBProject_WS\Project_USB_CrossCompile\system\include\cmsis\core_cm4.h **** #define SCB_CFSR_MUNSTKERR_Pos             (SCB_CFSR_MEMFAULTSR_Pos + 3U)                 /*!< SCB 
 636:C:\Users\bahri\GitHub\VirtualKeypad\Eclipse_USBProject_WS\Project_USB_CrossCompile\system\include\cmsis\core_cm4.h **** #define SCB_CFSR_MUNSTKERR_Msk             (1UL << SCB_CFSR_MUNSTKERR_Pos)                /*!< SCB 
 637:C:\Users\bahri\GitHub\VirtualKeypad\Eclipse_USBProject_WS\Project_USB_CrossCompile\system\include\cmsis\core_cm4.h **** 
 638:C:\Users\bahri\GitHub\VirtualKeypad\Eclipse_USBProject_WS\Project_USB_CrossCompile\system\include\cmsis\core_cm4.h **** #define SCB_CFSR_DACCVIOL_Pos              (SCB_CFSR_MEMFAULTSR_Pos + 1U)                 /*!< SCB 
 639:C:\Users\bahri\GitHub\VirtualKeypad\Eclipse_USBProject_WS\Project_USB_CrossCompile\system\include\cmsis\core_cm4.h **** #define SCB_CFSR_DACCVIOL_Msk              (1UL << SCB_CFSR_DACCVIOL_Pos)                 /*!< SCB 
 640:C:\Users\bahri\GitHub\VirtualKeypad\Eclipse_USBProject_WS\Project_USB_CrossCompile\system\include\cmsis\core_cm4.h **** 
 641:C:\Users\bahri\GitHub\VirtualKeypad\Eclipse_USBProject_WS\Project_USB_CrossCompile\system\include\cmsis\core_cm4.h **** #define SCB_CFSR_IACCVIOL_Pos              (SCB_CFSR_MEMFAULTSR_Pos + 0U)                 /*!< SCB 
 642:C:\Users\bahri\GitHub\VirtualKeypad\Eclipse_USBProject_WS\Project_USB_CrossCompile\system\include\cmsis\core_cm4.h **** #define SCB_CFSR_IACCVIOL_Msk              (1UL /*<< SCB_CFSR_IACCVIOL_Pos*/)             /*!< SCB 
 643:C:\Users\bahri\GitHub\VirtualKeypad\Eclipse_USBProject_WS\Project_USB_CrossCompile\system\include\cmsis\core_cm4.h **** 
 644:C:\Users\bahri\GitHub\VirtualKeypad\Eclipse_USBProject_WS\Project_USB_CrossCompile\system\include\cmsis\core_cm4.h **** /* BusFault Status Register (part of SCB Configurable Fault Status Register) */
 645:C:\Users\bahri\GitHub\VirtualKeypad\Eclipse_USBProject_WS\Project_USB_CrossCompile\system\include\cmsis\core_cm4.h **** #define SCB_CFSR_BFARVALID_Pos            (SCB_CFSR_BUSFAULTSR_Pos + 7U)                  /*!< SCB 
 646:C:\Users\bahri\GitHub\VirtualKeypad\Eclipse_USBProject_WS\Project_USB_CrossCompile\system\include\cmsis\core_cm4.h **** #define SCB_CFSR_BFARVALID_Msk            (1UL << SCB_CFSR_BFARVALID_Pos)                 /*!< SCB 
 647:C:\Users\bahri\GitHub\VirtualKeypad\Eclipse_USBProject_WS\Project_USB_CrossCompile\system\include\cmsis\core_cm4.h **** 
 648:C:\Users\bahri\GitHub\VirtualKeypad\Eclipse_USBProject_WS\Project_USB_CrossCompile\system\include\cmsis\core_cm4.h **** #define SCB_CFSR_LSPERR_Pos               (SCB_CFSR_BUSFAULTSR_Pos + 5U)                  /*!< SCB 
 649:C:\Users\bahri\GitHub\VirtualKeypad\Eclipse_USBProject_WS\Project_USB_CrossCompile\system\include\cmsis\core_cm4.h **** #define SCB_CFSR_LSPERR_Msk               (1UL << SCB_CFSR_LSPERR_Pos)                    /*!< SCB 
 650:C:\Users\bahri\GitHub\VirtualKeypad\Eclipse_USBProject_WS\Project_USB_CrossCompile\system\include\cmsis\core_cm4.h **** 
 651:C:\Users\bahri\GitHub\VirtualKeypad\Eclipse_USBProject_WS\Project_USB_CrossCompile\system\include\cmsis\core_cm4.h **** #define SCB_CFSR_STKERR_Pos               (SCB_CFSR_BUSFAULTSR_Pos + 4U)                  /*!< SCB 
 652:C:\Users\bahri\GitHub\VirtualKeypad\Eclipse_USBProject_WS\Project_USB_CrossCompile\system\include\cmsis\core_cm4.h **** #define SCB_CFSR_STKERR_Msk               (1UL << SCB_CFSR_STKERR_Pos)                    /*!< SCB 
 653:C:\Users\bahri\GitHub\VirtualKeypad\Eclipse_USBProject_WS\Project_USB_CrossCompile\system\include\cmsis\core_cm4.h **** 
 654:C:\Users\bahri\GitHub\VirtualKeypad\Eclipse_USBProject_WS\Project_USB_CrossCompile\system\include\cmsis\core_cm4.h **** #define SCB_CFSR_UNSTKERR_Pos             (SCB_CFSR_BUSFAULTSR_Pos + 3U)                  /*!< SCB 
 655:C:\Users\bahri\GitHub\VirtualKeypad\Eclipse_USBProject_WS\Project_USB_CrossCompile\system\include\cmsis\core_cm4.h **** #define SCB_CFSR_UNSTKERR_Msk             (1UL << SCB_CFSR_UNSTKERR_Pos)                  /*!< SCB 
 656:C:\Users\bahri\GitHub\VirtualKeypad\Eclipse_USBProject_WS\Project_USB_CrossCompile\system\include\cmsis\core_cm4.h **** 
 657:C:\Users\bahri\GitHub\VirtualKeypad\Eclipse_USBProject_WS\Project_USB_CrossCompile\system\include\cmsis\core_cm4.h **** #define SCB_CFSR_IMPRECISERR_Pos          (SCB_CFSR_BUSFAULTSR_Pos + 2U)                  /*!< SCB 
 658:C:\Users\bahri\GitHub\VirtualKeypad\Eclipse_USBProject_WS\Project_USB_CrossCompile\system\include\cmsis\core_cm4.h **** #define SCB_CFSR_IMPRECISERR_Msk          (1UL << SCB_CFSR_IMPRECISERR_Pos)               /*!< SCB 
 659:C:\Users\bahri\GitHub\VirtualKeypad\Eclipse_USBProject_WS\Project_USB_CrossCompile\system\include\cmsis\core_cm4.h **** 
 660:C:\Users\bahri\GitHub\VirtualKeypad\Eclipse_USBProject_WS\Project_USB_CrossCompile\system\include\cmsis\core_cm4.h **** #define SCB_CFSR_PRECISERR_Pos            (SCB_CFSR_BUSFAULTSR_Pos + 1U)                  /*!< SCB 
 661:C:\Users\bahri\GitHub\VirtualKeypad\Eclipse_USBProject_WS\Project_USB_CrossCompile\system\include\cmsis\core_cm4.h **** #define SCB_CFSR_PRECISERR_Msk            (1UL << SCB_CFSR_PRECISERR_Pos)                 /*!< SCB 
 662:C:\Users\bahri\GitHub\VirtualKeypad\Eclipse_USBProject_WS\Project_USB_CrossCompile\system\include\cmsis\core_cm4.h **** 
 663:C:\Users\bahri\GitHub\VirtualKeypad\Eclipse_USBProject_WS\Project_USB_CrossCompile\system\include\cmsis\core_cm4.h **** #define SCB_CFSR_IBUSERR_Pos              (SCB_CFSR_BUSFAULTSR_Pos + 0U)                  /*!< SCB 
 664:C:\Users\bahri\GitHub\VirtualKeypad\Eclipse_USBProject_WS\Project_USB_CrossCompile\system\include\cmsis\core_cm4.h **** #define SCB_CFSR_IBUSERR_Msk              (1UL << SCB_CFSR_IBUSERR_Pos)                   /*!< SCB 
 665:C:\Users\bahri\GitHub\VirtualKeypad\Eclipse_USBProject_WS\Project_USB_CrossCompile\system\include\cmsis\core_cm4.h **** 
 666:C:\Users\bahri\GitHub\VirtualKeypad\Eclipse_USBProject_WS\Project_USB_CrossCompile\system\include\cmsis\core_cm4.h **** /* UsageFault Status Register (part of SCB Configurable Fault Status Register) */
 667:C:\Users\bahri\GitHub\VirtualKeypad\Eclipse_USBProject_WS\Project_USB_CrossCompile\system\include\cmsis\core_cm4.h **** #define SCB_CFSR_DIVBYZERO_Pos            (SCB_CFSR_USGFAULTSR_Pos + 9U)                  /*!< SCB 
 668:C:\Users\bahri\GitHub\VirtualKeypad\Eclipse_USBProject_WS\Project_USB_CrossCompile\system\include\cmsis\core_cm4.h **** #define SCB_CFSR_DIVBYZERO_Msk            (1UL << SCB_CFSR_DIVBYZERO_Pos)                 /*!< SCB 
 669:C:\Users\bahri\GitHub\VirtualKeypad\Eclipse_USBProject_WS\Project_USB_CrossCompile\system\include\cmsis\core_cm4.h **** 
 670:C:\Users\bahri\GitHub\VirtualKeypad\Eclipse_USBProject_WS\Project_USB_CrossCompile\system\include\cmsis\core_cm4.h **** #define SCB_CFSR_UNALIGNED_Pos            (SCB_CFSR_USGFAULTSR_Pos + 8U)                  /*!< SCB 
 671:C:\Users\bahri\GitHub\VirtualKeypad\Eclipse_USBProject_WS\Project_USB_CrossCompile\system\include\cmsis\core_cm4.h **** #define SCB_CFSR_UNALIGNED_Msk            (1UL << SCB_CFSR_UNALIGNED_Pos)                 /*!< SCB 
 672:C:\Users\bahri\GitHub\VirtualKeypad\Eclipse_USBProject_WS\Project_USB_CrossCompile\system\include\cmsis\core_cm4.h **** 
 673:C:\Users\bahri\GitHub\VirtualKeypad\Eclipse_USBProject_WS\Project_USB_CrossCompile\system\include\cmsis\core_cm4.h **** #define SCB_CFSR_NOCP_Pos                 (SCB_CFSR_USGFAULTSR_Pos + 3U)                  /*!< SCB 
 674:C:\Users\bahri\GitHub\VirtualKeypad\Eclipse_USBProject_WS\Project_USB_CrossCompile\system\include\cmsis\core_cm4.h **** #define SCB_CFSR_NOCP_Msk                 (1UL << SCB_CFSR_NOCP_Pos)                      /*!< SCB 
 675:C:\Users\bahri\GitHub\VirtualKeypad\Eclipse_USBProject_WS\Project_USB_CrossCompile\system\include\cmsis\core_cm4.h **** 
 676:C:\Users\bahri\GitHub\VirtualKeypad\Eclipse_USBProject_WS\Project_USB_CrossCompile\system\include\cmsis\core_cm4.h **** #define SCB_CFSR_INVPC_Pos                (SCB_CFSR_USGFAULTSR_Pos + 2U)                  /*!< SCB 
 677:C:\Users\bahri\GitHub\VirtualKeypad\Eclipse_USBProject_WS\Project_USB_CrossCompile\system\include\cmsis\core_cm4.h **** #define SCB_CFSR_INVPC_Msk                (1UL << SCB_CFSR_INVPC_Pos)                     /*!< SCB 
 678:C:\Users\bahri\GitHub\VirtualKeypad\Eclipse_USBProject_WS\Project_USB_CrossCompile\system\include\cmsis\core_cm4.h **** 
 679:C:\Users\bahri\GitHub\VirtualKeypad\Eclipse_USBProject_WS\Project_USB_CrossCompile\system\include\cmsis\core_cm4.h **** #define SCB_CFSR_INVSTATE_Pos             (SCB_CFSR_USGFAULTSR_Pos + 1U)                  /*!< SCB 
 680:C:\Users\bahri\GitHub\VirtualKeypad\Eclipse_USBProject_WS\Project_USB_CrossCompile\system\include\cmsis\core_cm4.h **** #define SCB_CFSR_INVSTATE_Msk             (1UL << SCB_CFSR_INVSTATE_Pos)                  /*!< SCB 
 681:C:\Users\bahri\GitHub\VirtualKeypad\Eclipse_USBProject_WS\Project_USB_CrossCompile\system\include\cmsis\core_cm4.h **** 
 682:C:\Users\bahri\GitHub\VirtualKeypad\Eclipse_USBProject_WS\Project_USB_CrossCompile\system\include\cmsis\core_cm4.h **** #define SCB_CFSR_UNDEFINSTR_Pos           (SCB_CFSR_USGFAULTSR_Pos + 0U)                  /*!< SCB 
 683:C:\Users\bahri\GitHub\VirtualKeypad\Eclipse_USBProject_WS\Project_USB_CrossCompile\system\include\cmsis\core_cm4.h **** #define SCB_CFSR_UNDEFINSTR_Msk           (1UL << SCB_CFSR_UNDEFINSTR_Pos)                /*!< SCB 
 684:C:\Users\bahri\GitHub\VirtualKeypad\Eclipse_USBProject_WS\Project_USB_CrossCompile\system\include\cmsis\core_cm4.h **** 
 685:C:\Users\bahri\GitHub\VirtualKeypad\Eclipse_USBProject_WS\Project_USB_CrossCompile\system\include\cmsis\core_cm4.h **** /* SCB Hard Fault Status Register Definitions */
 686:C:\Users\bahri\GitHub\VirtualKeypad\Eclipse_USBProject_WS\Project_USB_CrossCompile\system\include\cmsis\core_cm4.h **** #define SCB_HFSR_DEBUGEVT_Pos              31U                                            /*!< SCB 
 687:C:\Users\bahri\GitHub\VirtualKeypad\Eclipse_USBProject_WS\Project_USB_CrossCompile\system\include\cmsis\core_cm4.h **** #define SCB_HFSR_DEBUGEVT_Msk              (1UL << SCB_HFSR_DEBUGEVT_Pos)                 /*!< SCB 
 688:C:\Users\bahri\GitHub\VirtualKeypad\Eclipse_USBProject_WS\Project_USB_CrossCompile\system\include\cmsis\core_cm4.h **** 
 689:C:\Users\bahri\GitHub\VirtualKeypad\Eclipse_USBProject_WS\Project_USB_CrossCompile\system\include\cmsis\core_cm4.h **** #define SCB_HFSR_FORCED_Pos                30U                                            /*!< SCB 
 690:C:\Users\bahri\GitHub\VirtualKeypad\Eclipse_USBProject_WS\Project_USB_CrossCompile\system\include\cmsis\core_cm4.h **** #define SCB_HFSR_FORCED_Msk                (1UL << SCB_HFSR_FORCED_Pos)                   /*!< SCB 
 691:C:\Users\bahri\GitHub\VirtualKeypad\Eclipse_USBProject_WS\Project_USB_CrossCompile\system\include\cmsis\core_cm4.h **** 
 692:C:\Users\bahri\GitHub\VirtualKeypad\Eclipse_USBProject_WS\Project_USB_CrossCompile\system\include\cmsis\core_cm4.h **** #define SCB_HFSR_VECTTBL_Pos                1U                                            /*!< SCB 
 693:C:\Users\bahri\GitHub\VirtualKeypad\Eclipse_USBProject_WS\Project_USB_CrossCompile\system\include\cmsis\core_cm4.h **** #define SCB_HFSR_VECTTBL_Msk               (1UL << SCB_HFSR_VECTTBL_Pos)                  /*!< SCB 
 694:C:\Users\bahri\GitHub\VirtualKeypad\Eclipse_USBProject_WS\Project_USB_CrossCompile\system\include\cmsis\core_cm4.h **** 
 695:C:\Users\bahri\GitHub\VirtualKeypad\Eclipse_USBProject_WS\Project_USB_CrossCompile\system\include\cmsis\core_cm4.h **** /* SCB Debug Fault Status Register Definitions */
 696:C:\Users\bahri\GitHub\VirtualKeypad\Eclipse_USBProject_WS\Project_USB_CrossCompile\system\include\cmsis\core_cm4.h **** #define SCB_DFSR_EXTERNAL_Pos               4U                                            /*!< SCB 
 697:C:\Users\bahri\GitHub\VirtualKeypad\Eclipse_USBProject_WS\Project_USB_CrossCompile\system\include\cmsis\core_cm4.h **** #define SCB_DFSR_EXTERNAL_Msk              (1UL << SCB_DFSR_EXTERNAL_Pos)                 /*!< SCB 
 698:C:\Users\bahri\GitHub\VirtualKeypad\Eclipse_USBProject_WS\Project_USB_CrossCompile\system\include\cmsis\core_cm4.h **** 
 699:C:\Users\bahri\GitHub\VirtualKeypad\Eclipse_USBProject_WS\Project_USB_CrossCompile\system\include\cmsis\core_cm4.h **** #define SCB_DFSR_VCATCH_Pos                 3U                                            /*!< SCB 
 700:C:\Users\bahri\GitHub\VirtualKeypad\Eclipse_USBProject_WS\Project_USB_CrossCompile\system\include\cmsis\core_cm4.h **** #define SCB_DFSR_VCATCH_Msk                (1UL << SCB_DFSR_VCATCH_Pos)                   /*!< SCB 
 701:C:\Users\bahri\GitHub\VirtualKeypad\Eclipse_USBProject_WS\Project_USB_CrossCompile\system\include\cmsis\core_cm4.h **** 
 702:C:\Users\bahri\GitHub\VirtualKeypad\Eclipse_USBProject_WS\Project_USB_CrossCompile\system\include\cmsis\core_cm4.h **** #define SCB_DFSR_DWTTRAP_Pos                2U                                            /*!< SCB 
 703:C:\Users\bahri\GitHub\VirtualKeypad\Eclipse_USBProject_WS\Project_USB_CrossCompile\system\include\cmsis\core_cm4.h **** #define SCB_DFSR_DWTTRAP_Msk               (1UL << SCB_DFSR_DWTTRAP_Pos)                  /*!< SCB 
 704:C:\Users\bahri\GitHub\VirtualKeypad\Eclipse_USBProject_WS\Project_USB_CrossCompile\system\include\cmsis\core_cm4.h **** 
 705:C:\Users\bahri\GitHub\VirtualKeypad\Eclipse_USBProject_WS\Project_USB_CrossCompile\system\include\cmsis\core_cm4.h **** #define SCB_DFSR_BKPT_Pos                   1U                                            /*!< SCB 
 706:C:\Users\bahri\GitHub\VirtualKeypad\Eclipse_USBProject_WS\Project_USB_CrossCompile\system\include\cmsis\core_cm4.h **** #define SCB_DFSR_BKPT_Msk                  (1UL << SCB_DFSR_BKPT_Pos)                     /*!< SCB 
 707:C:\Users\bahri\GitHub\VirtualKeypad\Eclipse_USBProject_WS\Project_USB_CrossCompile\system\include\cmsis\core_cm4.h **** 
 708:C:\Users\bahri\GitHub\VirtualKeypad\Eclipse_USBProject_WS\Project_USB_CrossCompile\system\include\cmsis\core_cm4.h **** #define SCB_DFSR_HALTED_Pos                 0U                                            /*!< SCB 
 709:C:\Users\bahri\GitHub\VirtualKeypad\Eclipse_USBProject_WS\Project_USB_CrossCompile\system\include\cmsis\core_cm4.h **** #define SCB_DFSR_HALTED_Msk                (1UL /*<< SCB_DFSR_HALTED_Pos*/)               /*!< SCB 
 710:C:\Users\bahri\GitHub\VirtualKeypad\Eclipse_USBProject_WS\Project_USB_CrossCompile\system\include\cmsis\core_cm4.h **** 
 711:C:\Users\bahri\GitHub\VirtualKeypad\Eclipse_USBProject_WS\Project_USB_CrossCompile\system\include\cmsis\core_cm4.h **** /*@} end of group CMSIS_SCB */
 712:C:\Users\bahri\GitHub\VirtualKeypad\Eclipse_USBProject_WS\Project_USB_CrossCompile\system\include\cmsis\core_cm4.h **** 
 713:C:\Users\bahri\GitHub\VirtualKeypad\Eclipse_USBProject_WS\Project_USB_CrossCompile\system\include\cmsis\core_cm4.h **** 
 714:C:\Users\bahri\GitHub\VirtualKeypad\Eclipse_USBProject_WS\Project_USB_CrossCompile\system\include\cmsis\core_cm4.h **** /**
 715:C:\Users\bahri\GitHub\VirtualKeypad\Eclipse_USBProject_WS\Project_USB_CrossCompile\system\include\cmsis\core_cm4.h ****   \ingroup  CMSIS_core_register
 716:C:\Users\bahri\GitHub\VirtualKeypad\Eclipse_USBProject_WS\Project_USB_CrossCompile\system\include\cmsis\core_cm4.h ****   \defgroup CMSIS_SCnSCB System Controls not in SCB (SCnSCB)
 717:C:\Users\bahri\GitHub\VirtualKeypad\Eclipse_USBProject_WS\Project_USB_CrossCompile\system\include\cmsis\core_cm4.h ****   \brief    Type definitions for the System Control and ID Register not in the SCB
 718:C:\Users\bahri\GitHub\VirtualKeypad\Eclipse_USBProject_WS\Project_USB_CrossCompile\system\include\cmsis\core_cm4.h ****   @{
 719:C:\Users\bahri\GitHub\VirtualKeypad\Eclipse_USBProject_WS\Project_USB_CrossCompile\system\include\cmsis\core_cm4.h ****  */
 720:C:\Users\bahri\GitHub\VirtualKeypad\Eclipse_USBProject_WS\Project_USB_CrossCompile\system\include\cmsis\core_cm4.h **** 
 721:C:\Users\bahri\GitHub\VirtualKeypad\Eclipse_USBProject_WS\Project_USB_CrossCompile\system\include\cmsis\core_cm4.h **** /**
 722:C:\Users\bahri\GitHub\VirtualKeypad\Eclipse_USBProject_WS\Project_USB_CrossCompile\system\include\cmsis\core_cm4.h ****   \brief  Structure type to access the System Control and ID Register not in the SCB.
 723:C:\Users\bahri\GitHub\VirtualKeypad\Eclipse_USBProject_WS\Project_USB_CrossCompile\system\include\cmsis\core_cm4.h ****  */
 724:C:\Users\bahri\GitHub\VirtualKeypad\Eclipse_USBProject_WS\Project_USB_CrossCompile\system\include\cmsis\core_cm4.h **** typedef struct
 725:C:\Users\bahri\GitHub\VirtualKeypad\Eclipse_USBProject_WS\Project_USB_CrossCompile\system\include\cmsis\core_cm4.h **** {
 726:C:\Users\bahri\GitHub\VirtualKeypad\Eclipse_USBProject_WS\Project_USB_CrossCompile\system\include\cmsis\core_cm4.h ****         uint32_t RESERVED0[1U];
 727:C:\Users\bahri\GitHub\VirtualKeypad\Eclipse_USBProject_WS\Project_USB_CrossCompile\system\include\cmsis\core_cm4.h ****   __IM  uint32_t ICTR;                   /*!< Offset: 0x004 (R/ )  Interrupt Controller Type Regist
 728:C:\Users\bahri\GitHub\VirtualKeypad\Eclipse_USBProject_WS\Project_USB_CrossCompile\system\include\cmsis\core_cm4.h ****   __IOM uint32_t ACTLR;                  /*!< Offset: 0x008 (R/W)  Auxiliary Control Register */
 729:C:\Users\bahri\GitHub\VirtualKeypad\Eclipse_USBProject_WS\Project_USB_CrossCompile\system\include\cmsis\core_cm4.h **** } SCnSCB_Type;
 730:C:\Users\bahri\GitHub\VirtualKeypad\Eclipse_USBProject_WS\Project_USB_CrossCompile\system\include\cmsis\core_cm4.h **** 
 731:C:\Users\bahri\GitHub\VirtualKeypad\Eclipse_USBProject_WS\Project_USB_CrossCompile\system\include\cmsis\core_cm4.h **** /* Interrupt Controller Type Register Definitions */
 732:C:\Users\bahri\GitHub\VirtualKeypad\Eclipse_USBProject_WS\Project_USB_CrossCompile\system\include\cmsis\core_cm4.h **** #define SCnSCB_ICTR_INTLINESNUM_Pos         0U                                         /*!< ICTR: I
 733:C:\Users\bahri\GitHub\VirtualKeypad\Eclipse_USBProject_WS\Project_USB_CrossCompile\system\include\cmsis\core_cm4.h **** #define SCnSCB_ICTR_INTLINESNUM_Msk        (0xFUL /*<< SCnSCB_ICTR_INTLINESNUM_Pos*/)  /*!< ICTR: I
 734:C:\Users\bahri\GitHub\VirtualKeypad\Eclipse_USBProject_WS\Project_USB_CrossCompile\system\include\cmsis\core_cm4.h **** 
 735:C:\Users\bahri\GitHub\VirtualKeypad\Eclipse_USBProject_WS\Project_USB_CrossCompile\system\include\cmsis\core_cm4.h **** /* Auxiliary Control Register Definitions */
 736:C:\Users\bahri\GitHub\VirtualKeypad\Eclipse_USBProject_WS\Project_USB_CrossCompile\system\include\cmsis\core_cm4.h **** #define SCnSCB_ACTLR_DISOOFP_Pos            9U                                         /*!< ACTLR: 
 737:C:\Users\bahri\GitHub\VirtualKeypad\Eclipse_USBProject_WS\Project_USB_CrossCompile\system\include\cmsis\core_cm4.h **** #define SCnSCB_ACTLR_DISOOFP_Msk           (1UL << SCnSCB_ACTLR_DISOOFP_Pos)           /*!< ACTLR: 
 738:C:\Users\bahri\GitHub\VirtualKeypad\Eclipse_USBProject_WS\Project_USB_CrossCompile\system\include\cmsis\core_cm4.h **** 
 739:C:\Users\bahri\GitHub\VirtualKeypad\Eclipse_USBProject_WS\Project_USB_CrossCompile\system\include\cmsis\core_cm4.h **** #define SCnSCB_ACTLR_DISFPCA_Pos            8U                                         /*!< ACTLR: 
 740:C:\Users\bahri\GitHub\VirtualKeypad\Eclipse_USBProject_WS\Project_USB_CrossCompile\system\include\cmsis\core_cm4.h **** #define SCnSCB_ACTLR_DISFPCA_Msk           (1UL << SCnSCB_ACTLR_DISFPCA_Pos)           /*!< ACTLR: 
 741:C:\Users\bahri\GitHub\VirtualKeypad\Eclipse_USBProject_WS\Project_USB_CrossCompile\system\include\cmsis\core_cm4.h **** 
 742:C:\Users\bahri\GitHub\VirtualKeypad\Eclipse_USBProject_WS\Project_USB_CrossCompile\system\include\cmsis\core_cm4.h **** #define SCnSCB_ACTLR_DISFOLD_Pos            2U                                         /*!< ACTLR: 
 743:C:\Users\bahri\GitHub\VirtualKeypad\Eclipse_USBProject_WS\Project_USB_CrossCompile\system\include\cmsis\core_cm4.h **** #define SCnSCB_ACTLR_DISFOLD_Msk           (1UL << SCnSCB_ACTLR_DISFOLD_Pos)           /*!< ACTLR: 
 744:C:\Users\bahri\GitHub\VirtualKeypad\Eclipse_USBProject_WS\Project_USB_CrossCompile\system\include\cmsis\core_cm4.h **** 
 745:C:\Users\bahri\GitHub\VirtualKeypad\Eclipse_USBProject_WS\Project_USB_CrossCompile\system\include\cmsis\core_cm4.h **** #define SCnSCB_ACTLR_DISDEFWBUF_Pos         1U                                         /*!< ACTLR: 
 746:C:\Users\bahri\GitHub\VirtualKeypad\Eclipse_USBProject_WS\Project_USB_CrossCompile\system\include\cmsis\core_cm4.h **** #define SCnSCB_ACTLR_DISDEFWBUF_Msk        (1UL << SCnSCB_ACTLR_DISDEFWBUF_Pos)        /*!< ACTLR: 
 747:C:\Users\bahri\GitHub\VirtualKeypad\Eclipse_USBProject_WS\Project_USB_CrossCompile\system\include\cmsis\core_cm4.h **** 
 748:C:\Users\bahri\GitHub\VirtualKeypad\Eclipse_USBProject_WS\Project_USB_CrossCompile\system\include\cmsis\core_cm4.h **** #define SCnSCB_ACTLR_DISMCYCINT_Pos         0U                                         /*!< ACTLR: 
 749:C:\Users\bahri\GitHub\VirtualKeypad\Eclipse_USBProject_WS\Project_USB_CrossCompile\system\include\cmsis\core_cm4.h **** #define SCnSCB_ACTLR_DISMCYCINT_Msk        (1UL /*<< SCnSCB_ACTLR_DISMCYCINT_Pos*/)    /*!< ACTLR: 
 750:C:\Users\bahri\GitHub\VirtualKeypad\Eclipse_USBProject_WS\Project_USB_CrossCompile\system\include\cmsis\core_cm4.h **** 
 751:C:\Users\bahri\GitHub\VirtualKeypad\Eclipse_USBProject_WS\Project_USB_CrossCompile\system\include\cmsis\core_cm4.h **** /*@} end of group CMSIS_SCnotSCB */
 752:C:\Users\bahri\GitHub\VirtualKeypad\Eclipse_USBProject_WS\Project_USB_CrossCompile\system\include\cmsis\core_cm4.h **** 
 753:C:\Users\bahri\GitHub\VirtualKeypad\Eclipse_USBProject_WS\Project_USB_CrossCompile\system\include\cmsis\core_cm4.h **** 
 754:C:\Users\bahri\GitHub\VirtualKeypad\Eclipse_USBProject_WS\Project_USB_CrossCompile\system\include\cmsis\core_cm4.h **** /**
 755:C:\Users\bahri\GitHub\VirtualKeypad\Eclipse_USBProject_WS\Project_USB_CrossCompile\system\include\cmsis\core_cm4.h ****   \ingroup  CMSIS_core_register
 756:C:\Users\bahri\GitHub\VirtualKeypad\Eclipse_USBProject_WS\Project_USB_CrossCompile\system\include\cmsis\core_cm4.h ****   \defgroup CMSIS_SysTick     System Tick Timer (SysTick)
 757:C:\Users\bahri\GitHub\VirtualKeypad\Eclipse_USBProject_WS\Project_USB_CrossCompile\system\include\cmsis\core_cm4.h ****   \brief    Type definitions for the System Timer Registers.
 758:C:\Users\bahri\GitHub\VirtualKeypad\Eclipse_USBProject_WS\Project_USB_CrossCompile\system\include\cmsis\core_cm4.h ****   @{
 759:C:\Users\bahri\GitHub\VirtualKeypad\Eclipse_USBProject_WS\Project_USB_CrossCompile\system\include\cmsis\core_cm4.h ****  */
 760:C:\Users\bahri\GitHub\VirtualKeypad\Eclipse_USBProject_WS\Project_USB_CrossCompile\system\include\cmsis\core_cm4.h **** 
 761:C:\Users\bahri\GitHub\VirtualKeypad\Eclipse_USBProject_WS\Project_USB_CrossCompile\system\include\cmsis\core_cm4.h **** /**
 762:C:\Users\bahri\GitHub\VirtualKeypad\Eclipse_USBProject_WS\Project_USB_CrossCompile\system\include\cmsis\core_cm4.h ****   \brief  Structure type to access the System Timer (SysTick).
 763:C:\Users\bahri\GitHub\VirtualKeypad\Eclipse_USBProject_WS\Project_USB_CrossCompile\system\include\cmsis\core_cm4.h ****  */
 764:C:\Users\bahri\GitHub\VirtualKeypad\Eclipse_USBProject_WS\Project_USB_CrossCompile\system\include\cmsis\core_cm4.h **** typedef struct
 765:C:\Users\bahri\GitHub\VirtualKeypad\Eclipse_USBProject_WS\Project_USB_CrossCompile\system\include\cmsis\core_cm4.h **** {
 766:C:\Users\bahri\GitHub\VirtualKeypad\Eclipse_USBProject_WS\Project_USB_CrossCompile\system\include\cmsis\core_cm4.h ****   __IOM uint32_t CTRL;                   /*!< Offset: 0x000 (R/W)  SysTick Control and Status Regis
 767:C:\Users\bahri\GitHub\VirtualKeypad\Eclipse_USBProject_WS\Project_USB_CrossCompile\system\include\cmsis\core_cm4.h ****   __IOM uint32_t LOAD;                   /*!< Offset: 0x004 (R/W)  SysTick Reload Value Register */
 768:C:\Users\bahri\GitHub\VirtualKeypad\Eclipse_USBProject_WS\Project_USB_CrossCompile\system\include\cmsis\core_cm4.h ****   __IOM uint32_t VAL;                    /*!< Offset: 0x008 (R/W)  SysTick Current Value Register *
 769:C:\Users\bahri\GitHub\VirtualKeypad\Eclipse_USBProject_WS\Project_USB_CrossCompile\system\include\cmsis\core_cm4.h ****   __IM  uint32_t CALIB;                  /*!< Offset: 0x00C (R/ )  SysTick Calibration Register */
 770:C:\Users\bahri\GitHub\VirtualKeypad\Eclipse_USBProject_WS\Project_USB_CrossCompile\system\include\cmsis\core_cm4.h **** } SysTick_Type;
 771:C:\Users\bahri\GitHub\VirtualKeypad\Eclipse_USBProject_WS\Project_USB_CrossCompile\system\include\cmsis\core_cm4.h **** 
 772:C:\Users\bahri\GitHub\VirtualKeypad\Eclipse_USBProject_WS\Project_USB_CrossCompile\system\include\cmsis\core_cm4.h **** /* SysTick Control / Status Register Definitions */
 773:C:\Users\bahri\GitHub\VirtualKeypad\Eclipse_USBProject_WS\Project_USB_CrossCompile\system\include\cmsis\core_cm4.h **** #define SysTick_CTRL_COUNTFLAG_Pos         16U                                            /*!< SysT
 774:C:\Users\bahri\GitHub\VirtualKeypad\Eclipse_USBProject_WS\Project_USB_CrossCompile\system\include\cmsis\core_cm4.h **** #define SysTick_CTRL_COUNTFLAG_Msk         (1UL << SysTick_CTRL_COUNTFLAG_Pos)            /*!< SysT
 775:C:\Users\bahri\GitHub\VirtualKeypad\Eclipse_USBProject_WS\Project_USB_CrossCompile\system\include\cmsis\core_cm4.h **** 
 776:C:\Users\bahri\GitHub\VirtualKeypad\Eclipse_USBProject_WS\Project_USB_CrossCompile\system\include\cmsis\core_cm4.h **** #define SysTick_CTRL_CLKSOURCE_Pos          2U                                            /*!< SysT
 777:C:\Users\bahri\GitHub\VirtualKeypad\Eclipse_USBProject_WS\Project_USB_CrossCompile\system\include\cmsis\core_cm4.h **** #define SysTick_CTRL_CLKSOURCE_Msk         (1UL << SysTick_CTRL_CLKSOURCE_Pos)            /*!< SysT
 778:C:\Users\bahri\GitHub\VirtualKeypad\Eclipse_USBProject_WS\Project_USB_CrossCompile\system\include\cmsis\core_cm4.h **** 
 779:C:\Users\bahri\GitHub\VirtualKeypad\Eclipse_USBProject_WS\Project_USB_CrossCompile\system\include\cmsis\core_cm4.h **** #define SysTick_CTRL_TICKINT_Pos            1U                                            /*!< SysT
 780:C:\Users\bahri\GitHub\VirtualKeypad\Eclipse_USBProject_WS\Project_USB_CrossCompile\system\include\cmsis\core_cm4.h **** #define SysTick_CTRL_TICKINT_Msk           (1UL << SysTick_CTRL_TICKINT_Pos)              /*!< SysT
 781:C:\Users\bahri\GitHub\VirtualKeypad\Eclipse_USBProject_WS\Project_USB_CrossCompile\system\include\cmsis\core_cm4.h **** 
 782:C:\Users\bahri\GitHub\VirtualKeypad\Eclipse_USBProject_WS\Project_USB_CrossCompile\system\include\cmsis\core_cm4.h **** #define SysTick_CTRL_ENABLE_Pos             0U                                            /*!< SysT
 783:C:\Users\bahri\GitHub\VirtualKeypad\Eclipse_USBProject_WS\Project_USB_CrossCompile\system\include\cmsis\core_cm4.h **** #define SysTick_CTRL_ENABLE_Msk            (1UL /*<< SysTick_CTRL_ENABLE_Pos*/)           /*!< SysT
 784:C:\Users\bahri\GitHub\VirtualKeypad\Eclipse_USBProject_WS\Project_USB_CrossCompile\system\include\cmsis\core_cm4.h **** 
 785:C:\Users\bahri\GitHub\VirtualKeypad\Eclipse_USBProject_WS\Project_USB_CrossCompile\system\include\cmsis\core_cm4.h **** /* SysTick Reload Register Definitions */
 786:C:\Users\bahri\GitHub\VirtualKeypad\Eclipse_USBProject_WS\Project_USB_CrossCompile\system\include\cmsis\core_cm4.h **** #define SysTick_LOAD_RELOAD_Pos             0U                                            /*!< SysT
 787:C:\Users\bahri\GitHub\VirtualKeypad\Eclipse_USBProject_WS\Project_USB_CrossCompile\system\include\cmsis\core_cm4.h **** #define SysTick_LOAD_RELOAD_Msk            (0xFFFFFFUL /*<< SysTick_LOAD_RELOAD_Pos*/)    /*!< SysT
 788:C:\Users\bahri\GitHub\VirtualKeypad\Eclipse_USBProject_WS\Project_USB_CrossCompile\system\include\cmsis\core_cm4.h **** 
 789:C:\Users\bahri\GitHub\VirtualKeypad\Eclipse_USBProject_WS\Project_USB_CrossCompile\system\include\cmsis\core_cm4.h **** /* SysTick Current Register Definitions */
 790:C:\Users\bahri\GitHub\VirtualKeypad\Eclipse_USBProject_WS\Project_USB_CrossCompile\system\include\cmsis\core_cm4.h **** #define SysTick_VAL_CURRENT_Pos             0U                                            /*!< SysT
 791:C:\Users\bahri\GitHub\VirtualKeypad\Eclipse_USBProject_WS\Project_USB_CrossCompile\system\include\cmsis\core_cm4.h **** #define SysTick_VAL_CURRENT_Msk            (0xFFFFFFUL /*<< SysTick_VAL_CURRENT_Pos*/)    /*!< SysT
 792:C:\Users\bahri\GitHub\VirtualKeypad\Eclipse_USBProject_WS\Project_USB_CrossCompile\system\include\cmsis\core_cm4.h **** 
 793:C:\Users\bahri\GitHub\VirtualKeypad\Eclipse_USBProject_WS\Project_USB_CrossCompile\system\include\cmsis\core_cm4.h **** /* SysTick Calibration Register Definitions */
 794:C:\Users\bahri\GitHub\VirtualKeypad\Eclipse_USBProject_WS\Project_USB_CrossCompile\system\include\cmsis\core_cm4.h **** #define SysTick_CALIB_NOREF_Pos            31U                                            /*!< SysT
 795:C:\Users\bahri\GitHub\VirtualKeypad\Eclipse_USBProject_WS\Project_USB_CrossCompile\system\include\cmsis\core_cm4.h **** #define SysTick_CALIB_NOREF_Msk            (1UL << SysTick_CALIB_NOREF_Pos)               /*!< SysT
 796:C:\Users\bahri\GitHub\VirtualKeypad\Eclipse_USBProject_WS\Project_USB_CrossCompile\system\include\cmsis\core_cm4.h **** 
 797:C:\Users\bahri\GitHub\VirtualKeypad\Eclipse_USBProject_WS\Project_USB_CrossCompile\system\include\cmsis\core_cm4.h **** #define SysTick_CALIB_SKEW_Pos             30U                                            /*!< SysT
 798:C:\Users\bahri\GitHub\VirtualKeypad\Eclipse_USBProject_WS\Project_USB_CrossCompile\system\include\cmsis\core_cm4.h **** #define SysTick_CALIB_SKEW_Msk             (1UL << SysTick_CALIB_SKEW_Pos)                /*!< SysT
 799:C:\Users\bahri\GitHub\VirtualKeypad\Eclipse_USBProject_WS\Project_USB_CrossCompile\system\include\cmsis\core_cm4.h **** 
 800:C:\Users\bahri\GitHub\VirtualKeypad\Eclipse_USBProject_WS\Project_USB_CrossCompile\system\include\cmsis\core_cm4.h **** #define SysTick_CALIB_TENMS_Pos             0U                                            /*!< SysT
 801:C:\Users\bahri\GitHub\VirtualKeypad\Eclipse_USBProject_WS\Project_USB_CrossCompile\system\include\cmsis\core_cm4.h **** #define SysTick_CALIB_TENMS_Msk            (0xFFFFFFUL /*<< SysTick_CALIB_TENMS_Pos*/)    /*!< SysT
 802:C:\Users\bahri\GitHub\VirtualKeypad\Eclipse_USBProject_WS\Project_USB_CrossCompile\system\include\cmsis\core_cm4.h **** 
 803:C:\Users\bahri\GitHub\VirtualKeypad\Eclipse_USBProject_WS\Project_USB_CrossCompile\system\include\cmsis\core_cm4.h **** /*@} end of group CMSIS_SysTick */
 804:C:\Users\bahri\GitHub\VirtualKeypad\Eclipse_USBProject_WS\Project_USB_CrossCompile\system\include\cmsis\core_cm4.h **** 
 805:C:\Users\bahri\GitHub\VirtualKeypad\Eclipse_USBProject_WS\Project_USB_CrossCompile\system\include\cmsis\core_cm4.h **** 
 806:C:\Users\bahri\GitHub\VirtualKeypad\Eclipse_USBProject_WS\Project_USB_CrossCompile\system\include\cmsis\core_cm4.h **** /**
 807:C:\Users\bahri\GitHub\VirtualKeypad\Eclipse_USBProject_WS\Project_USB_CrossCompile\system\include\cmsis\core_cm4.h ****   \ingroup  CMSIS_core_register
 808:C:\Users\bahri\GitHub\VirtualKeypad\Eclipse_USBProject_WS\Project_USB_CrossCompile\system\include\cmsis\core_cm4.h ****   \defgroup CMSIS_ITM     Instrumentation Trace Macrocell (ITM)
 809:C:\Users\bahri\GitHub\VirtualKeypad\Eclipse_USBProject_WS\Project_USB_CrossCompile\system\include\cmsis\core_cm4.h ****   \brief    Type definitions for the Instrumentation Trace Macrocell (ITM)
 810:C:\Users\bahri\GitHub\VirtualKeypad\Eclipse_USBProject_WS\Project_USB_CrossCompile\system\include\cmsis\core_cm4.h ****   @{
 811:C:\Users\bahri\GitHub\VirtualKeypad\Eclipse_USBProject_WS\Project_USB_CrossCompile\system\include\cmsis\core_cm4.h ****  */
 812:C:\Users\bahri\GitHub\VirtualKeypad\Eclipse_USBProject_WS\Project_USB_CrossCompile\system\include\cmsis\core_cm4.h **** 
 813:C:\Users\bahri\GitHub\VirtualKeypad\Eclipse_USBProject_WS\Project_USB_CrossCompile\system\include\cmsis\core_cm4.h **** /**
 814:C:\Users\bahri\GitHub\VirtualKeypad\Eclipse_USBProject_WS\Project_USB_CrossCompile\system\include\cmsis\core_cm4.h ****   \brief  Structure type to access the Instrumentation Trace Macrocell Register (ITM).
 815:C:\Users\bahri\GitHub\VirtualKeypad\Eclipse_USBProject_WS\Project_USB_CrossCompile\system\include\cmsis\core_cm4.h ****  */
 816:C:\Users\bahri\GitHub\VirtualKeypad\Eclipse_USBProject_WS\Project_USB_CrossCompile\system\include\cmsis\core_cm4.h **** typedef struct
 817:C:\Users\bahri\GitHub\VirtualKeypad\Eclipse_USBProject_WS\Project_USB_CrossCompile\system\include\cmsis\core_cm4.h **** {
 818:C:\Users\bahri\GitHub\VirtualKeypad\Eclipse_USBProject_WS\Project_USB_CrossCompile\system\include\cmsis\core_cm4.h ****   __OM  union
 819:C:\Users\bahri\GitHub\VirtualKeypad\Eclipse_USBProject_WS\Project_USB_CrossCompile\system\include\cmsis\core_cm4.h ****   {
 820:C:\Users\bahri\GitHub\VirtualKeypad\Eclipse_USBProject_WS\Project_USB_CrossCompile\system\include\cmsis\core_cm4.h ****     __OM  uint8_t    u8;                 /*!< Offset: 0x000 ( /W)  ITM Stimulus Port 8-bit */
 821:C:\Users\bahri\GitHub\VirtualKeypad\Eclipse_USBProject_WS\Project_USB_CrossCompile\system\include\cmsis\core_cm4.h ****     __OM  uint16_t   u16;                /*!< Offset: 0x000 ( /W)  ITM Stimulus Port 16-bit */
 822:C:\Users\bahri\GitHub\VirtualKeypad\Eclipse_USBProject_WS\Project_USB_CrossCompile\system\include\cmsis\core_cm4.h ****     __OM  uint32_t   u32;                /*!< Offset: 0x000 ( /W)  ITM Stimulus Port 32-bit */
 823:C:\Users\bahri\GitHub\VirtualKeypad\Eclipse_USBProject_WS\Project_USB_CrossCompile\system\include\cmsis\core_cm4.h ****   }  PORT [32U];                         /*!< Offset: 0x000 ( /W)  ITM Stimulus Port Registers */
 824:C:\Users\bahri\GitHub\VirtualKeypad\Eclipse_USBProject_WS\Project_USB_CrossCompile\system\include\cmsis\core_cm4.h ****         uint32_t RESERVED0[864U];
 825:C:\Users\bahri\GitHub\VirtualKeypad\Eclipse_USBProject_WS\Project_USB_CrossCompile\system\include\cmsis\core_cm4.h ****   __IOM uint32_t TER;                    /*!< Offset: 0xE00 (R/W)  ITM Trace Enable Register */
 826:C:\Users\bahri\GitHub\VirtualKeypad\Eclipse_USBProject_WS\Project_USB_CrossCompile\system\include\cmsis\core_cm4.h ****         uint32_t RESERVED1[15U];
 827:C:\Users\bahri\GitHub\VirtualKeypad\Eclipse_USBProject_WS\Project_USB_CrossCompile\system\include\cmsis\core_cm4.h ****   __IOM uint32_t TPR;                    /*!< Offset: 0xE40 (R/W)  ITM Trace Privilege Register */
 828:C:\Users\bahri\GitHub\VirtualKeypad\Eclipse_USBProject_WS\Project_USB_CrossCompile\system\include\cmsis\core_cm4.h ****         uint32_t RESERVED2[15U];
 829:C:\Users\bahri\GitHub\VirtualKeypad\Eclipse_USBProject_WS\Project_USB_CrossCompile\system\include\cmsis\core_cm4.h ****   __IOM uint32_t TCR;                    /*!< Offset: 0xE80 (R/W)  ITM Trace Control Register */
 830:C:\Users\bahri\GitHub\VirtualKeypad\Eclipse_USBProject_WS\Project_USB_CrossCompile\system\include\cmsis\core_cm4.h ****         uint32_t RESERVED3[32U];
 831:C:\Users\bahri\GitHub\VirtualKeypad\Eclipse_USBProject_WS\Project_USB_CrossCompile\system\include\cmsis\core_cm4.h ****         uint32_t RESERVED4[43U];
 832:C:\Users\bahri\GitHub\VirtualKeypad\Eclipse_USBProject_WS\Project_USB_CrossCompile\system\include\cmsis\core_cm4.h ****   __OM  uint32_t LAR;                    /*!< Offset: 0xFB0 ( /W)  ITM Lock Access Register */
 833:C:\Users\bahri\GitHub\VirtualKeypad\Eclipse_USBProject_WS\Project_USB_CrossCompile\system\include\cmsis\core_cm4.h ****   __IM  uint32_t LSR;                    /*!< Offset: 0xFB4 (R/ )  ITM Lock Status Register */
 834:C:\Users\bahri\GitHub\VirtualKeypad\Eclipse_USBProject_WS\Project_USB_CrossCompile\system\include\cmsis\core_cm4.h ****         uint32_t RESERVED5[6U];
 835:C:\Users\bahri\GitHub\VirtualKeypad\Eclipse_USBProject_WS\Project_USB_CrossCompile\system\include\cmsis\core_cm4.h ****   __IM  uint32_t PID4;                   /*!< Offset: 0xFD0 (R/ )  ITM Peripheral Identification Re
 836:C:\Users\bahri\GitHub\VirtualKeypad\Eclipse_USBProject_WS\Project_USB_CrossCompile\system\include\cmsis\core_cm4.h ****   __IM  uint32_t PID5;                   /*!< Offset: 0xFD4 (R/ )  ITM Peripheral Identification Re
 837:C:\Users\bahri\GitHub\VirtualKeypad\Eclipse_USBProject_WS\Project_USB_CrossCompile\system\include\cmsis\core_cm4.h ****   __IM  uint32_t PID6;                   /*!< Offset: 0xFD8 (R/ )  ITM Peripheral Identification Re
 838:C:\Users\bahri\GitHub\VirtualKeypad\Eclipse_USBProject_WS\Project_USB_CrossCompile\system\include\cmsis\core_cm4.h ****   __IM  uint32_t PID7;                   /*!< Offset: 0xFDC (R/ )  ITM Peripheral Identification Re
 839:C:\Users\bahri\GitHub\VirtualKeypad\Eclipse_USBProject_WS\Project_USB_CrossCompile\system\include\cmsis\core_cm4.h ****   __IM  uint32_t PID0;                   /*!< Offset: 0xFE0 (R/ )  ITM Peripheral Identification Re
 840:C:\Users\bahri\GitHub\VirtualKeypad\Eclipse_USBProject_WS\Project_USB_CrossCompile\system\include\cmsis\core_cm4.h ****   __IM  uint32_t PID1;                   /*!< Offset: 0xFE4 (R/ )  ITM Peripheral Identification Re
 841:C:\Users\bahri\GitHub\VirtualKeypad\Eclipse_USBProject_WS\Project_USB_CrossCompile\system\include\cmsis\core_cm4.h ****   __IM  uint32_t PID2;                   /*!< Offset: 0xFE8 (R/ )  ITM Peripheral Identification Re
 842:C:\Users\bahri\GitHub\VirtualKeypad\Eclipse_USBProject_WS\Project_USB_CrossCompile\system\include\cmsis\core_cm4.h ****   __IM  uint32_t PID3;                   /*!< Offset: 0xFEC (R/ )  ITM Peripheral Identification Re
 843:C:\Users\bahri\GitHub\VirtualKeypad\Eclipse_USBProject_WS\Project_USB_CrossCompile\system\include\cmsis\core_cm4.h ****   __IM  uint32_t CID0;                   /*!< Offset: 0xFF0 (R/ )  ITM Component  Identification Re
 844:C:\Users\bahri\GitHub\VirtualKeypad\Eclipse_USBProject_WS\Project_USB_CrossCompile\system\include\cmsis\core_cm4.h ****   __IM  uint32_t CID1;                   /*!< Offset: 0xFF4 (R/ )  ITM Component  Identification Re
 845:C:\Users\bahri\GitHub\VirtualKeypad\Eclipse_USBProject_WS\Project_USB_CrossCompile\system\include\cmsis\core_cm4.h ****   __IM  uint32_t CID2;                   /*!< Offset: 0xFF8 (R/ )  ITM Component  Identification Re
 846:C:\Users\bahri\GitHub\VirtualKeypad\Eclipse_USBProject_WS\Project_USB_CrossCompile\system\include\cmsis\core_cm4.h ****   __IM  uint32_t CID3;                   /*!< Offset: 0xFFC (R/ )  ITM Component  Identification Re
 847:C:\Users\bahri\GitHub\VirtualKeypad\Eclipse_USBProject_WS\Project_USB_CrossCompile\system\include\cmsis\core_cm4.h **** } ITM_Type;
 848:C:\Users\bahri\GitHub\VirtualKeypad\Eclipse_USBProject_WS\Project_USB_CrossCompile\system\include\cmsis\core_cm4.h **** 
 849:C:\Users\bahri\GitHub\VirtualKeypad\Eclipse_USBProject_WS\Project_USB_CrossCompile\system\include\cmsis\core_cm4.h **** /* ITM Trace Privilege Register Definitions */
 850:C:\Users\bahri\GitHub\VirtualKeypad\Eclipse_USBProject_WS\Project_USB_CrossCompile\system\include\cmsis\core_cm4.h **** #define ITM_TPR_PRIVMASK_Pos                0U                                            /*!< ITM 
 851:C:\Users\bahri\GitHub\VirtualKeypad\Eclipse_USBProject_WS\Project_USB_CrossCompile\system\include\cmsis\core_cm4.h **** #define ITM_TPR_PRIVMASK_Msk               (0xFFFFFFFFUL /*<< ITM_TPR_PRIVMASK_Pos*/)     /*!< ITM 
 852:C:\Users\bahri\GitHub\VirtualKeypad\Eclipse_USBProject_WS\Project_USB_CrossCompile\system\include\cmsis\core_cm4.h **** 
 853:C:\Users\bahri\GitHub\VirtualKeypad\Eclipse_USBProject_WS\Project_USB_CrossCompile\system\include\cmsis\core_cm4.h **** /* ITM Trace Control Register Definitions */
 854:C:\Users\bahri\GitHub\VirtualKeypad\Eclipse_USBProject_WS\Project_USB_CrossCompile\system\include\cmsis\core_cm4.h **** #define ITM_TCR_BUSY_Pos                   23U                                            /*!< ITM 
 855:C:\Users\bahri\GitHub\VirtualKeypad\Eclipse_USBProject_WS\Project_USB_CrossCompile\system\include\cmsis\core_cm4.h **** #define ITM_TCR_BUSY_Msk                   (1UL << ITM_TCR_BUSY_Pos)                      /*!< ITM 
 856:C:\Users\bahri\GitHub\VirtualKeypad\Eclipse_USBProject_WS\Project_USB_CrossCompile\system\include\cmsis\core_cm4.h **** 
 857:C:\Users\bahri\GitHub\VirtualKeypad\Eclipse_USBProject_WS\Project_USB_CrossCompile\system\include\cmsis\core_cm4.h **** #define ITM_TCR_TraceBusID_Pos             16U                                            /*!< ITM 
 858:C:\Users\bahri\GitHub\VirtualKeypad\Eclipse_USBProject_WS\Project_USB_CrossCompile\system\include\cmsis\core_cm4.h **** #define ITM_TCR_TraceBusID_Msk             (0x7FUL << ITM_TCR_TraceBusID_Pos)             /*!< ITM 
 859:C:\Users\bahri\GitHub\VirtualKeypad\Eclipse_USBProject_WS\Project_USB_CrossCompile\system\include\cmsis\core_cm4.h **** 
 860:C:\Users\bahri\GitHub\VirtualKeypad\Eclipse_USBProject_WS\Project_USB_CrossCompile\system\include\cmsis\core_cm4.h **** #define ITM_TCR_GTSFREQ_Pos                10U                                            /*!< ITM 
 861:C:\Users\bahri\GitHub\VirtualKeypad\Eclipse_USBProject_WS\Project_USB_CrossCompile\system\include\cmsis\core_cm4.h **** #define ITM_TCR_GTSFREQ_Msk                (3UL << ITM_TCR_GTSFREQ_Pos)                   /*!< ITM 
 862:C:\Users\bahri\GitHub\VirtualKeypad\Eclipse_USBProject_WS\Project_USB_CrossCompile\system\include\cmsis\core_cm4.h **** 
 863:C:\Users\bahri\GitHub\VirtualKeypad\Eclipse_USBProject_WS\Project_USB_CrossCompile\system\include\cmsis\core_cm4.h **** #define ITM_TCR_TSPrescale_Pos              8U                                            /*!< ITM 
 864:C:\Users\bahri\GitHub\VirtualKeypad\Eclipse_USBProject_WS\Project_USB_CrossCompile\system\include\cmsis\core_cm4.h **** #define ITM_TCR_TSPrescale_Msk             (3UL << ITM_TCR_TSPrescale_Pos)                /*!< ITM 
 865:C:\Users\bahri\GitHub\VirtualKeypad\Eclipse_USBProject_WS\Project_USB_CrossCompile\system\include\cmsis\core_cm4.h **** 
 866:C:\Users\bahri\GitHub\VirtualKeypad\Eclipse_USBProject_WS\Project_USB_CrossCompile\system\include\cmsis\core_cm4.h **** #define ITM_TCR_SWOENA_Pos                  4U                                            /*!< ITM 
 867:C:\Users\bahri\GitHub\VirtualKeypad\Eclipse_USBProject_WS\Project_USB_CrossCompile\system\include\cmsis\core_cm4.h **** #define ITM_TCR_SWOENA_Msk                 (1UL << ITM_TCR_SWOENA_Pos)                    /*!< ITM 
 868:C:\Users\bahri\GitHub\VirtualKeypad\Eclipse_USBProject_WS\Project_USB_CrossCompile\system\include\cmsis\core_cm4.h **** 
 869:C:\Users\bahri\GitHub\VirtualKeypad\Eclipse_USBProject_WS\Project_USB_CrossCompile\system\include\cmsis\core_cm4.h **** #define ITM_TCR_DWTENA_Pos                  3U                                            /*!< ITM 
 870:C:\Users\bahri\GitHub\VirtualKeypad\Eclipse_USBProject_WS\Project_USB_CrossCompile\system\include\cmsis\core_cm4.h **** #define ITM_TCR_DWTENA_Msk                 (1UL << ITM_TCR_DWTENA_Pos)                    /*!< ITM 
 871:C:\Users\bahri\GitHub\VirtualKeypad\Eclipse_USBProject_WS\Project_USB_CrossCompile\system\include\cmsis\core_cm4.h **** 
 872:C:\Users\bahri\GitHub\VirtualKeypad\Eclipse_USBProject_WS\Project_USB_CrossCompile\system\include\cmsis\core_cm4.h **** #define ITM_TCR_SYNCENA_Pos                 2U                                            /*!< ITM 
 873:C:\Users\bahri\GitHub\VirtualKeypad\Eclipse_USBProject_WS\Project_USB_CrossCompile\system\include\cmsis\core_cm4.h **** #define ITM_TCR_SYNCENA_Msk                (1UL << ITM_TCR_SYNCENA_Pos)                   /*!< ITM 
 874:C:\Users\bahri\GitHub\VirtualKeypad\Eclipse_USBProject_WS\Project_USB_CrossCompile\system\include\cmsis\core_cm4.h **** 
 875:C:\Users\bahri\GitHub\VirtualKeypad\Eclipse_USBProject_WS\Project_USB_CrossCompile\system\include\cmsis\core_cm4.h **** #define ITM_TCR_TSENA_Pos                   1U                                            /*!< ITM 
 876:C:\Users\bahri\GitHub\VirtualKeypad\Eclipse_USBProject_WS\Project_USB_CrossCompile\system\include\cmsis\core_cm4.h **** #define ITM_TCR_TSENA_Msk                  (1UL << ITM_TCR_TSENA_Pos)                     /*!< ITM 
 877:C:\Users\bahri\GitHub\VirtualKeypad\Eclipse_USBProject_WS\Project_USB_CrossCompile\system\include\cmsis\core_cm4.h **** 
 878:C:\Users\bahri\GitHub\VirtualKeypad\Eclipse_USBProject_WS\Project_USB_CrossCompile\system\include\cmsis\core_cm4.h **** #define ITM_TCR_ITMENA_Pos                  0U                                            /*!< ITM 
 879:C:\Users\bahri\GitHub\VirtualKeypad\Eclipse_USBProject_WS\Project_USB_CrossCompile\system\include\cmsis\core_cm4.h **** #define ITM_TCR_ITMENA_Msk                 (1UL /*<< ITM_TCR_ITMENA_Pos*/)                /*!< ITM 
 880:C:\Users\bahri\GitHub\VirtualKeypad\Eclipse_USBProject_WS\Project_USB_CrossCompile\system\include\cmsis\core_cm4.h **** 
 881:C:\Users\bahri\GitHub\VirtualKeypad\Eclipse_USBProject_WS\Project_USB_CrossCompile\system\include\cmsis\core_cm4.h **** /* ITM Lock Status Register Definitions */
 882:C:\Users\bahri\GitHub\VirtualKeypad\Eclipse_USBProject_WS\Project_USB_CrossCompile\system\include\cmsis\core_cm4.h **** #define ITM_LSR_ByteAcc_Pos                 2U                                            /*!< ITM 
 883:C:\Users\bahri\GitHub\VirtualKeypad\Eclipse_USBProject_WS\Project_USB_CrossCompile\system\include\cmsis\core_cm4.h **** #define ITM_LSR_ByteAcc_Msk                (1UL << ITM_LSR_ByteAcc_Pos)                   /*!< ITM 
 884:C:\Users\bahri\GitHub\VirtualKeypad\Eclipse_USBProject_WS\Project_USB_CrossCompile\system\include\cmsis\core_cm4.h **** 
 885:C:\Users\bahri\GitHub\VirtualKeypad\Eclipse_USBProject_WS\Project_USB_CrossCompile\system\include\cmsis\core_cm4.h **** #define ITM_LSR_Access_Pos                  1U                                            /*!< ITM 
 886:C:\Users\bahri\GitHub\VirtualKeypad\Eclipse_USBProject_WS\Project_USB_CrossCompile\system\include\cmsis\core_cm4.h **** #define ITM_LSR_Access_Msk                 (1UL << ITM_LSR_Access_Pos)                    /*!< ITM 
 887:C:\Users\bahri\GitHub\VirtualKeypad\Eclipse_USBProject_WS\Project_USB_CrossCompile\system\include\cmsis\core_cm4.h **** 
 888:C:\Users\bahri\GitHub\VirtualKeypad\Eclipse_USBProject_WS\Project_USB_CrossCompile\system\include\cmsis\core_cm4.h **** #define ITM_LSR_Present_Pos                 0U                                            /*!< ITM 
 889:C:\Users\bahri\GitHub\VirtualKeypad\Eclipse_USBProject_WS\Project_USB_CrossCompile\system\include\cmsis\core_cm4.h **** #define ITM_LSR_Present_Msk                (1UL /*<< ITM_LSR_Present_Pos*/)               /*!< ITM 
 890:C:\Users\bahri\GitHub\VirtualKeypad\Eclipse_USBProject_WS\Project_USB_CrossCompile\system\include\cmsis\core_cm4.h **** 
 891:C:\Users\bahri\GitHub\VirtualKeypad\Eclipse_USBProject_WS\Project_USB_CrossCompile\system\include\cmsis\core_cm4.h **** /*@}*/ /* end of group CMSIS_ITM */
 892:C:\Users\bahri\GitHub\VirtualKeypad\Eclipse_USBProject_WS\Project_USB_CrossCompile\system\include\cmsis\core_cm4.h **** 
 893:C:\Users\bahri\GitHub\VirtualKeypad\Eclipse_USBProject_WS\Project_USB_CrossCompile\system\include\cmsis\core_cm4.h **** 
 894:C:\Users\bahri\GitHub\VirtualKeypad\Eclipse_USBProject_WS\Project_USB_CrossCompile\system\include\cmsis\core_cm4.h **** /**
 895:C:\Users\bahri\GitHub\VirtualKeypad\Eclipse_USBProject_WS\Project_USB_CrossCompile\system\include\cmsis\core_cm4.h ****   \ingroup  CMSIS_core_register
 896:C:\Users\bahri\GitHub\VirtualKeypad\Eclipse_USBProject_WS\Project_USB_CrossCompile\system\include\cmsis\core_cm4.h ****   \defgroup CMSIS_DWT     Data Watchpoint and Trace (DWT)
 897:C:\Users\bahri\GitHub\VirtualKeypad\Eclipse_USBProject_WS\Project_USB_CrossCompile\system\include\cmsis\core_cm4.h ****   \brief    Type definitions for the Data Watchpoint and Trace (DWT)
 898:C:\Users\bahri\GitHub\VirtualKeypad\Eclipse_USBProject_WS\Project_USB_CrossCompile\system\include\cmsis\core_cm4.h ****   @{
 899:C:\Users\bahri\GitHub\VirtualKeypad\Eclipse_USBProject_WS\Project_USB_CrossCompile\system\include\cmsis\core_cm4.h ****  */
 900:C:\Users\bahri\GitHub\VirtualKeypad\Eclipse_USBProject_WS\Project_USB_CrossCompile\system\include\cmsis\core_cm4.h **** 
 901:C:\Users\bahri\GitHub\VirtualKeypad\Eclipse_USBProject_WS\Project_USB_CrossCompile\system\include\cmsis\core_cm4.h **** /**
 902:C:\Users\bahri\GitHub\VirtualKeypad\Eclipse_USBProject_WS\Project_USB_CrossCompile\system\include\cmsis\core_cm4.h ****   \brief  Structure type to access the Data Watchpoint and Trace Register (DWT).
 903:C:\Users\bahri\GitHub\VirtualKeypad\Eclipse_USBProject_WS\Project_USB_CrossCompile\system\include\cmsis\core_cm4.h ****  */
 904:C:\Users\bahri\GitHub\VirtualKeypad\Eclipse_USBProject_WS\Project_USB_CrossCompile\system\include\cmsis\core_cm4.h **** typedef struct
 905:C:\Users\bahri\GitHub\VirtualKeypad\Eclipse_USBProject_WS\Project_USB_CrossCompile\system\include\cmsis\core_cm4.h **** {
 906:C:\Users\bahri\GitHub\VirtualKeypad\Eclipse_USBProject_WS\Project_USB_CrossCompile\system\include\cmsis\core_cm4.h ****   __IOM uint32_t CTRL;                   /*!< Offset: 0x000 (R/W)  Control Register */
 907:C:\Users\bahri\GitHub\VirtualKeypad\Eclipse_USBProject_WS\Project_USB_CrossCompile\system\include\cmsis\core_cm4.h ****   __IOM uint32_t CYCCNT;                 /*!< Offset: 0x004 (R/W)  Cycle Count Register */
 908:C:\Users\bahri\GitHub\VirtualKeypad\Eclipse_USBProject_WS\Project_USB_CrossCompile\system\include\cmsis\core_cm4.h ****   __IOM uint32_t CPICNT;                 /*!< Offset: 0x008 (R/W)  CPI Count Register */
 909:C:\Users\bahri\GitHub\VirtualKeypad\Eclipse_USBProject_WS\Project_USB_CrossCompile\system\include\cmsis\core_cm4.h ****   __IOM uint32_t EXCCNT;                 /*!< Offset: 0x00C (R/W)  Exception Overhead Count Registe
 910:C:\Users\bahri\GitHub\VirtualKeypad\Eclipse_USBProject_WS\Project_USB_CrossCompile\system\include\cmsis\core_cm4.h ****   __IOM uint32_t SLEEPCNT;               /*!< Offset: 0x010 (R/W)  Sleep Count Register */
 911:C:\Users\bahri\GitHub\VirtualKeypad\Eclipse_USBProject_WS\Project_USB_CrossCompile\system\include\cmsis\core_cm4.h ****   __IOM uint32_t LSUCNT;                 /*!< Offset: 0x014 (R/W)  LSU Count Register */
 912:C:\Users\bahri\GitHub\VirtualKeypad\Eclipse_USBProject_WS\Project_USB_CrossCompile\system\include\cmsis\core_cm4.h ****   __IOM uint32_t FOLDCNT;                /*!< Offset: 0x018 (R/W)  Folded-instruction Count Registe
 913:C:\Users\bahri\GitHub\VirtualKeypad\Eclipse_USBProject_WS\Project_USB_CrossCompile\system\include\cmsis\core_cm4.h ****   __IM  uint32_t PCSR;                   /*!< Offset: 0x01C (R/ )  Program Counter Sample Register 
 914:C:\Users\bahri\GitHub\VirtualKeypad\Eclipse_USBProject_WS\Project_USB_CrossCompile\system\include\cmsis\core_cm4.h ****   __IOM uint32_t COMP0;                  /*!< Offset: 0x020 (R/W)  Comparator Register 0 */
 915:C:\Users\bahri\GitHub\VirtualKeypad\Eclipse_USBProject_WS\Project_USB_CrossCompile\system\include\cmsis\core_cm4.h ****   __IOM uint32_t MASK0;                  /*!< Offset: 0x024 (R/W)  Mask Register 0 */
 916:C:\Users\bahri\GitHub\VirtualKeypad\Eclipse_USBProject_WS\Project_USB_CrossCompile\system\include\cmsis\core_cm4.h ****   __IOM uint32_t FUNCTION0;              /*!< Offset: 0x028 (R/W)  Function Register 0 */
 917:C:\Users\bahri\GitHub\VirtualKeypad\Eclipse_USBProject_WS\Project_USB_CrossCompile\system\include\cmsis\core_cm4.h ****         uint32_t RESERVED0[1U];
 918:C:\Users\bahri\GitHub\VirtualKeypad\Eclipse_USBProject_WS\Project_USB_CrossCompile\system\include\cmsis\core_cm4.h ****   __IOM uint32_t COMP1;                  /*!< Offset: 0x030 (R/W)  Comparator Register 1 */
 919:C:\Users\bahri\GitHub\VirtualKeypad\Eclipse_USBProject_WS\Project_USB_CrossCompile\system\include\cmsis\core_cm4.h ****   __IOM uint32_t MASK1;                  /*!< Offset: 0x034 (R/W)  Mask Register 1 */
 920:C:\Users\bahri\GitHub\VirtualKeypad\Eclipse_USBProject_WS\Project_USB_CrossCompile\system\include\cmsis\core_cm4.h ****   __IOM uint32_t FUNCTION1;              /*!< Offset: 0x038 (R/W)  Function Register 1 */
 921:C:\Users\bahri\GitHub\VirtualKeypad\Eclipse_USBProject_WS\Project_USB_CrossCompile\system\include\cmsis\core_cm4.h ****         uint32_t RESERVED1[1U];
 922:C:\Users\bahri\GitHub\VirtualKeypad\Eclipse_USBProject_WS\Project_USB_CrossCompile\system\include\cmsis\core_cm4.h ****   __IOM uint32_t COMP2;                  /*!< Offset: 0x040 (R/W)  Comparator Register 2 */
 923:C:\Users\bahri\GitHub\VirtualKeypad\Eclipse_USBProject_WS\Project_USB_CrossCompile\system\include\cmsis\core_cm4.h ****   __IOM uint32_t MASK2;                  /*!< Offset: 0x044 (R/W)  Mask Register 2 */
 924:C:\Users\bahri\GitHub\VirtualKeypad\Eclipse_USBProject_WS\Project_USB_CrossCompile\system\include\cmsis\core_cm4.h ****   __IOM uint32_t FUNCTION2;              /*!< Offset: 0x048 (R/W)  Function Register 2 */
 925:C:\Users\bahri\GitHub\VirtualKeypad\Eclipse_USBProject_WS\Project_USB_CrossCompile\system\include\cmsis\core_cm4.h ****         uint32_t RESERVED2[1U];
 926:C:\Users\bahri\GitHub\VirtualKeypad\Eclipse_USBProject_WS\Project_USB_CrossCompile\system\include\cmsis\core_cm4.h ****   __IOM uint32_t COMP3;                  /*!< Offset: 0x050 (R/W)  Comparator Register 3 */
 927:C:\Users\bahri\GitHub\VirtualKeypad\Eclipse_USBProject_WS\Project_USB_CrossCompile\system\include\cmsis\core_cm4.h ****   __IOM uint32_t MASK3;                  /*!< Offset: 0x054 (R/W)  Mask Register 3 */
 928:C:\Users\bahri\GitHub\VirtualKeypad\Eclipse_USBProject_WS\Project_USB_CrossCompile\system\include\cmsis\core_cm4.h ****   __IOM uint32_t FUNCTION3;              /*!< Offset: 0x058 (R/W)  Function Register 3 */
 929:C:\Users\bahri\GitHub\VirtualKeypad\Eclipse_USBProject_WS\Project_USB_CrossCompile\system\include\cmsis\core_cm4.h **** } DWT_Type;
 930:C:\Users\bahri\GitHub\VirtualKeypad\Eclipse_USBProject_WS\Project_USB_CrossCompile\system\include\cmsis\core_cm4.h **** 
 931:C:\Users\bahri\GitHub\VirtualKeypad\Eclipse_USBProject_WS\Project_USB_CrossCompile\system\include\cmsis\core_cm4.h **** /* DWT Control Register Definitions */
 932:C:\Users\bahri\GitHub\VirtualKeypad\Eclipse_USBProject_WS\Project_USB_CrossCompile\system\include\cmsis\core_cm4.h **** #define DWT_CTRL_NUMCOMP_Pos               28U                                         /*!< DWT CTR
 933:C:\Users\bahri\GitHub\VirtualKeypad\Eclipse_USBProject_WS\Project_USB_CrossCompile\system\include\cmsis\core_cm4.h **** #define DWT_CTRL_NUMCOMP_Msk               (0xFUL << DWT_CTRL_NUMCOMP_Pos)             /*!< DWT CTR
 934:C:\Users\bahri\GitHub\VirtualKeypad\Eclipse_USBProject_WS\Project_USB_CrossCompile\system\include\cmsis\core_cm4.h **** 
 935:C:\Users\bahri\GitHub\VirtualKeypad\Eclipse_USBProject_WS\Project_USB_CrossCompile\system\include\cmsis\core_cm4.h **** #define DWT_CTRL_NOTRCPKT_Pos              27U                                         /*!< DWT CTR
 936:C:\Users\bahri\GitHub\VirtualKeypad\Eclipse_USBProject_WS\Project_USB_CrossCompile\system\include\cmsis\core_cm4.h **** #define DWT_CTRL_NOTRCPKT_Msk              (0x1UL << DWT_CTRL_NOTRCPKT_Pos)            /*!< DWT CTR
 937:C:\Users\bahri\GitHub\VirtualKeypad\Eclipse_USBProject_WS\Project_USB_CrossCompile\system\include\cmsis\core_cm4.h **** 
 938:C:\Users\bahri\GitHub\VirtualKeypad\Eclipse_USBProject_WS\Project_USB_CrossCompile\system\include\cmsis\core_cm4.h **** #define DWT_CTRL_NOEXTTRIG_Pos             26U                                         /*!< DWT CTR
 939:C:\Users\bahri\GitHub\VirtualKeypad\Eclipse_USBProject_WS\Project_USB_CrossCompile\system\include\cmsis\core_cm4.h **** #define DWT_CTRL_NOEXTTRIG_Msk             (0x1UL << DWT_CTRL_NOEXTTRIG_Pos)           /*!< DWT CTR
 940:C:\Users\bahri\GitHub\VirtualKeypad\Eclipse_USBProject_WS\Project_USB_CrossCompile\system\include\cmsis\core_cm4.h **** 
 941:C:\Users\bahri\GitHub\VirtualKeypad\Eclipse_USBProject_WS\Project_USB_CrossCompile\system\include\cmsis\core_cm4.h **** #define DWT_CTRL_NOCYCCNT_Pos              25U                                         /*!< DWT CTR
 942:C:\Users\bahri\GitHub\VirtualKeypad\Eclipse_USBProject_WS\Project_USB_CrossCompile\system\include\cmsis\core_cm4.h **** #define DWT_CTRL_NOCYCCNT_Msk              (0x1UL << DWT_CTRL_NOCYCCNT_Pos)            /*!< DWT CTR
 943:C:\Users\bahri\GitHub\VirtualKeypad\Eclipse_USBProject_WS\Project_USB_CrossCompile\system\include\cmsis\core_cm4.h **** 
 944:C:\Users\bahri\GitHub\VirtualKeypad\Eclipse_USBProject_WS\Project_USB_CrossCompile\system\include\cmsis\core_cm4.h **** #define DWT_CTRL_NOPRFCNT_Pos              24U                                         /*!< DWT CTR
 945:C:\Users\bahri\GitHub\VirtualKeypad\Eclipse_USBProject_WS\Project_USB_CrossCompile\system\include\cmsis\core_cm4.h **** #define DWT_CTRL_NOPRFCNT_Msk              (0x1UL << DWT_CTRL_NOPRFCNT_Pos)            /*!< DWT CTR
 946:C:\Users\bahri\GitHub\VirtualKeypad\Eclipse_USBProject_WS\Project_USB_CrossCompile\system\include\cmsis\core_cm4.h **** 
 947:C:\Users\bahri\GitHub\VirtualKeypad\Eclipse_USBProject_WS\Project_USB_CrossCompile\system\include\cmsis\core_cm4.h **** #define DWT_CTRL_CYCEVTENA_Pos             22U                                         /*!< DWT CTR
 948:C:\Users\bahri\GitHub\VirtualKeypad\Eclipse_USBProject_WS\Project_USB_CrossCompile\system\include\cmsis\core_cm4.h **** #define DWT_CTRL_CYCEVTENA_Msk             (0x1UL << DWT_CTRL_CYCEVTENA_Pos)           /*!< DWT CTR
 949:C:\Users\bahri\GitHub\VirtualKeypad\Eclipse_USBProject_WS\Project_USB_CrossCompile\system\include\cmsis\core_cm4.h **** 
 950:C:\Users\bahri\GitHub\VirtualKeypad\Eclipse_USBProject_WS\Project_USB_CrossCompile\system\include\cmsis\core_cm4.h **** #define DWT_CTRL_FOLDEVTENA_Pos            21U                                         /*!< DWT CTR
 951:C:\Users\bahri\GitHub\VirtualKeypad\Eclipse_USBProject_WS\Project_USB_CrossCompile\system\include\cmsis\core_cm4.h **** #define DWT_CTRL_FOLDEVTENA_Msk            (0x1UL << DWT_CTRL_FOLDEVTENA_Pos)          /*!< DWT CTR
 952:C:\Users\bahri\GitHub\VirtualKeypad\Eclipse_USBProject_WS\Project_USB_CrossCompile\system\include\cmsis\core_cm4.h **** 
 953:C:\Users\bahri\GitHub\VirtualKeypad\Eclipse_USBProject_WS\Project_USB_CrossCompile\system\include\cmsis\core_cm4.h **** #define DWT_CTRL_LSUEVTENA_Pos             20U                                         /*!< DWT CTR
 954:C:\Users\bahri\GitHub\VirtualKeypad\Eclipse_USBProject_WS\Project_USB_CrossCompile\system\include\cmsis\core_cm4.h **** #define DWT_CTRL_LSUEVTENA_Msk             (0x1UL << DWT_CTRL_LSUEVTENA_Pos)           /*!< DWT CTR
 955:C:\Users\bahri\GitHub\VirtualKeypad\Eclipse_USBProject_WS\Project_USB_CrossCompile\system\include\cmsis\core_cm4.h **** 
 956:C:\Users\bahri\GitHub\VirtualKeypad\Eclipse_USBProject_WS\Project_USB_CrossCompile\system\include\cmsis\core_cm4.h **** #define DWT_CTRL_SLEEPEVTENA_Pos           19U                                         /*!< DWT CTR
 957:C:\Users\bahri\GitHub\VirtualKeypad\Eclipse_USBProject_WS\Project_USB_CrossCompile\system\include\cmsis\core_cm4.h **** #define DWT_CTRL_SLEEPEVTENA_Msk           (0x1UL << DWT_CTRL_SLEEPEVTENA_Pos)         /*!< DWT CTR
 958:C:\Users\bahri\GitHub\VirtualKeypad\Eclipse_USBProject_WS\Project_USB_CrossCompile\system\include\cmsis\core_cm4.h **** 
 959:C:\Users\bahri\GitHub\VirtualKeypad\Eclipse_USBProject_WS\Project_USB_CrossCompile\system\include\cmsis\core_cm4.h **** #define DWT_CTRL_EXCEVTENA_Pos             18U                                         /*!< DWT CTR
 960:C:\Users\bahri\GitHub\VirtualKeypad\Eclipse_USBProject_WS\Project_USB_CrossCompile\system\include\cmsis\core_cm4.h **** #define DWT_CTRL_EXCEVTENA_Msk             (0x1UL << DWT_CTRL_EXCEVTENA_Pos)           /*!< DWT CTR
 961:C:\Users\bahri\GitHub\VirtualKeypad\Eclipse_USBProject_WS\Project_USB_CrossCompile\system\include\cmsis\core_cm4.h **** 
 962:C:\Users\bahri\GitHub\VirtualKeypad\Eclipse_USBProject_WS\Project_USB_CrossCompile\system\include\cmsis\core_cm4.h **** #define DWT_CTRL_CPIEVTENA_Pos             17U                                         /*!< DWT CTR
 963:C:\Users\bahri\GitHub\VirtualKeypad\Eclipse_USBProject_WS\Project_USB_CrossCompile\system\include\cmsis\core_cm4.h **** #define DWT_CTRL_CPIEVTENA_Msk             (0x1UL << DWT_CTRL_CPIEVTENA_Pos)           /*!< DWT CTR
 964:C:\Users\bahri\GitHub\VirtualKeypad\Eclipse_USBProject_WS\Project_USB_CrossCompile\system\include\cmsis\core_cm4.h **** 
 965:C:\Users\bahri\GitHub\VirtualKeypad\Eclipse_USBProject_WS\Project_USB_CrossCompile\system\include\cmsis\core_cm4.h **** #define DWT_CTRL_EXCTRCENA_Pos             16U                                         /*!< DWT CTR
 966:C:\Users\bahri\GitHub\VirtualKeypad\Eclipse_USBProject_WS\Project_USB_CrossCompile\system\include\cmsis\core_cm4.h **** #define DWT_CTRL_EXCTRCENA_Msk             (0x1UL << DWT_CTRL_EXCTRCENA_Pos)           /*!< DWT CTR
 967:C:\Users\bahri\GitHub\VirtualKeypad\Eclipse_USBProject_WS\Project_USB_CrossCompile\system\include\cmsis\core_cm4.h **** 
 968:C:\Users\bahri\GitHub\VirtualKeypad\Eclipse_USBProject_WS\Project_USB_CrossCompile\system\include\cmsis\core_cm4.h **** #define DWT_CTRL_PCSAMPLENA_Pos            12U                                         /*!< DWT CTR
 969:C:\Users\bahri\GitHub\VirtualKeypad\Eclipse_USBProject_WS\Project_USB_CrossCompile\system\include\cmsis\core_cm4.h **** #define DWT_CTRL_PCSAMPLENA_Msk            (0x1UL << DWT_CTRL_PCSAMPLENA_Pos)          /*!< DWT CTR
 970:C:\Users\bahri\GitHub\VirtualKeypad\Eclipse_USBProject_WS\Project_USB_CrossCompile\system\include\cmsis\core_cm4.h **** 
 971:C:\Users\bahri\GitHub\VirtualKeypad\Eclipse_USBProject_WS\Project_USB_CrossCompile\system\include\cmsis\core_cm4.h **** #define DWT_CTRL_SYNCTAP_Pos               10U                                         /*!< DWT CTR
 972:C:\Users\bahri\GitHub\VirtualKeypad\Eclipse_USBProject_WS\Project_USB_CrossCompile\system\include\cmsis\core_cm4.h **** #define DWT_CTRL_SYNCTAP_Msk               (0x3UL << DWT_CTRL_SYNCTAP_Pos)             /*!< DWT CTR
 973:C:\Users\bahri\GitHub\VirtualKeypad\Eclipse_USBProject_WS\Project_USB_CrossCompile\system\include\cmsis\core_cm4.h **** 
 974:C:\Users\bahri\GitHub\VirtualKeypad\Eclipse_USBProject_WS\Project_USB_CrossCompile\system\include\cmsis\core_cm4.h **** #define DWT_CTRL_CYCTAP_Pos                 9U                                         /*!< DWT CTR
 975:C:\Users\bahri\GitHub\VirtualKeypad\Eclipse_USBProject_WS\Project_USB_CrossCompile\system\include\cmsis\core_cm4.h **** #define DWT_CTRL_CYCTAP_Msk                (0x1UL << DWT_CTRL_CYCTAP_Pos)              /*!< DWT CTR
 976:C:\Users\bahri\GitHub\VirtualKeypad\Eclipse_USBProject_WS\Project_USB_CrossCompile\system\include\cmsis\core_cm4.h **** 
 977:C:\Users\bahri\GitHub\VirtualKeypad\Eclipse_USBProject_WS\Project_USB_CrossCompile\system\include\cmsis\core_cm4.h **** #define DWT_CTRL_POSTINIT_Pos               5U                                         /*!< DWT CTR
 978:C:\Users\bahri\GitHub\VirtualKeypad\Eclipse_USBProject_WS\Project_USB_CrossCompile\system\include\cmsis\core_cm4.h **** #define DWT_CTRL_POSTINIT_Msk              (0xFUL << DWT_CTRL_POSTINIT_Pos)            /*!< DWT CTR
 979:C:\Users\bahri\GitHub\VirtualKeypad\Eclipse_USBProject_WS\Project_USB_CrossCompile\system\include\cmsis\core_cm4.h **** 
 980:C:\Users\bahri\GitHub\VirtualKeypad\Eclipse_USBProject_WS\Project_USB_CrossCompile\system\include\cmsis\core_cm4.h **** #define DWT_CTRL_POSTPRESET_Pos             1U                                         /*!< DWT CTR
 981:C:\Users\bahri\GitHub\VirtualKeypad\Eclipse_USBProject_WS\Project_USB_CrossCompile\system\include\cmsis\core_cm4.h **** #define DWT_CTRL_POSTPRESET_Msk            (0xFUL << DWT_CTRL_POSTPRESET_Pos)          /*!< DWT CTR
 982:C:\Users\bahri\GitHub\VirtualKeypad\Eclipse_USBProject_WS\Project_USB_CrossCompile\system\include\cmsis\core_cm4.h **** 
 983:C:\Users\bahri\GitHub\VirtualKeypad\Eclipse_USBProject_WS\Project_USB_CrossCompile\system\include\cmsis\core_cm4.h **** #define DWT_CTRL_CYCCNTENA_Pos              0U                                         /*!< DWT CTR
 984:C:\Users\bahri\GitHub\VirtualKeypad\Eclipse_USBProject_WS\Project_USB_CrossCompile\system\include\cmsis\core_cm4.h **** #define DWT_CTRL_CYCCNTENA_Msk             (0x1UL /*<< DWT_CTRL_CYCCNTENA_Pos*/)       /*!< DWT CTR
 985:C:\Users\bahri\GitHub\VirtualKeypad\Eclipse_USBProject_WS\Project_USB_CrossCompile\system\include\cmsis\core_cm4.h **** 
 986:C:\Users\bahri\GitHub\VirtualKeypad\Eclipse_USBProject_WS\Project_USB_CrossCompile\system\include\cmsis\core_cm4.h **** /* DWT CPI Count Register Definitions */
 987:C:\Users\bahri\GitHub\VirtualKeypad\Eclipse_USBProject_WS\Project_USB_CrossCompile\system\include\cmsis\core_cm4.h **** #define DWT_CPICNT_CPICNT_Pos               0U                                         /*!< DWT CPI
 988:C:\Users\bahri\GitHub\VirtualKeypad\Eclipse_USBProject_WS\Project_USB_CrossCompile\system\include\cmsis\core_cm4.h **** #define DWT_CPICNT_CPICNT_Msk              (0xFFUL /*<< DWT_CPICNT_CPICNT_Pos*/)       /*!< DWT CPI
 989:C:\Users\bahri\GitHub\VirtualKeypad\Eclipse_USBProject_WS\Project_USB_CrossCompile\system\include\cmsis\core_cm4.h **** 
 990:C:\Users\bahri\GitHub\VirtualKeypad\Eclipse_USBProject_WS\Project_USB_CrossCompile\system\include\cmsis\core_cm4.h **** /* DWT Exception Overhead Count Register Definitions */
 991:C:\Users\bahri\GitHub\VirtualKeypad\Eclipse_USBProject_WS\Project_USB_CrossCompile\system\include\cmsis\core_cm4.h **** #define DWT_EXCCNT_EXCCNT_Pos               0U                                         /*!< DWT EXC
 992:C:\Users\bahri\GitHub\VirtualKeypad\Eclipse_USBProject_WS\Project_USB_CrossCompile\system\include\cmsis\core_cm4.h **** #define DWT_EXCCNT_EXCCNT_Msk              (0xFFUL /*<< DWT_EXCCNT_EXCCNT_Pos*/)       /*!< DWT EXC
 993:C:\Users\bahri\GitHub\VirtualKeypad\Eclipse_USBProject_WS\Project_USB_CrossCompile\system\include\cmsis\core_cm4.h **** 
 994:C:\Users\bahri\GitHub\VirtualKeypad\Eclipse_USBProject_WS\Project_USB_CrossCompile\system\include\cmsis\core_cm4.h **** /* DWT Sleep Count Register Definitions */
 995:C:\Users\bahri\GitHub\VirtualKeypad\Eclipse_USBProject_WS\Project_USB_CrossCompile\system\include\cmsis\core_cm4.h **** #define DWT_SLEEPCNT_SLEEPCNT_Pos           0U                                         /*!< DWT SLE
 996:C:\Users\bahri\GitHub\VirtualKeypad\Eclipse_USBProject_WS\Project_USB_CrossCompile\system\include\cmsis\core_cm4.h **** #define DWT_SLEEPCNT_SLEEPCNT_Msk          (0xFFUL /*<< DWT_SLEEPCNT_SLEEPCNT_Pos*/)   /*!< DWT SLE
 997:C:\Users\bahri\GitHub\VirtualKeypad\Eclipse_USBProject_WS\Project_USB_CrossCompile\system\include\cmsis\core_cm4.h **** 
 998:C:\Users\bahri\GitHub\VirtualKeypad\Eclipse_USBProject_WS\Project_USB_CrossCompile\system\include\cmsis\core_cm4.h **** /* DWT LSU Count Register Definitions */
 999:C:\Users\bahri\GitHub\VirtualKeypad\Eclipse_USBProject_WS\Project_USB_CrossCompile\system\include\cmsis\core_cm4.h **** #define DWT_LSUCNT_LSUCNT_Pos               0U                                         /*!< DWT LSU
1000:C:\Users\bahri\GitHub\VirtualKeypad\Eclipse_USBProject_WS\Project_USB_CrossCompile\system\include\cmsis\core_cm4.h **** #define DWT_LSUCNT_LSUCNT_Msk              (0xFFUL /*<< DWT_LSUCNT_LSUCNT_Pos*/)       /*!< DWT LSU
1001:C:\Users\bahri\GitHub\VirtualKeypad\Eclipse_USBProject_WS\Project_USB_CrossCompile\system\include\cmsis\core_cm4.h **** 
1002:C:\Users\bahri\GitHub\VirtualKeypad\Eclipse_USBProject_WS\Project_USB_CrossCompile\system\include\cmsis\core_cm4.h **** /* DWT Folded-instruction Count Register Definitions */
1003:C:\Users\bahri\GitHub\VirtualKeypad\Eclipse_USBProject_WS\Project_USB_CrossCompile\system\include\cmsis\core_cm4.h **** #define DWT_FOLDCNT_FOLDCNT_Pos             0U                                         /*!< DWT FOL
1004:C:\Users\bahri\GitHub\VirtualKeypad\Eclipse_USBProject_WS\Project_USB_CrossCompile\system\include\cmsis\core_cm4.h **** #define DWT_FOLDCNT_FOLDCNT_Msk            (0xFFUL /*<< DWT_FOLDCNT_FOLDCNT_Pos*/)     /*!< DWT FOL
1005:C:\Users\bahri\GitHub\VirtualKeypad\Eclipse_USBProject_WS\Project_USB_CrossCompile\system\include\cmsis\core_cm4.h **** 
1006:C:\Users\bahri\GitHub\VirtualKeypad\Eclipse_USBProject_WS\Project_USB_CrossCompile\system\include\cmsis\core_cm4.h **** /* DWT Comparator Mask Register Definitions */
1007:C:\Users\bahri\GitHub\VirtualKeypad\Eclipse_USBProject_WS\Project_USB_CrossCompile\system\include\cmsis\core_cm4.h **** #define DWT_MASK_MASK_Pos                   0U                                         /*!< DWT MAS
1008:C:\Users\bahri\GitHub\VirtualKeypad\Eclipse_USBProject_WS\Project_USB_CrossCompile\system\include\cmsis\core_cm4.h **** #define DWT_MASK_MASK_Msk                  (0x1FUL /*<< DWT_MASK_MASK_Pos*/)           /*!< DWT MAS
1009:C:\Users\bahri\GitHub\VirtualKeypad\Eclipse_USBProject_WS\Project_USB_CrossCompile\system\include\cmsis\core_cm4.h **** 
1010:C:\Users\bahri\GitHub\VirtualKeypad\Eclipse_USBProject_WS\Project_USB_CrossCompile\system\include\cmsis\core_cm4.h **** /* DWT Comparator Function Register Definitions */
1011:C:\Users\bahri\GitHub\VirtualKeypad\Eclipse_USBProject_WS\Project_USB_CrossCompile\system\include\cmsis\core_cm4.h **** #define DWT_FUNCTION_MATCHED_Pos           24U                                         /*!< DWT FUN
1012:C:\Users\bahri\GitHub\VirtualKeypad\Eclipse_USBProject_WS\Project_USB_CrossCompile\system\include\cmsis\core_cm4.h **** #define DWT_FUNCTION_MATCHED_Msk           (0x1UL << DWT_FUNCTION_MATCHED_Pos)         /*!< DWT FUN
1013:C:\Users\bahri\GitHub\VirtualKeypad\Eclipse_USBProject_WS\Project_USB_CrossCompile\system\include\cmsis\core_cm4.h **** 
1014:C:\Users\bahri\GitHub\VirtualKeypad\Eclipse_USBProject_WS\Project_USB_CrossCompile\system\include\cmsis\core_cm4.h **** #define DWT_FUNCTION_DATAVADDR1_Pos        16U                                         /*!< DWT FUN
1015:C:\Users\bahri\GitHub\VirtualKeypad\Eclipse_USBProject_WS\Project_USB_CrossCompile\system\include\cmsis\core_cm4.h **** #define DWT_FUNCTION_DATAVADDR1_Msk        (0xFUL << DWT_FUNCTION_DATAVADDR1_Pos)      /*!< DWT FUN
1016:C:\Users\bahri\GitHub\VirtualKeypad\Eclipse_USBProject_WS\Project_USB_CrossCompile\system\include\cmsis\core_cm4.h **** 
1017:C:\Users\bahri\GitHub\VirtualKeypad\Eclipse_USBProject_WS\Project_USB_CrossCompile\system\include\cmsis\core_cm4.h **** #define DWT_FUNCTION_DATAVADDR0_Pos        12U                                         /*!< DWT FUN
1018:C:\Users\bahri\GitHub\VirtualKeypad\Eclipse_USBProject_WS\Project_USB_CrossCompile\system\include\cmsis\core_cm4.h **** #define DWT_FUNCTION_DATAVADDR0_Msk        (0xFUL << DWT_FUNCTION_DATAVADDR0_Pos)      /*!< DWT FUN
1019:C:\Users\bahri\GitHub\VirtualKeypad\Eclipse_USBProject_WS\Project_USB_CrossCompile\system\include\cmsis\core_cm4.h **** 
1020:C:\Users\bahri\GitHub\VirtualKeypad\Eclipse_USBProject_WS\Project_USB_CrossCompile\system\include\cmsis\core_cm4.h **** #define DWT_FUNCTION_DATAVSIZE_Pos         10U                                         /*!< DWT FUN
1021:C:\Users\bahri\GitHub\VirtualKeypad\Eclipse_USBProject_WS\Project_USB_CrossCompile\system\include\cmsis\core_cm4.h **** #define DWT_FUNCTION_DATAVSIZE_Msk         (0x3UL << DWT_FUNCTION_DATAVSIZE_Pos)       /*!< DWT FUN
1022:C:\Users\bahri\GitHub\VirtualKeypad\Eclipse_USBProject_WS\Project_USB_CrossCompile\system\include\cmsis\core_cm4.h **** 
1023:C:\Users\bahri\GitHub\VirtualKeypad\Eclipse_USBProject_WS\Project_USB_CrossCompile\system\include\cmsis\core_cm4.h **** #define DWT_FUNCTION_LNK1ENA_Pos            9U                                         /*!< DWT FUN
1024:C:\Users\bahri\GitHub\VirtualKeypad\Eclipse_USBProject_WS\Project_USB_CrossCompile\system\include\cmsis\core_cm4.h **** #define DWT_FUNCTION_LNK1ENA_Msk           (0x1UL << DWT_FUNCTION_LNK1ENA_Pos)         /*!< DWT FUN
1025:C:\Users\bahri\GitHub\VirtualKeypad\Eclipse_USBProject_WS\Project_USB_CrossCompile\system\include\cmsis\core_cm4.h **** 
1026:C:\Users\bahri\GitHub\VirtualKeypad\Eclipse_USBProject_WS\Project_USB_CrossCompile\system\include\cmsis\core_cm4.h **** #define DWT_FUNCTION_DATAVMATCH_Pos         8U                                         /*!< DWT FUN
1027:C:\Users\bahri\GitHub\VirtualKeypad\Eclipse_USBProject_WS\Project_USB_CrossCompile\system\include\cmsis\core_cm4.h **** #define DWT_FUNCTION_DATAVMATCH_Msk        (0x1UL << DWT_FUNCTION_DATAVMATCH_Pos)      /*!< DWT FUN
1028:C:\Users\bahri\GitHub\VirtualKeypad\Eclipse_USBProject_WS\Project_USB_CrossCompile\system\include\cmsis\core_cm4.h **** 
1029:C:\Users\bahri\GitHub\VirtualKeypad\Eclipse_USBProject_WS\Project_USB_CrossCompile\system\include\cmsis\core_cm4.h **** #define DWT_FUNCTION_CYCMATCH_Pos           7U                                         /*!< DWT FUN
1030:C:\Users\bahri\GitHub\VirtualKeypad\Eclipse_USBProject_WS\Project_USB_CrossCompile\system\include\cmsis\core_cm4.h **** #define DWT_FUNCTION_CYCMATCH_Msk          (0x1UL << DWT_FUNCTION_CYCMATCH_Pos)        /*!< DWT FUN
1031:C:\Users\bahri\GitHub\VirtualKeypad\Eclipse_USBProject_WS\Project_USB_CrossCompile\system\include\cmsis\core_cm4.h **** 
1032:C:\Users\bahri\GitHub\VirtualKeypad\Eclipse_USBProject_WS\Project_USB_CrossCompile\system\include\cmsis\core_cm4.h **** #define DWT_FUNCTION_EMITRANGE_Pos          5U                                         /*!< DWT FUN
1033:C:\Users\bahri\GitHub\VirtualKeypad\Eclipse_USBProject_WS\Project_USB_CrossCompile\system\include\cmsis\core_cm4.h **** #define DWT_FUNCTION_EMITRANGE_Msk         (0x1UL << DWT_FUNCTION_EMITRANGE_Pos)       /*!< DWT FUN
1034:C:\Users\bahri\GitHub\VirtualKeypad\Eclipse_USBProject_WS\Project_USB_CrossCompile\system\include\cmsis\core_cm4.h **** 
1035:C:\Users\bahri\GitHub\VirtualKeypad\Eclipse_USBProject_WS\Project_USB_CrossCompile\system\include\cmsis\core_cm4.h **** #define DWT_FUNCTION_FUNCTION_Pos           0U                                         /*!< DWT FUN
1036:C:\Users\bahri\GitHub\VirtualKeypad\Eclipse_USBProject_WS\Project_USB_CrossCompile\system\include\cmsis\core_cm4.h **** #define DWT_FUNCTION_FUNCTION_Msk          (0xFUL /*<< DWT_FUNCTION_FUNCTION_Pos*/)    /*!< DWT FUN
1037:C:\Users\bahri\GitHub\VirtualKeypad\Eclipse_USBProject_WS\Project_USB_CrossCompile\system\include\cmsis\core_cm4.h **** 
1038:C:\Users\bahri\GitHub\VirtualKeypad\Eclipse_USBProject_WS\Project_USB_CrossCompile\system\include\cmsis\core_cm4.h **** /*@}*/ /* end of group CMSIS_DWT */
1039:C:\Users\bahri\GitHub\VirtualKeypad\Eclipse_USBProject_WS\Project_USB_CrossCompile\system\include\cmsis\core_cm4.h **** 
1040:C:\Users\bahri\GitHub\VirtualKeypad\Eclipse_USBProject_WS\Project_USB_CrossCompile\system\include\cmsis\core_cm4.h **** 
1041:C:\Users\bahri\GitHub\VirtualKeypad\Eclipse_USBProject_WS\Project_USB_CrossCompile\system\include\cmsis\core_cm4.h **** /**
1042:C:\Users\bahri\GitHub\VirtualKeypad\Eclipse_USBProject_WS\Project_USB_CrossCompile\system\include\cmsis\core_cm4.h ****   \ingroup  CMSIS_core_register
1043:C:\Users\bahri\GitHub\VirtualKeypad\Eclipse_USBProject_WS\Project_USB_CrossCompile\system\include\cmsis\core_cm4.h ****   \defgroup CMSIS_TPI     Trace Port Interface (TPI)
1044:C:\Users\bahri\GitHub\VirtualKeypad\Eclipse_USBProject_WS\Project_USB_CrossCompile\system\include\cmsis\core_cm4.h ****   \brief    Type definitions for the Trace Port Interface (TPI)
1045:C:\Users\bahri\GitHub\VirtualKeypad\Eclipse_USBProject_WS\Project_USB_CrossCompile\system\include\cmsis\core_cm4.h ****   @{
1046:C:\Users\bahri\GitHub\VirtualKeypad\Eclipse_USBProject_WS\Project_USB_CrossCompile\system\include\cmsis\core_cm4.h ****  */
1047:C:\Users\bahri\GitHub\VirtualKeypad\Eclipse_USBProject_WS\Project_USB_CrossCompile\system\include\cmsis\core_cm4.h **** 
1048:C:\Users\bahri\GitHub\VirtualKeypad\Eclipse_USBProject_WS\Project_USB_CrossCompile\system\include\cmsis\core_cm4.h **** /**
1049:C:\Users\bahri\GitHub\VirtualKeypad\Eclipse_USBProject_WS\Project_USB_CrossCompile\system\include\cmsis\core_cm4.h ****   \brief  Structure type to access the Trace Port Interface Register (TPI).
1050:C:\Users\bahri\GitHub\VirtualKeypad\Eclipse_USBProject_WS\Project_USB_CrossCompile\system\include\cmsis\core_cm4.h ****  */
1051:C:\Users\bahri\GitHub\VirtualKeypad\Eclipse_USBProject_WS\Project_USB_CrossCompile\system\include\cmsis\core_cm4.h **** typedef struct
1052:C:\Users\bahri\GitHub\VirtualKeypad\Eclipse_USBProject_WS\Project_USB_CrossCompile\system\include\cmsis\core_cm4.h **** {
1053:C:\Users\bahri\GitHub\VirtualKeypad\Eclipse_USBProject_WS\Project_USB_CrossCompile\system\include\cmsis\core_cm4.h ****   __IM  uint32_t SSPSR;                  /*!< Offset: 0x000 (R/ )  Supported Parallel Port Size Reg
1054:C:\Users\bahri\GitHub\VirtualKeypad\Eclipse_USBProject_WS\Project_USB_CrossCompile\system\include\cmsis\core_cm4.h ****   __IOM uint32_t CSPSR;                  /*!< Offset: 0x004 (R/W)  Current Parallel Port Size Regis
1055:C:\Users\bahri\GitHub\VirtualKeypad\Eclipse_USBProject_WS\Project_USB_CrossCompile\system\include\cmsis\core_cm4.h ****         uint32_t RESERVED0[2U];
1056:C:\Users\bahri\GitHub\VirtualKeypad\Eclipse_USBProject_WS\Project_USB_CrossCompile\system\include\cmsis\core_cm4.h ****   __IOM uint32_t ACPR;                   /*!< Offset: 0x010 (R/W)  Asynchronous Clock Prescaler Reg
1057:C:\Users\bahri\GitHub\VirtualKeypad\Eclipse_USBProject_WS\Project_USB_CrossCompile\system\include\cmsis\core_cm4.h ****         uint32_t RESERVED1[55U];
1058:C:\Users\bahri\GitHub\VirtualKeypad\Eclipse_USBProject_WS\Project_USB_CrossCompile\system\include\cmsis\core_cm4.h ****   __IOM uint32_t SPPR;                   /*!< Offset: 0x0F0 (R/W)  Selected Pin Protocol Register *
1059:C:\Users\bahri\GitHub\VirtualKeypad\Eclipse_USBProject_WS\Project_USB_CrossCompile\system\include\cmsis\core_cm4.h ****         uint32_t RESERVED2[131U];
1060:C:\Users\bahri\GitHub\VirtualKeypad\Eclipse_USBProject_WS\Project_USB_CrossCompile\system\include\cmsis\core_cm4.h ****   __IM  uint32_t FFSR;                   /*!< Offset: 0x300 (R/ )  Formatter and Flush Status Regis
1061:C:\Users\bahri\GitHub\VirtualKeypad\Eclipse_USBProject_WS\Project_USB_CrossCompile\system\include\cmsis\core_cm4.h ****   __IOM uint32_t FFCR;                   /*!< Offset: 0x304 (R/W)  Formatter and Flush Control Regi
1062:C:\Users\bahri\GitHub\VirtualKeypad\Eclipse_USBProject_WS\Project_USB_CrossCompile\system\include\cmsis\core_cm4.h ****   __IM  uint32_t FSCR;                   /*!< Offset: 0x308 (R/ )  Formatter Synchronization Counte
1063:C:\Users\bahri\GitHub\VirtualKeypad\Eclipse_USBProject_WS\Project_USB_CrossCompile\system\include\cmsis\core_cm4.h ****         uint32_t RESERVED3[759U];
1064:C:\Users\bahri\GitHub\VirtualKeypad\Eclipse_USBProject_WS\Project_USB_CrossCompile\system\include\cmsis\core_cm4.h ****   __IM  uint32_t TRIGGER;                /*!< Offset: 0xEE8 (R/ )  TRIGGER Register */
1065:C:\Users\bahri\GitHub\VirtualKeypad\Eclipse_USBProject_WS\Project_USB_CrossCompile\system\include\cmsis\core_cm4.h ****   __IM  uint32_t FIFO0;                  /*!< Offset: 0xEEC (R/ )  Integration ETM Data */
1066:C:\Users\bahri\GitHub\VirtualKeypad\Eclipse_USBProject_WS\Project_USB_CrossCompile\system\include\cmsis\core_cm4.h ****   __IM  uint32_t ITATBCTR2;              /*!< Offset: 0xEF0 (R/ )  ITATBCTR2 */
1067:C:\Users\bahri\GitHub\VirtualKeypad\Eclipse_USBProject_WS\Project_USB_CrossCompile\system\include\cmsis\core_cm4.h ****         uint32_t RESERVED4[1U];
1068:C:\Users\bahri\GitHub\VirtualKeypad\Eclipse_USBProject_WS\Project_USB_CrossCompile\system\include\cmsis\core_cm4.h ****   __IM  uint32_t ITATBCTR0;              /*!< Offset: 0xEF8 (R/ )  ITATBCTR0 */
1069:C:\Users\bahri\GitHub\VirtualKeypad\Eclipse_USBProject_WS\Project_USB_CrossCompile\system\include\cmsis\core_cm4.h ****   __IM  uint32_t FIFO1;                  /*!< Offset: 0xEFC (R/ )  Integration ITM Data */
1070:C:\Users\bahri\GitHub\VirtualKeypad\Eclipse_USBProject_WS\Project_USB_CrossCompile\system\include\cmsis\core_cm4.h ****   __IOM uint32_t ITCTRL;                 /*!< Offset: 0xF00 (R/W)  Integration Mode Control */
1071:C:\Users\bahri\GitHub\VirtualKeypad\Eclipse_USBProject_WS\Project_USB_CrossCompile\system\include\cmsis\core_cm4.h ****         uint32_t RESERVED5[39U];
1072:C:\Users\bahri\GitHub\VirtualKeypad\Eclipse_USBProject_WS\Project_USB_CrossCompile\system\include\cmsis\core_cm4.h ****   __IOM uint32_t CLAIMSET;               /*!< Offset: 0xFA0 (R/W)  Claim tag set */
1073:C:\Users\bahri\GitHub\VirtualKeypad\Eclipse_USBProject_WS\Project_USB_CrossCompile\system\include\cmsis\core_cm4.h ****   __IOM uint32_t CLAIMCLR;               /*!< Offset: 0xFA4 (R/W)  Claim tag clear */
1074:C:\Users\bahri\GitHub\VirtualKeypad\Eclipse_USBProject_WS\Project_USB_CrossCompile\system\include\cmsis\core_cm4.h ****         uint32_t RESERVED7[8U];
1075:C:\Users\bahri\GitHub\VirtualKeypad\Eclipse_USBProject_WS\Project_USB_CrossCompile\system\include\cmsis\core_cm4.h ****   __IM  uint32_t DEVID;                  /*!< Offset: 0xFC8 (R/ )  TPIU_DEVID */
1076:C:\Users\bahri\GitHub\VirtualKeypad\Eclipse_USBProject_WS\Project_USB_CrossCompile\system\include\cmsis\core_cm4.h ****   __IM  uint32_t DEVTYPE;                /*!< Offset: 0xFCC (R/ )  TPIU_DEVTYPE */
1077:C:\Users\bahri\GitHub\VirtualKeypad\Eclipse_USBProject_WS\Project_USB_CrossCompile\system\include\cmsis\core_cm4.h **** } TPI_Type;
1078:C:\Users\bahri\GitHub\VirtualKeypad\Eclipse_USBProject_WS\Project_USB_CrossCompile\system\include\cmsis\core_cm4.h **** 
1079:C:\Users\bahri\GitHub\VirtualKeypad\Eclipse_USBProject_WS\Project_USB_CrossCompile\system\include\cmsis\core_cm4.h **** /* TPI Asynchronous Clock Prescaler Register Definitions */
1080:C:\Users\bahri\GitHub\VirtualKeypad\Eclipse_USBProject_WS\Project_USB_CrossCompile\system\include\cmsis\core_cm4.h **** #define TPI_ACPR_PRESCALER_Pos              0U                                         /*!< TPI ACP
1081:C:\Users\bahri\GitHub\VirtualKeypad\Eclipse_USBProject_WS\Project_USB_CrossCompile\system\include\cmsis\core_cm4.h **** #define TPI_ACPR_PRESCALER_Msk             (0x1FFFUL /*<< TPI_ACPR_PRESCALER_Pos*/)    /*!< TPI ACP
1082:C:\Users\bahri\GitHub\VirtualKeypad\Eclipse_USBProject_WS\Project_USB_CrossCompile\system\include\cmsis\core_cm4.h **** 
1083:C:\Users\bahri\GitHub\VirtualKeypad\Eclipse_USBProject_WS\Project_USB_CrossCompile\system\include\cmsis\core_cm4.h **** /* TPI Selected Pin Protocol Register Definitions */
1084:C:\Users\bahri\GitHub\VirtualKeypad\Eclipse_USBProject_WS\Project_USB_CrossCompile\system\include\cmsis\core_cm4.h **** #define TPI_SPPR_TXMODE_Pos                 0U                                         /*!< TPI SPP
1085:C:\Users\bahri\GitHub\VirtualKeypad\Eclipse_USBProject_WS\Project_USB_CrossCompile\system\include\cmsis\core_cm4.h **** #define TPI_SPPR_TXMODE_Msk                (0x3UL /*<< TPI_SPPR_TXMODE_Pos*/)          /*!< TPI SPP
1086:C:\Users\bahri\GitHub\VirtualKeypad\Eclipse_USBProject_WS\Project_USB_CrossCompile\system\include\cmsis\core_cm4.h **** 
1087:C:\Users\bahri\GitHub\VirtualKeypad\Eclipse_USBProject_WS\Project_USB_CrossCompile\system\include\cmsis\core_cm4.h **** /* TPI Formatter and Flush Status Register Definitions */
1088:C:\Users\bahri\GitHub\VirtualKeypad\Eclipse_USBProject_WS\Project_USB_CrossCompile\system\include\cmsis\core_cm4.h **** #define TPI_FFSR_FtNonStop_Pos              3U                                         /*!< TPI FFS
1089:C:\Users\bahri\GitHub\VirtualKeypad\Eclipse_USBProject_WS\Project_USB_CrossCompile\system\include\cmsis\core_cm4.h **** #define TPI_FFSR_FtNonStop_Msk             (0x1UL << TPI_FFSR_FtNonStop_Pos)           /*!< TPI FFS
1090:C:\Users\bahri\GitHub\VirtualKeypad\Eclipse_USBProject_WS\Project_USB_CrossCompile\system\include\cmsis\core_cm4.h **** 
1091:C:\Users\bahri\GitHub\VirtualKeypad\Eclipse_USBProject_WS\Project_USB_CrossCompile\system\include\cmsis\core_cm4.h **** #define TPI_FFSR_TCPresent_Pos              2U                                         /*!< TPI FFS
1092:C:\Users\bahri\GitHub\VirtualKeypad\Eclipse_USBProject_WS\Project_USB_CrossCompile\system\include\cmsis\core_cm4.h **** #define TPI_FFSR_TCPresent_Msk             (0x1UL << TPI_FFSR_TCPresent_Pos)           /*!< TPI FFS
1093:C:\Users\bahri\GitHub\VirtualKeypad\Eclipse_USBProject_WS\Project_USB_CrossCompile\system\include\cmsis\core_cm4.h **** 
1094:C:\Users\bahri\GitHub\VirtualKeypad\Eclipse_USBProject_WS\Project_USB_CrossCompile\system\include\cmsis\core_cm4.h **** #define TPI_FFSR_FtStopped_Pos              1U                                         /*!< TPI FFS
1095:C:\Users\bahri\GitHub\VirtualKeypad\Eclipse_USBProject_WS\Project_USB_CrossCompile\system\include\cmsis\core_cm4.h **** #define TPI_FFSR_FtStopped_Msk             (0x1UL << TPI_FFSR_FtStopped_Pos)           /*!< TPI FFS
1096:C:\Users\bahri\GitHub\VirtualKeypad\Eclipse_USBProject_WS\Project_USB_CrossCompile\system\include\cmsis\core_cm4.h **** 
1097:C:\Users\bahri\GitHub\VirtualKeypad\Eclipse_USBProject_WS\Project_USB_CrossCompile\system\include\cmsis\core_cm4.h **** #define TPI_FFSR_FlInProg_Pos               0U                                         /*!< TPI FFS
1098:C:\Users\bahri\GitHub\VirtualKeypad\Eclipse_USBProject_WS\Project_USB_CrossCompile\system\include\cmsis\core_cm4.h **** #define TPI_FFSR_FlInProg_Msk              (0x1UL /*<< TPI_FFSR_FlInProg_Pos*/)        /*!< TPI FFS
1099:C:\Users\bahri\GitHub\VirtualKeypad\Eclipse_USBProject_WS\Project_USB_CrossCompile\system\include\cmsis\core_cm4.h **** 
1100:C:\Users\bahri\GitHub\VirtualKeypad\Eclipse_USBProject_WS\Project_USB_CrossCompile\system\include\cmsis\core_cm4.h **** /* TPI Formatter and Flush Control Register Definitions */
1101:C:\Users\bahri\GitHub\VirtualKeypad\Eclipse_USBProject_WS\Project_USB_CrossCompile\system\include\cmsis\core_cm4.h **** #define TPI_FFCR_TrigIn_Pos                 8U                                         /*!< TPI FFC
1102:C:\Users\bahri\GitHub\VirtualKeypad\Eclipse_USBProject_WS\Project_USB_CrossCompile\system\include\cmsis\core_cm4.h **** #define TPI_FFCR_TrigIn_Msk                (0x1UL << TPI_FFCR_TrigIn_Pos)              /*!< TPI FFC
1103:C:\Users\bahri\GitHub\VirtualKeypad\Eclipse_USBProject_WS\Project_USB_CrossCompile\system\include\cmsis\core_cm4.h **** 
1104:C:\Users\bahri\GitHub\VirtualKeypad\Eclipse_USBProject_WS\Project_USB_CrossCompile\system\include\cmsis\core_cm4.h **** #define TPI_FFCR_EnFCont_Pos                1U                                         /*!< TPI FFC
1105:C:\Users\bahri\GitHub\VirtualKeypad\Eclipse_USBProject_WS\Project_USB_CrossCompile\system\include\cmsis\core_cm4.h **** #define TPI_FFCR_EnFCont_Msk               (0x1UL << TPI_FFCR_EnFCont_Pos)             /*!< TPI FFC
1106:C:\Users\bahri\GitHub\VirtualKeypad\Eclipse_USBProject_WS\Project_USB_CrossCompile\system\include\cmsis\core_cm4.h **** 
1107:C:\Users\bahri\GitHub\VirtualKeypad\Eclipse_USBProject_WS\Project_USB_CrossCompile\system\include\cmsis\core_cm4.h **** /* TPI TRIGGER Register Definitions */
1108:C:\Users\bahri\GitHub\VirtualKeypad\Eclipse_USBProject_WS\Project_USB_CrossCompile\system\include\cmsis\core_cm4.h **** #define TPI_TRIGGER_TRIGGER_Pos             0U                                         /*!< TPI TRI
1109:C:\Users\bahri\GitHub\VirtualKeypad\Eclipse_USBProject_WS\Project_USB_CrossCompile\system\include\cmsis\core_cm4.h **** #define TPI_TRIGGER_TRIGGER_Msk            (0x1UL /*<< TPI_TRIGGER_TRIGGER_Pos*/)      /*!< TPI TRI
1110:C:\Users\bahri\GitHub\VirtualKeypad\Eclipse_USBProject_WS\Project_USB_CrossCompile\system\include\cmsis\core_cm4.h **** 
1111:C:\Users\bahri\GitHub\VirtualKeypad\Eclipse_USBProject_WS\Project_USB_CrossCompile\system\include\cmsis\core_cm4.h **** /* TPI Integration ETM Data Register Definitions (FIFO0) */
1112:C:\Users\bahri\GitHub\VirtualKeypad\Eclipse_USBProject_WS\Project_USB_CrossCompile\system\include\cmsis\core_cm4.h **** #define TPI_FIFO0_ITM_ATVALID_Pos          29U                                         /*!< TPI FIF
1113:C:\Users\bahri\GitHub\VirtualKeypad\Eclipse_USBProject_WS\Project_USB_CrossCompile\system\include\cmsis\core_cm4.h **** #define TPI_FIFO0_ITM_ATVALID_Msk          (0x1UL << TPI_FIFO0_ITM_ATVALID_Pos)        /*!< TPI FIF
1114:C:\Users\bahri\GitHub\VirtualKeypad\Eclipse_USBProject_WS\Project_USB_CrossCompile\system\include\cmsis\core_cm4.h **** 
1115:C:\Users\bahri\GitHub\VirtualKeypad\Eclipse_USBProject_WS\Project_USB_CrossCompile\system\include\cmsis\core_cm4.h **** #define TPI_FIFO0_ITM_bytecount_Pos        27U                                         /*!< TPI FIF
1116:C:\Users\bahri\GitHub\VirtualKeypad\Eclipse_USBProject_WS\Project_USB_CrossCompile\system\include\cmsis\core_cm4.h **** #define TPI_FIFO0_ITM_bytecount_Msk        (0x3UL << TPI_FIFO0_ITM_bytecount_Pos)      /*!< TPI FIF
1117:C:\Users\bahri\GitHub\VirtualKeypad\Eclipse_USBProject_WS\Project_USB_CrossCompile\system\include\cmsis\core_cm4.h **** 
1118:C:\Users\bahri\GitHub\VirtualKeypad\Eclipse_USBProject_WS\Project_USB_CrossCompile\system\include\cmsis\core_cm4.h **** #define TPI_FIFO0_ETM_ATVALID_Pos          26U                                         /*!< TPI FIF
1119:C:\Users\bahri\GitHub\VirtualKeypad\Eclipse_USBProject_WS\Project_USB_CrossCompile\system\include\cmsis\core_cm4.h **** #define TPI_FIFO0_ETM_ATVALID_Msk          (0x1UL << TPI_FIFO0_ETM_ATVALID_Pos)        /*!< TPI FIF
1120:C:\Users\bahri\GitHub\VirtualKeypad\Eclipse_USBProject_WS\Project_USB_CrossCompile\system\include\cmsis\core_cm4.h **** 
1121:C:\Users\bahri\GitHub\VirtualKeypad\Eclipse_USBProject_WS\Project_USB_CrossCompile\system\include\cmsis\core_cm4.h **** #define TPI_FIFO0_ETM_bytecount_Pos        24U                                         /*!< TPI FIF
1122:C:\Users\bahri\GitHub\VirtualKeypad\Eclipse_USBProject_WS\Project_USB_CrossCompile\system\include\cmsis\core_cm4.h **** #define TPI_FIFO0_ETM_bytecount_Msk        (0x3UL << TPI_FIFO0_ETM_bytecount_Pos)      /*!< TPI FIF
1123:C:\Users\bahri\GitHub\VirtualKeypad\Eclipse_USBProject_WS\Project_USB_CrossCompile\system\include\cmsis\core_cm4.h **** 
1124:C:\Users\bahri\GitHub\VirtualKeypad\Eclipse_USBProject_WS\Project_USB_CrossCompile\system\include\cmsis\core_cm4.h **** #define TPI_FIFO0_ETM2_Pos                 16U                                         /*!< TPI FIF
1125:C:\Users\bahri\GitHub\VirtualKeypad\Eclipse_USBProject_WS\Project_USB_CrossCompile\system\include\cmsis\core_cm4.h **** #define TPI_FIFO0_ETM2_Msk                 (0xFFUL << TPI_FIFO0_ETM2_Pos)              /*!< TPI FIF
1126:C:\Users\bahri\GitHub\VirtualKeypad\Eclipse_USBProject_WS\Project_USB_CrossCompile\system\include\cmsis\core_cm4.h **** 
1127:C:\Users\bahri\GitHub\VirtualKeypad\Eclipse_USBProject_WS\Project_USB_CrossCompile\system\include\cmsis\core_cm4.h **** #define TPI_FIFO0_ETM1_Pos                  8U                                         /*!< TPI FIF
1128:C:\Users\bahri\GitHub\VirtualKeypad\Eclipse_USBProject_WS\Project_USB_CrossCompile\system\include\cmsis\core_cm4.h **** #define TPI_FIFO0_ETM1_Msk                 (0xFFUL << TPI_FIFO0_ETM1_Pos)              /*!< TPI FIF
1129:C:\Users\bahri\GitHub\VirtualKeypad\Eclipse_USBProject_WS\Project_USB_CrossCompile\system\include\cmsis\core_cm4.h **** 
1130:C:\Users\bahri\GitHub\VirtualKeypad\Eclipse_USBProject_WS\Project_USB_CrossCompile\system\include\cmsis\core_cm4.h **** #define TPI_FIFO0_ETM0_Pos                  0U                                         /*!< TPI FIF
1131:C:\Users\bahri\GitHub\VirtualKeypad\Eclipse_USBProject_WS\Project_USB_CrossCompile\system\include\cmsis\core_cm4.h **** #define TPI_FIFO0_ETM0_Msk                 (0xFFUL /*<< TPI_FIFO0_ETM0_Pos*/)          /*!< TPI FIF
1132:C:\Users\bahri\GitHub\VirtualKeypad\Eclipse_USBProject_WS\Project_USB_CrossCompile\system\include\cmsis\core_cm4.h **** 
1133:C:\Users\bahri\GitHub\VirtualKeypad\Eclipse_USBProject_WS\Project_USB_CrossCompile\system\include\cmsis\core_cm4.h **** /* TPI ITATBCTR2 Register Definitions */
1134:C:\Users\bahri\GitHub\VirtualKeypad\Eclipse_USBProject_WS\Project_USB_CrossCompile\system\include\cmsis\core_cm4.h **** #define TPI_ITATBCTR2_ATREADY2_Pos          0U                                         /*!< TPI ITA
1135:C:\Users\bahri\GitHub\VirtualKeypad\Eclipse_USBProject_WS\Project_USB_CrossCompile\system\include\cmsis\core_cm4.h **** #define TPI_ITATBCTR2_ATREADY2_Msk         (0x1UL /*<< TPI_ITATBCTR2_ATREADY2_Pos*/)   /*!< TPI ITA
1136:C:\Users\bahri\GitHub\VirtualKeypad\Eclipse_USBProject_WS\Project_USB_CrossCompile\system\include\cmsis\core_cm4.h **** 
1137:C:\Users\bahri\GitHub\VirtualKeypad\Eclipse_USBProject_WS\Project_USB_CrossCompile\system\include\cmsis\core_cm4.h **** #define TPI_ITATBCTR2_ATREADY1_Pos          0U                                         /*!< TPI ITA
1138:C:\Users\bahri\GitHub\VirtualKeypad\Eclipse_USBProject_WS\Project_USB_CrossCompile\system\include\cmsis\core_cm4.h **** #define TPI_ITATBCTR2_ATREADY1_Msk         (0x1UL /*<< TPI_ITATBCTR2_ATREADY1_Pos*/)   /*!< TPI ITA
1139:C:\Users\bahri\GitHub\VirtualKeypad\Eclipse_USBProject_WS\Project_USB_CrossCompile\system\include\cmsis\core_cm4.h **** 
1140:C:\Users\bahri\GitHub\VirtualKeypad\Eclipse_USBProject_WS\Project_USB_CrossCompile\system\include\cmsis\core_cm4.h **** /* TPI Integration ITM Data Register Definitions (FIFO1) */
1141:C:\Users\bahri\GitHub\VirtualKeypad\Eclipse_USBProject_WS\Project_USB_CrossCompile\system\include\cmsis\core_cm4.h **** #define TPI_FIFO1_ITM_ATVALID_Pos          29U                                         /*!< TPI FIF
1142:C:\Users\bahri\GitHub\VirtualKeypad\Eclipse_USBProject_WS\Project_USB_CrossCompile\system\include\cmsis\core_cm4.h **** #define TPI_FIFO1_ITM_ATVALID_Msk          (0x1UL << TPI_FIFO1_ITM_ATVALID_Pos)        /*!< TPI FIF
1143:C:\Users\bahri\GitHub\VirtualKeypad\Eclipse_USBProject_WS\Project_USB_CrossCompile\system\include\cmsis\core_cm4.h **** 
1144:C:\Users\bahri\GitHub\VirtualKeypad\Eclipse_USBProject_WS\Project_USB_CrossCompile\system\include\cmsis\core_cm4.h **** #define TPI_FIFO1_ITM_bytecount_Pos        27U                                         /*!< TPI FIF
1145:C:\Users\bahri\GitHub\VirtualKeypad\Eclipse_USBProject_WS\Project_USB_CrossCompile\system\include\cmsis\core_cm4.h **** #define TPI_FIFO1_ITM_bytecount_Msk        (0x3UL << TPI_FIFO1_ITM_bytecount_Pos)      /*!< TPI FIF
1146:C:\Users\bahri\GitHub\VirtualKeypad\Eclipse_USBProject_WS\Project_USB_CrossCompile\system\include\cmsis\core_cm4.h **** 
1147:C:\Users\bahri\GitHub\VirtualKeypad\Eclipse_USBProject_WS\Project_USB_CrossCompile\system\include\cmsis\core_cm4.h **** #define TPI_FIFO1_ETM_ATVALID_Pos          26U                                         /*!< TPI FIF
1148:C:\Users\bahri\GitHub\VirtualKeypad\Eclipse_USBProject_WS\Project_USB_CrossCompile\system\include\cmsis\core_cm4.h **** #define TPI_FIFO1_ETM_ATVALID_Msk          (0x1UL << TPI_FIFO1_ETM_ATVALID_Pos)        /*!< TPI FIF
1149:C:\Users\bahri\GitHub\VirtualKeypad\Eclipse_USBProject_WS\Project_USB_CrossCompile\system\include\cmsis\core_cm4.h **** 
1150:C:\Users\bahri\GitHub\VirtualKeypad\Eclipse_USBProject_WS\Project_USB_CrossCompile\system\include\cmsis\core_cm4.h **** #define TPI_FIFO1_ETM_bytecount_Pos        24U                                         /*!< TPI FIF
1151:C:\Users\bahri\GitHub\VirtualKeypad\Eclipse_USBProject_WS\Project_USB_CrossCompile\system\include\cmsis\core_cm4.h **** #define TPI_FIFO1_ETM_bytecount_Msk        (0x3UL << TPI_FIFO1_ETM_bytecount_Pos)      /*!< TPI FIF
1152:C:\Users\bahri\GitHub\VirtualKeypad\Eclipse_USBProject_WS\Project_USB_CrossCompile\system\include\cmsis\core_cm4.h **** 
1153:C:\Users\bahri\GitHub\VirtualKeypad\Eclipse_USBProject_WS\Project_USB_CrossCompile\system\include\cmsis\core_cm4.h **** #define TPI_FIFO1_ITM2_Pos                 16U                                         /*!< TPI FIF
1154:C:\Users\bahri\GitHub\VirtualKeypad\Eclipse_USBProject_WS\Project_USB_CrossCompile\system\include\cmsis\core_cm4.h **** #define TPI_FIFO1_ITM2_Msk                 (0xFFUL << TPI_FIFO1_ITM2_Pos)              /*!< TPI FIF
1155:C:\Users\bahri\GitHub\VirtualKeypad\Eclipse_USBProject_WS\Project_USB_CrossCompile\system\include\cmsis\core_cm4.h **** 
1156:C:\Users\bahri\GitHub\VirtualKeypad\Eclipse_USBProject_WS\Project_USB_CrossCompile\system\include\cmsis\core_cm4.h **** #define TPI_FIFO1_ITM1_Pos                  8U                                         /*!< TPI FIF
1157:C:\Users\bahri\GitHub\VirtualKeypad\Eclipse_USBProject_WS\Project_USB_CrossCompile\system\include\cmsis\core_cm4.h **** #define TPI_FIFO1_ITM1_Msk                 (0xFFUL << TPI_FIFO1_ITM1_Pos)              /*!< TPI FIF
1158:C:\Users\bahri\GitHub\VirtualKeypad\Eclipse_USBProject_WS\Project_USB_CrossCompile\system\include\cmsis\core_cm4.h **** 
1159:C:\Users\bahri\GitHub\VirtualKeypad\Eclipse_USBProject_WS\Project_USB_CrossCompile\system\include\cmsis\core_cm4.h **** #define TPI_FIFO1_ITM0_Pos                  0U                                         /*!< TPI FIF
1160:C:\Users\bahri\GitHub\VirtualKeypad\Eclipse_USBProject_WS\Project_USB_CrossCompile\system\include\cmsis\core_cm4.h **** #define TPI_FIFO1_ITM0_Msk                 (0xFFUL /*<< TPI_FIFO1_ITM0_Pos*/)          /*!< TPI FIF
1161:C:\Users\bahri\GitHub\VirtualKeypad\Eclipse_USBProject_WS\Project_USB_CrossCompile\system\include\cmsis\core_cm4.h **** 
1162:C:\Users\bahri\GitHub\VirtualKeypad\Eclipse_USBProject_WS\Project_USB_CrossCompile\system\include\cmsis\core_cm4.h **** /* TPI ITATBCTR0 Register Definitions */
1163:C:\Users\bahri\GitHub\VirtualKeypad\Eclipse_USBProject_WS\Project_USB_CrossCompile\system\include\cmsis\core_cm4.h **** #define TPI_ITATBCTR0_ATREADY2_Pos          0U                                         /*!< TPI ITA
1164:C:\Users\bahri\GitHub\VirtualKeypad\Eclipse_USBProject_WS\Project_USB_CrossCompile\system\include\cmsis\core_cm4.h **** #define TPI_ITATBCTR0_ATREADY2_Msk         (0x1UL /*<< TPI_ITATBCTR0_ATREADY2_Pos*/)   /*!< TPI ITA
1165:C:\Users\bahri\GitHub\VirtualKeypad\Eclipse_USBProject_WS\Project_USB_CrossCompile\system\include\cmsis\core_cm4.h **** 
1166:C:\Users\bahri\GitHub\VirtualKeypad\Eclipse_USBProject_WS\Project_USB_CrossCompile\system\include\cmsis\core_cm4.h **** #define TPI_ITATBCTR0_ATREADY1_Pos          0U                                         /*!< TPI ITA
1167:C:\Users\bahri\GitHub\VirtualKeypad\Eclipse_USBProject_WS\Project_USB_CrossCompile\system\include\cmsis\core_cm4.h **** #define TPI_ITATBCTR0_ATREADY1_Msk         (0x1UL /*<< TPI_ITATBCTR0_ATREADY1_Pos*/)   /*!< TPI ITA
1168:C:\Users\bahri\GitHub\VirtualKeypad\Eclipse_USBProject_WS\Project_USB_CrossCompile\system\include\cmsis\core_cm4.h **** 
1169:C:\Users\bahri\GitHub\VirtualKeypad\Eclipse_USBProject_WS\Project_USB_CrossCompile\system\include\cmsis\core_cm4.h **** /* TPI Integration Mode Control Register Definitions */
1170:C:\Users\bahri\GitHub\VirtualKeypad\Eclipse_USBProject_WS\Project_USB_CrossCompile\system\include\cmsis\core_cm4.h **** #define TPI_ITCTRL_Mode_Pos                 0U                                         /*!< TPI ITC
1171:C:\Users\bahri\GitHub\VirtualKeypad\Eclipse_USBProject_WS\Project_USB_CrossCompile\system\include\cmsis\core_cm4.h **** #define TPI_ITCTRL_Mode_Msk                (0x3UL /*<< TPI_ITCTRL_Mode_Pos*/)          /*!< TPI ITC
1172:C:\Users\bahri\GitHub\VirtualKeypad\Eclipse_USBProject_WS\Project_USB_CrossCompile\system\include\cmsis\core_cm4.h **** 
1173:C:\Users\bahri\GitHub\VirtualKeypad\Eclipse_USBProject_WS\Project_USB_CrossCompile\system\include\cmsis\core_cm4.h **** /* TPI DEVID Register Definitions */
1174:C:\Users\bahri\GitHub\VirtualKeypad\Eclipse_USBProject_WS\Project_USB_CrossCompile\system\include\cmsis\core_cm4.h **** #define TPI_DEVID_NRZVALID_Pos             11U                                         /*!< TPI DEV
1175:C:\Users\bahri\GitHub\VirtualKeypad\Eclipse_USBProject_WS\Project_USB_CrossCompile\system\include\cmsis\core_cm4.h **** #define TPI_DEVID_NRZVALID_Msk             (0x1UL << TPI_DEVID_NRZVALID_Pos)           /*!< TPI DEV
1176:C:\Users\bahri\GitHub\VirtualKeypad\Eclipse_USBProject_WS\Project_USB_CrossCompile\system\include\cmsis\core_cm4.h **** 
1177:C:\Users\bahri\GitHub\VirtualKeypad\Eclipse_USBProject_WS\Project_USB_CrossCompile\system\include\cmsis\core_cm4.h **** #define TPI_DEVID_MANCVALID_Pos            10U                                         /*!< TPI DEV
1178:C:\Users\bahri\GitHub\VirtualKeypad\Eclipse_USBProject_WS\Project_USB_CrossCompile\system\include\cmsis\core_cm4.h **** #define TPI_DEVID_MANCVALID_Msk            (0x1UL << TPI_DEVID_MANCVALID_Pos)          /*!< TPI DEV
1179:C:\Users\bahri\GitHub\VirtualKeypad\Eclipse_USBProject_WS\Project_USB_CrossCompile\system\include\cmsis\core_cm4.h **** 
1180:C:\Users\bahri\GitHub\VirtualKeypad\Eclipse_USBProject_WS\Project_USB_CrossCompile\system\include\cmsis\core_cm4.h **** #define TPI_DEVID_PTINVALID_Pos             9U                                         /*!< TPI DEV
1181:C:\Users\bahri\GitHub\VirtualKeypad\Eclipse_USBProject_WS\Project_USB_CrossCompile\system\include\cmsis\core_cm4.h **** #define TPI_DEVID_PTINVALID_Msk            (0x1UL << TPI_DEVID_PTINVALID_Pos)          /*!< TPI DEV
1182:C:\Users\bahri\GitHub\VirtualKeypad\Eclipse_USBProject_WS\Project_USB_CrossCompile\system\include\cmsis\core_cm4.h **** 
1183:C:\Users\bahri\GitHub\VirtualKeypad\Eclipse_USBProject_WS\Project_USB_CrossCompile\system\include\cmsis\core_cm4.h **** #define TPI_DEVID_MinBufSz_Pos              6U                                         /*!< TPI DEV
1184:C:\Users\bahri\GitHub\VirtualKeypad\Eclipse_USBProject_WS\Project_USB_CrossCompile\system\include\cmsis\core_cm4.h **** #define TPI_DEVID_MinBufSz_Msk             (0x7UL << TPI_DEVID_MinBufSz_Pos)           /*!< TPI DEV
1185:C:\Users\bahri\GitHub\VirtualKeypad\Eclipse_USBProject_WS\Project_USB_CrossCompile\system\include\cmsis\core_cm4.h **** 
1186:C:\Users\bahri\GitHub\VirtualKeypad\Eclipse_USBProject_WS\Project_USB_CrossCompile\system\include\cmsis\core_cm4.h **** #define TPI_DEVID_AsynClkIn_Pos             5U                                         /*!< TPI DEV
1187:C:\Users\bahri\GitHub\VirtualKeypad\Eclipse_USBProject_WS\Project_USB_CrossCompile\system\include\cmsis\core_cm4.h **** #define TPI_DEVID_AsynClkIn_Msk            (0x1UL << TPI_DEVID_AsynClkIn_Pos)          /*!< TPI DEV
1188:C:\Users\bahri\GitHub\VirtualKeypad\Eclipse_USBProject_WS\Project_USB_CrossCompile\system\include\cmsis\core_cm4.h **** 
1189:C:\Users\bahri\GitHub\VirtualKeypad\Eclipse_USBProject_WS\Project_USB_CrossCompile\system\include\cmsis\core_cm4.h **** #define TPI_DEVID_NrTraceInput_Pos          0U                                         /*!< TPI DEV
1190:C:\Users\bahri\GitHub\VirtualKeypad\Eclipse_USBProject_WS\Project_USB_CrossCompile\system\include\cmsis\core_cm4.h **** #define TPI_DEVID_NrTraceInput_Msk         (0x1FUL /*<< TPI_DEVID_NrTraceInput_Pos*/)  /*!< TPI DEV
1191:C:\Users\bahri\GitHub\VirtualKeypad\Eclipse_USBProject_WS\Project_USB_CrossCompile\system\include\cmsis\core_cm4.h **** 
1192:C:\Users\bahri\GitHub\VirtualKeypad\Eclipse_USBProject_WS\Project_USB_CrossCompile\system\include\cmsis\core_cm4.h **** /* TPI DEVTYPE Register Definitions */
1193:C:\Users\bahri\GitHub\VirtualKeypad\Eclipse_USBProject_WS\Project_USB_CrossCompile\system\include\cmsis\core_cm4.h **** #define TPI_DEVTYPE_SubType_Pos             4U                                         /*!< TPI DEV
1194:C:\Users\bahri\GitHub\VirtualKeypad\Eclipse_USBProject_WS\Project_USB_CrossCompile\system\include\cmsis\core_cm4.h **** #define TPI_DEVTYPE_SubType_Msk            (0xFUL /*<< TPI_DEVTYPE_SubType_Pos*/)      /*!< TPI DEV
1195:C:\Users\bahri\GitHub\VirtualKeypad\Eclipse_USBProject_WS\Project_USB_CrossCompile\system\include\cmsis\core_cm4.h **** 
1196:C:\Users\bahri\GitHub\VirtualKeypad\Eclipse_USBProject_WS\Project_USB_CrossCompile\system\include\cmsis\core_cm4.h **** #define TPI_DEVTYPE_MajorType_Pos           0U                                         /*!< TPI DEV
1197:C:\Users\bahri\GitHub\VirtualKeypad\Eclipse_USBProject_WS\Project_USB_CrossCompile\system\include\cmsis\core_cm4.h **** #define TPI_DEVTYPE_MajorType_Msk          (0xFUL << TPI_DEVTYPE_MajorType_Pos)        /*!< TPI DEV
1198:C:\Users\bahri\GitHub\VirtualKeypad\Eclipse_USBProject_WS\Project_USB_CrossCompile\system\include\cmsis\core_cm4.h **** 
1199:C:\Users\bahri\GitHub\VirtualKeypad\Eclipse_USBProject_WS\Project_USB_CrossCompile\system\include\cmsis\core_cm4.h **** /*@}*/ /* end of group CMSIS_TPI */
1200:C:\Users\bahri\GitHub\VirtualKeypad\Eclipse_USBProject_WS\Project_USB_CrossCompile\system\include\cmsis\core_cm4.h **** 
1201:C:\Users\bahri\GitHub\VirtualKeypad\Eclipse_USBProject_WS\Project_USB_CrossCompile\system\include\cmsis\core_cm4.h **** 
1202:C:\Users\bahri\GitHub\VirtualKeypad\Eclipse_USBProject_WS\Project_USB_CrossCompile\system\include\cmsis\core_cm4.h **** #if defined (__MPU_PRESENT) && (__MPU_PRESENT == 1U)
1203:C:\Users\bahri\GitHub\VirtualKeypad\Eclipse_USBProject_WS\Project_USB_CrossCompile\system\include\cmsis\core_cm4.h **** /**
1204:C:\Users\bahri\GitHub\VirtualKeypad\Eclipse_USBProject_WS\Project_USB_CrossCompile\system\include\cmsis\core_cm4.h ****   \ingroup  CMSIS_core_register
1205:C:\Users\bahri\GitHub\VirtualKeypad\Eclipse_USBProject_WS\Project_USB_CrossCompile\system\include\cmsis\core_cm4.h ****   \defgroup CMSIS_MPU     Memory Protection Unit (MPU)
1206:C:\Users\bahri\GitHub\VirtualKeypad\Eclipse_USBProject_WS\Project_USB_CrossCompile\system\include\cmsis\core_cm4.h ****   \brief    Type definitions for the Memory Protection Unit (MPU)
1207:C:\Users\bahri\GitHub\VirtualKeypad\Eclipse_USBProject_WS\Project_USB_CrossCompile\system\include\cmsis\core_cm4.h ****   @{
1208:C:\Users\bahri\GitHub\VirtualKeypad\Eclipse_USBProject_WS\Project_USB_CrossCompile\system\include\cmsis\core_cm4.h ****  */
1209:C:\Users\bahri\GitHub\VirtualKeypad\Eclipse_USBProject_WS\Project_USB_CrossCompile\system\include\cmsis\core_cm4.h **** 
1210:C:\Users\bahri\GitHub\VirtualKeypad\Eclipse_USBProject_WS\Project_USB_CrossCompile\system\include\cmsis\core_cm4.h **** /**
1211:C:\Users\bahri\GitHub\VirtualKeypad\Eclipse_USBProject_WS\Project_USB_CrossCompile\system\include\cmsis\core_cm4.h ****   \brief  Structure type to access the Memory Protection Unit (MPU).
1212:C:\Users\bahri\GitHub\VirtualKeypad\Eclipse_USBProject_WS\Project_USB_CrossCompile\system\include\cmsis\core_cm4.h ****  */
1213:C:\Users\bahri\GitHub\VirtualKeypad\Eclipse_USBProject_WS\Project_USB_CrossCompile\system\include\cmsis\core_cm4.h **** typedef struct
1214:C:\Users\bahri\GitHub\VirtualKeypad\Eclipse_USBProject_WS\Project_USB_CrossCompile\system\include\cmsis\core_cm4.h **** {
1215:C:\Users\bahri\GitHub\VirtualKeypad\Eclipse_USBProject_WS\Project_USB_CrossCompile\system\include\cmsis\core_cm4.h ****   __IM  uint32_t TYPE;                   /*!< Offset: 0x000 (R/ )  MPU Type Register */
1216:C:\Users\bahri\GitHub\VirtualKeypad\Eclipse_USBProject_WS\Project_USB_CrossCompile\system\include\cmsis\core_cm4.h ****   __IOM uint32_t CTRL;                   /*!< Offset: 0x004 (R/W)  MPU Control Register */
1217:C:\Users\bahri\GitHub\VirtualKeypad\Eclipse_USBProject_WS\Project_USB_CrossCompile\system\include\cmsis\core_cm4.h ****   __IOM uint32_t RNR;                    /*!< Offset: 0x008 (R/W)  MPU Region RNRber Register */
1218:C:\Users\bahri\GitHub\VirtualKeypad\Eclipse_USBProject_WS\Project_USB_CrossCompile\system\include\cmsis\core_cm4.h ****   __IOM uint32_t RBAR;                   /*!< Offset: 0x00C (R/W)  MPU Region Base Address Register
1219:C:\Users\bahri\GitHub\VirtualKeypad\Eclipse_USBProject_WS\Project_USB_CrossCompile\system\include\cmsis\core_cm4.h ****   __IOM uint32_t RASR;                   /*!< Offset: 0x010 (R/W)  MPU Region Attribute and Size Re
1220:C:\Users\bahri\GitHub\VirtualKeypad\Eclipse_USBProject_WS\Project_USB_CrossCompile\system\include\cmsis\core_cm4.h ****   __IOM uint32_t RBAR_A1;                /*!< Offset: 0x014 (R/W)  MPU Alias 1 Region Base Address 
1221:C:\Users\bahri\GitHub\VirtualKeypad\Eclipse_USBProject_WS\Project_USB_CrossCompile\system\include\cmsis\core_cm4.h ****   __IOM uint32_t RASR_A1;                /*!< Offset: 0x018 (R/W)  MPU Alias 1 Region Attribute and
1222:C:\Users\bahri\GitHub\VirtualKeypad\Eclipse_USBProject_WS\Project_USB_CrossCompile\system\include\cmsis\core_cm4.h ****   __IOM uint32_t RBAR_A2;                /*!< Offset: 0x01C (R/W)  MPU Alias 2 Region Base Address 
1223:C:\Users\bahri\GitHub\VirtualKeypad\Eclipse_USBProject_WS\Project_USB_CrossCompile\system\include\cmsis\core_cm4.h ****   __IOM uint32_t RASR_A2;                /*!< Offset: 0x020 (R/W)  MPU Alias 2 Region Attribute and
1224:C:\Users\bahri\GitHub\VirtualKeypad\Eclipse_USBProject_WS\Project_USB_CrossCompile\system\include\cmsis\core_cm4.h ****   __IOM uint32_t RBAR_A3;                /*!< Offset: 0x024 (R/W)  MPU Alias 3 Region Base Address 
1225:C:\Users\bahri\GitHub\VirtualKeypad\Eclipse_USBProject_WS\Project_USB_CrossCompile\system\include\cmsis\core_cm4.h ****   __IOM uint32_t RASR_A3;                /*!< Offset: 0x028 (R/W)  MPU Alias 3 Region Attribute and
1226:C:\Users\bahri\GitHub\VirtualKeypad\Eclipse_USBProject_WS\Project_USB_CrossCompile\system\include\cmsis\core_cm4.h **** } MPU_Type;
1227:C:\Users\bahri\GitHub\VirtualKeypad\Eclipse_USBProject_WS\Project_USB_CrossCompile\system\include\cmsis\core_cm4.h **** 
1228:C:\Users\bahri\GitHub\VirtualKeypad\Eclipse_USBProject_WS\Project_USB_CrossCompile\system\include\cmsis\core_cm4.h **** #define MPU_TYPE_RALIASES                  4U
1229:C:\Users\bahri\GitHub\VirtualKeypad\Eclipse_USBProject_WS\Project_USB_CrossCompile\system\include\cmsis\core_cm4.h **** 
1230:C:\Users\bahri\GitHub\VirtualKeypad\Eclipse_USBProject_WS\Project_USB_CrossCompile\system\include\cmsis\core_cm4.h **** /* MPU Type Register Definitions */
1231:C:\Users\bahri\GitHub\VirtualKeypad\Eclipse_USBProject_WS\Project_USB_CrossCompile\system\include\cmsis\core_cm4.h **** #define MPU_TYPE_IREGION_Pos               16U                                            /*!< MPU 
1232:C:\Users\bahri\GitHub\VirtualKeypad\Eclipse_USBProject_WS\Project_USB_CrossCompile\system\include\cmsis\core_cm4.h **** #define MPU_TYPE_IREGION_Msk               (0xFFUL << MPU_TYPE_IREGION_Pos)               /*!< MPU 
1233:C:\Users\bahri\GitHub\VirtualKeypad\Eclipse_USBProject_WS\Project_USB_CrossCompile\system\include\cmsis\core_cm4.h **** 
1234:C:\Users\bahri\GitHub\VirtualKeypad\Eclipse_USBProject_WS\Project_USB_CrossCompile\system\include\cmsis\core_cm4.h **** #define MPU_TYPE_DREGION_Pos                8U                                            /*!< MPU 
1235:C:\Users\bahri\GitHub\VirtualKeypad\Eclipse_USBProject_WS\Project_USB_CrossCompile\system\include\cmsis\core_cm4.h **** #define MPU_TYPE_DREGION_Msk               (0xFFUL << MPU_TYPE_DREGION_Pos)               /*!< MPU 
1236:C:\Users\bahri\GitHub\VirtualKeypad\Eclipse_USBProject_WS\Project_USB_CrossCompile\system\include\cmsis\core_cm4.h **** 
1237:C:\Users\bahri\GitHub\VirtualKeypad\Eclipse_USBProject_WS\Project_USB_CrossCompile\system\include\cmsis\core_cm4.h **** #define MPU_TYPE_SEPARATE_Pos               0U                                            /*!< MPU 
1238:C:\Users\bahri\GitHub\VirtualKeypad\Eclipse_USBProject_WS\Project_USB_CrossCompile\system\include\cmsis\core_cm4.h **** #define MPU_TYPE_SEPARATE_Msk              (1UL /*<< MPU_TYPE_SEPARATE_Pos*/)             /*!< MPU 
1239:C:\Users\bahri\GitHub\VirtualKeypad\Eclipse_USBProject_WS\Project_USB_CrossCompile\system\include\cmsis\core_cm4.h **** 
1240:C:\Users\bahri\GitHub\VirtualKeypad\Eclipse_USBProject_WS\Project_USB_CrossCompile\system\include\cmsis\core_cm4.h **** /* MPU Control Register Definitions */
1241:C:\Users\bahri\GitHub\VirtualKeypad\Eclipse_USBProject_WS\Project_USB_CrossCompile\system\include\cmsis\core_cm4.h **** #define MPU_CTRL_PRIVDEFENA_Pos             2U                                            /*!< MPU 
1242:C:\Users\bahri\GitHub\VirtualKeypad\Eclipse_USBProject_WS\Project_USB_CrossCompile\system\include\cmsis\core_cm4.h **** #define MPU_CTRL_PRIVDEFENA_Msk            (1UL << MPU_CTRL_PRIVDEFENA_Pos)               /*!< MPU 
1243:C:\Users\bahri\GitHub\VirtualKeypad\Eclipse_USBProject_WS\Project_USB_CrossCompile\system\include\cmsis\core_cm4.h **** 
1244:C:\Users\bahri\GitHub\VirtualKeypad\Eclipse_USBProject_WS\Project_USB_CrossCompile\system\include\cmsis\core_cm4.h **** #define MPU_CTRL_HFNMIENA_Pos               1U                                            /*!< MPU 
1245:C:\Users\bahri\GitHub\VirtualKeypad\Eclipse_USBProject_WS\Project_USB_CrossCompile\system\include\cmsis\core_cm4.h **** #define MPU_CTRL_HFNMIENA_Msk              (1UL << MPU_CTRL_HFNMIENA_Pos)                 /*!< MPU 
1246:C:\Users\bahri\GitHub\VirtualKeypad\Eclipse_USBProject_WS\Project_USB_CrossCompile\system\include\cmsis\core_cm4.h **** 
1247:C:\Users\bahri\GitHub\VirtualKeypad\Eclipse_USBProject_WS\Project_USB_CrossCompile\system\include\cmsis\core_cm4.h **** #define MPU_CTRL_ENABLE_Pos                 0U                                            /*!< MPU 
1248:C:\Users\bahri\GitHub\VirtualKeypad\Eclipse_USBProject_WS\Project_USB_CrossCompile\system\include\cmsis\core_cm4.h **** #define MPU_CTRL_ENABLE_Msk                (1UL /*<< MPU_CTRL_ENABLE_Pos*/)               /*!< MPU 
1249:C:\Users\bahri\GitHub\VirtualKeypad\Eclipse_USBProject_WS\Project_USB_CrossCompile\system\include\cmsis\core_cm4.h **** 
1250:C:\Users\bahri\GitHub\VirtualKeypad\Eclipse_USBProject_WS\Project_USB_CrossCompile\system\include\cmsis\core_cm4.h **** /* MPU Region Number Register Definitions */
1251:C:\Users\bahri\GitHub\VirtualKeypad\Eclipse_USBProject_WS\Project_USB_CrossCompile\system\include\cmsis\core_cm4.h **** #define MPU_RNR_REGION_Pos                  0U                                            /*!< MPU 
1252:C:\Users\bahri\GitHub\VirtualKeypad\Eclipse_USBProject_WS\Project_USB_CrossCompile\system\include\cmsis\core_cm4.h **** #define MPU_RNR_REGION_Msk                 (0xFFUL /*<< MPU_RNR_REGION_Pos*/)             /*!< MPU 
1253:C:\Users\bahri\GitHub\VirtualKeypad\Eclipse_USBProject_WS\Project_USB_CrossCompile\system\include\cmsis\core_cm4.h **** 
1254:C:\Users\bahri\GitHub\VirtualKeypad\Eclipse_USBProject_WS\Project_USB_CrossCompile\system\include\cmsis\core_cm4.h **** /* MPU Region Base Address Register Definitions */
1255:C:\Users\bahri\GitHub\VirtualKeypad\Eclipse_USBProject_WS\Project_USB_CrossCompile\system\include\cmsis\core_cm4.h **** #define MPU_RBAR_ADDR_Pos                   5U                                            /*!< MPU 
1256:C:\Users\bahri\GitHub\VirtualKeypad\Eclipse_USBProject_WS\Project_USB_CrossCompile\system\include\cmsis\core_cm4.h **** #define MPU_RBAR_ADDR_Msk                  (0x7FFFFFFUL << MPU_RBAR_ADDR_Pos)             /*!< MPU 
1257:C:\Users\bahri\GitHub\VirtualKeypad\Eclipse_USBProject_WS\Project_USB_CrossCompile\system\include\cmsis\core_cm4.h **** 
1258:C:\Users\bahri\GitHub\VirtualKeypad\Eclipse_USBProject_WS\Project_USB_CrossCompile\system\include\cmsis\core_cm4.h **** #define MPU_RBAR_VALID_Pos                  4U                                            /*!< MPU 
1259:C:\Users\bahri\GitHub\VirtualKeypad\Eclipse_USBProject_WS\Project_USB_CrossCompile\system\include\cmsis\core_cm4.h **** #define MPU_RBAR_VALID_Msk                 (1UL << MPU_RBAR_VALID_Pos)                    /*!< MPU 
1260:C:\Users\bahri\GitHub\VirtualKeypad\Eclipse_USBProject_WS\Project_USB_CrossCompile\system\include\cmsis\core_cm4.h **** 
1261:C:\Users\bahri\GitHub\VirtualKeypad\Eclipse_USBProject_WS\Project_USB_CrossCompile\system\include\cmsis\core_cm4.h **** #define MPU_RBAR_REGION_Pos                 0U                                            /*!< MPU 
1262:C:\Users\bahri\GitHub\VirtualKeypad\Eclipse_USBProject_WS\Project_USB_CrossCompile\system\include\cmsis\core_cm4.h **** #define MPU_RBAR_REGION_Msk                (0xFUL /*<< MPU_RBAR_REGION_Pos*/)             /*!< MPU 
1263:C:\Users\bahri\GitHub\VirtualKeypad\Eclipse_USBProject_WS\Project_USB_CrossCompile\system\include\cmsis\core_cm4.h **** 
1264:C:\Users\bahri\GitHub\VirtualKeypad\Eclipse_USBProject_WS\Project_USB_CrossCompile\system\include\cmsis\core_cm4.h **** /* MPU Region Attribute and Size Register Definitions */
1265:C:\Users\bahri\GitHub\VirtualKeypad\Eclipse_USBProject_WS\Project_USB_CrossCompile\system\include\cmsis\core_cm4.h **** #define MPU_RASR_ATTRS_Pos                 16U                                            /*!< MPU 
1266:C:\Users\bahri\GitHub\VirtualKeypad\Eclipse_USBProject_WS\Project_USB_CrossCompile\system\include\cmsis\core_cm4.h **** #define MPU_RASR_ATTRS_Msk                 (0xFFFFUL << MPU_RASR_ATTRS_Pos)               /*!< MPU 
1267:C:\Users\bahri\GitHub\VirtualKeypad\Eclipse_USBProject_WS\Project_USB_CrossCompile\system\include\cmsis\core_cm4.h **** 
1268:C:\Users\bahri\GitHub\VirtualKeypad\Eclipse_USBProject_WS\Project_USB_CrossCompile\system\include\cmsis\core_cm4.h **** #define MPU_RASR_XN_Pos                    28U                                            /*!< MPU 
1269:C:\Users\bahri\GitHub\VirtualKeypad\Eclipse_USBProject_WS\Project_USB_CrossCompile\system\include\cmsis\core_cm4.h **** #define MPU_RASR_XN_Msk                    (1UL << MPU_RASR_XN_Pos)                       /*!< MPU 
1270:C:\Users\bahri\GitHub\VirtualKeypad\Eclipse_USBProject_WS\Project_USB_CrossCompile\system\include\cmsis\core_cm4.h **** 
1271:C:\Users\bahri\GitHub\VirtualKeypad\Eclipse_USBProject_WS\Project_USB_CrossCompile\system\include\cmsis\core_cm4.h **** #define MPU_RASR_AP_Pos                    24U                                            /*!< MPU 
1272:C:\Users\bahri\GitHub\VirtualKeypad\Eclipse_USBProject_WS\Project_USB_CrossCompile\system\include\cmsis\core_cm4.h **** #define MPU_RASR_AP_Msk                    (0x7UL << MPU_RASR_AP_Pos)                     /*!< MPU 
1273:C:\Users\bahri\GitHub\VirtualKeypad\Eclipse_USBProject_WS\Project_USB_CrossCompile\system\include\cmsis\core_cm4.h **** 
1274:C:\Users\bahri\GitHub\VirtualKeypad\Eclipse_USBProject_WS\Project_USB_CrossCompile\system\include\cmsis\core_cm4.h **** #define MPU_RASR_TEX_Pos                   19U                                            /*!< MPU 
1275:C:\Users\bahri\GitHub\VirtualKeypad\Eclipse_USBProject_WS\Project_USB_CrossCompile\system\include\cmsis\core_cm4.h **** #define MPU_RASR_TEX_Msk                   (0x7UL << MPU_RASR_TEX_Pos)                    /*!< MPU 
1276:C:\Users\bahri\GitHub\VirtualKeypad\Eclipse_USBProject_WS\Project_USB_CrossCompile\system\include\cmsis\core_cm4.h **** 
1277:C:\Users\bahri\GitHub\VirtualKeypad\Eclipse_USBProject_WS\Project_USB_CrossCompile\system\include\cmsis\core_cm4.h **** #define MPU_RASR_S_Pos                     18U                                            /*!< MPU 
1278:C:\Users\bahri\GitHub\VirtualKeypad\Eclipse_USBProject_WS\Project_USB_CrossCompile\system\include\cmsis\core_cm4.h **** #define MPU_RASR_S_Msk                     (1UL << MPU_RASR_S_Pos)                        /*!< MPU 
1279:C:\Users\bahri\GitHub\VirtualKeypad\Eclipse_USBProject_WS\Project_USB_CrossCompile\system\include\cmsis\core_cm4.h **** 
1280:C:\Users\bahri\GitHub\VirtualKeypad\Eclipse_USBProject_WS\Project_USB_CrossCompile\system\include\cmsis\core_cm4.h **** #define MPU_RASR_C_Pos                     17U                                            /*!< MPU 
1281:C:\Users\bahri\GitHub\VirtualKeypad\Eclipse_USBProject_WS\Project_USB_CrossCompile\system\include\cmsis\core_cm4.h **** #define MPU_RASR_C_Msk                     (1UL << MPU_RASR_C_Pos)                        /*!< MPU 
1282:C:\Users\bahri\GitHub\VirtualKeypad\Eclipse_USBProject_WS\Project_USB_CrossCompile\system\include\cmsis\core_cm4.h **** 
1283:C:\Users\bahri\GitHub\VirtualKeypad\Eclipse_USBProject_WS\Project_USB_CrossCompile\system\include\cmsis\core_cm4.h **** #define MPU_RASR_B_Pos                     16U                                            /*!< MPU 
1284:C:\Users\bahri\GitHub\VirtualKeypad\Eclipse_USBProject_WS\Project_USB_CrossCompile\system\include\cmsis\core_cm4.h **** #define MPU_RASR_B_Msk                     (1UL << MPU_RASR_B_Pos)                        /*!< MPU 
1285:C:\Users\bahri\GitHub\VirtualKeypad\Eclipse_USBProject_WS\Project_USB_CrossCompile\system\include\cmsis\core_cm4.h **** 
1286:C:\Users\bahri\GitHub\VirtualKeypad\Eclipse_USBProject_WS\Project_USB_CrossCompile\system\include\cmsis\core_cm4.h **** #define MPU_RASR_SRD_Pos                    8U                                            /*!< MPU 
1287:C:\Users\bahri\GitHub\VirtualKeypad\Eclipse_USBProject_WS\Project_USB_CrossCompile\system\include\cmsis\core_cm4.h **** #define MPU_RASR_SRD_Msk                   (0xFFUL << MPU_RASR_SRD_Pos)                   /*!< MPU 
1288:C:\Users\bahri\GitHub\VirtualKeypad\Eclipse_USBProject_WS\Project_USB_CrossCompile\system\include\cmsis\core_cm4.h **** 
1289:C:\Users\bahri\GitHub\VirtualKeypad\Eclipse_USBProject_WS\Project_USB_CrossCompile\system\include\cmsis\core_cm4.h **** #define MPU_RASR_SIZE_Pos                   1U                                            /*!< MPU 
1290:C:\Users\bahri\GitHub\VirtualKeypad\Eclipse_USBProject_WS\Project_USB_CrossCompile\system\include\cmsis\core_cm4.h **** #define MPU_RASR_SIZE_Msk                  (0x1FUL << MPU_RASR_SIZE_Pos)                  /*!< MPU 
1291:C:\Users\bahri\GitHub\VirtualKeypad\Eclipse_USBProject_WS\Project_USB_CrossCompile\system\include\cmsis\core_cm4.h **** 
1292:C:\Users\bahri\GitHub\VirtualKeypad\Eclipse_USBProject_WS\Project_USB_CrossCompile\system\include\cmsis\core_cm4.h **** #define MPU_RASR_ENABLE_Pos                 0U                                            /*!< MPU 
1293:C:\Users\bahri\GitHub\VirtualKeypad\Eclipse_USBProject_WS\Project_USB_CrossCompile\system\include\cmsis\core_cm4.h **** #define MPU_RASR_ENABLE_Msk                (1UL /*<< MPU_RASR_ENABLE_Pos*/)               /*!< MPU 
1294:C:\Users\bahri\GitHub\VirtualKeypad\Eclipse_USBProject_WS\Project_USB_CrossCompile\system\include\cmsis\core_cm4.h **** 
1295:C:\Users\bahri\GitHub\VirtualKeypad\Eclipse_USBProject_WS\Project_USB_CrossCompile\system\include\cmsis\core_cm4.h **** /*@} end of group CMSIS_MPU */
1296:C:\Users\bahri\GitHub\VirtualKeypad\Eclipse_USBProject_WS\Project_USB_CrossCompile\system\include\cmsis\core_cm4.h **** #endif /* defined (__MPU_PRESENT) && (__MPU_PRESENT == 1U) */
1297:C:\Users\bahri\GitHub\VirtualKeypad\Eclipse_USBProject_WS\Project_USB_CrossCompile\system\include\cmsis\core_cm4.h **** 
1298:C:\Users\bahri\GitHub\VirtualKeypad\Eclipse_USBProject_WS\Project_USB_CrossCompile\system\include\cmsis\core_cm4.h **** 
1299:C:\Users\bahri\GitHub\VirtualKeypad\Eclipse_USBProject_WS\Project_USB_CrossCompile\system\include\cmsis\core_cm4.h **** /**
1300:C:\Users\bahri\GitHub\VirtualKeypad\Eclipse_USBProject_WS\Project_USB_CrossCompile\system\include\cmsis\core_cm4.h ****   \ingroup  CMSIS_core_register
1301:C:\Users\bahri\GitHub\VirtualKeypad\Eclipse_USBProject_WS\Project_USB_CrossCompile\system\include\cmsis\core_cm4.h ****   \defgroup CMSIS_FPU     Floating Point Unit (FPU)
1302:C:\Users\bahri\GitHub\VirtualKeypad\Eclipse_USBProject_WS\Project_USB_CrossCompile\system\include\cmsis\core_cm4.h ****   \brief    Type definitions for the Floating Point Unit (FPU)
1303:C:\Users\bahri\GitHub\VirtualKeypad\Eclipse_USBProject_WS\Project_USB_CrossCompile\system\include\cmsis\core_cm4.h ****   @{
1304:C:\Users\bahri\GitHub\VirtualKeypad\Eclipse_USBProject_WS\Project_USB_CrossCompile\system\include\cmsis\core_cm4.h ****  */
1305:C:\Users\bahri\GitHub\VirtualKeypad\Eclipse_USBProject_WS\Project_USB_CrossCompile\system\include\cmsis\core_cm4.h **** 
1306:C:\Users\bahri\GitHub\VirtualKeypad\Eclipse_USBProject_WS\Project_USB_CrossCompile\system\include\cmsis\core_cm4.h **** /**
1307:C:\Users\bahri\GitHub\VirtualKeypad\Eclipse_USBProject_WS\Project_USB_CrossCompile\system\include\cmsis\core_cm4.h ****   \brief  Structure type to access the Floating Point Unit (FPU).
1308:C:\Users\bahri\GitHub\VirtualKeypad\Eclipse_USBProject_WS\Project_USB_CrossCompile\system\include\cmsis\core_cm4.h ****  */
1309:C:\Users\bahri\GitHub\VirtualKeypad\Eclipse_USBProject_WS\Project_USB_CrossCompile\system\include\cmsis\core_cm4.h **** typedef struct
1310:C:\Users\bahri\GitHub\VirtualKeypad\Eclipse_USBProject_WS\Project_USB_CrossCompile\system\include\cmsis\core_cm4.h **** {
1311:C:\Users\bahri\GitHub\VirtualKeypad\Eclipse_USBProject_WS\Project_USB_CrossCompile\system\include\cmsis\core_cm4.h ****         uint32_t RESERVED0[1U];
1312:C:\Users\bahri\GitHub\VirtualKeypad\Eclipse_USBProject_WS\Project_USB_CrossCompile\system\include\cmsis\core_cm4.h ****   __IOM uint32_t FPCCR;                  /*!< Offset: 0x004 (R/W)  Floating-Point Context Control R
1313:C:\Users\bahri\GitHub\VirtualKeypad\Eclipse_USBProject_WS\Project_USB_CrossCompile\system\include\cmsis\core_cm4.h ****   __IOM uint32_t FPCAR;                  /*!< Offset: 0x008 (R/W)  Floating-Point Context Address R
1314:C:\Users\bahri\GitHub\VirtualKeypad\Eclipse_USBProject_WS\Project_USB_CrossCompile\system\include\cmsis\core_cm4.h ****   __IOM uint32_t FPDSCR;                 /*!< Offset: 0x00C (R/W)  Floating-Point Default Status Co
1315:C:\Users\bahri\GitHub\VirtualKeypad\Eclipse_USBProject_WS\Project_USB_CrossCompile\system\include\cmsis\core_cm4.h ****   __IM  uint32_t MVFR0;                  /*!< Offset: 0x010 (R/ )  Media and FP Feature Register 0 
1316:C:\Users\bahri\GitHub\VirtualKeypad\Eclipse_USBProject_WS\Project_USB_CrossCompile\system\include\cmsis\core_cm4.h ****   __IM  uint32_t MVFR1;                  /*!< Offset: 0x014 (R/ )  Media and FP Feature Register 1 
1317:C:\Users\bahri\GitHub\VirtualKeypad\Eclipse_USBProject_WS\Project_USB_CrossCompile\system\include\cmsis\core_cm4.h ****   __IM  uint32_t MVFR2;                  /*!< Offset: 0x018 (R/ )  Media and FP Feature Register 2 
1318:C:\Users\bahri\GitHub\VirtualKeypad\Eclipse_USBProject_WS\Project_USB_CrossCompile\system\include\cmsis\core_cm4.h **** } FPU_Type;
1319:C:\Users\bahri\GitHub\VirtualKeypad\Eclipse_USBProject_WS\Project_USB_CrossCompile\system\include\cmsis\core_cm4.h **** 
1320:C:\Users\bahri\GitHub\VirtualKeypad\Eclipse_USBProject_WS\Project_USB_CrossCompile\system\include\cmsis\core_cm4.h **** /* Floating-Point Context Control Register Definitions */
1321:C:\Users\bahri\GitHub\VirtualKeypad\Eclipse_USBProject_WS\Project_USB_CrossCompile\system\include\cmsis\core_cm4.h **** #define FPU_FPCCR_ASPEN_Pos                31U                                            /*!< FPCC
1322:C:\Users\bahri\GitHub\VirtualKeypad\Eclipse_USBProject_WS\Project_USB_CrossCompile\system\include\cmsis\core_cm4.h **** #define FPU_FPCCR_ASPEN_Msk                (1UL << FPU_FPCCR_ASPEN_Pos)                   /*!< FPCC
1323:C:\Users\bahri\GitHub\VirtualKeypad\Eclipse_USBProject_WS\Project_USB_CrossCompile\system\include\cmsis\core_cm4.h **** 
1324:C:\Users\bahri\GitHub\VirtualKeypad\Eclipse_USBProject_WS\Project_USB_CrossCompile\system\include\cmsis\core_cm4.h **** #define FPU_FPCCR_LSPEN_Pos                30U                                            /*!< FPCC
1325:C:\Users\bahri\GitHub\VirtualKeypad\Eclipse_USBProject_WS\Project_USB_CrossCompile\system\include\cmsis\core_cm4.h **** #define FPU_FPCCR_LSPEN_Msk                (1UL << FPU_FPCCR_LSPEN_Pos)                   /*!< FPCC
1326:C:\Users\bahri\GitHub\VirtualKeypad\Eclipse_USBProject_WS\Project_USB_CrossCompile\system\include\cmsis\core_cm4.h **** 
1327:C:\Users\bahri\GitHub\VirtualKeypad\Eclipse_USBProject_WS\Project_USB_CrossCompile\system\include\cmsis\core_cm4.h **** #define FPU_FPCCR_MONRDY_Pos                8U                                            /*!< FPCC
1328:C:\Users\bahri\GitHub\VirtualKeypad\Eclipse_USBProject_WS\Project_USB_CrossCompile\system\include\cmsis\core_cm4.h **** #define FPU_FPCCR_MONRDY_Msk               (1UL << FPU_FPCCR_MONRDY_Pos)                  /*!< FPCC
1329:C:\Users\bahri\GitHub\VirtualKeypad\Eclipse_USBProject_WS\Project_USB_CrossCompile\system\include\cmsis\core_cm4.h **** 
1330:C:\Users\bahri\GitHub\VirtualKeypad\Eclipse_USBProject_WS\Project_USB_CrossCompile\system\include\cmsis\core_cm4.h **** #define FPU_FPCCR_BFRDY_Pos                 6U                                            /*!< FPCC
1331:C:\Users\bahri\GitHub\VirtualKeypad\Eclipse_USBProject_WS\Project_USB_CrossCompile\system\include\cmsis\core_cm4.h **** #define FPU_FPCCR_BFRDY_Msk                (1UL << FPU_FPCCR_BFRDY_Pos)                   /*!< FPCC
1332:C:\Users\bahri\GitHub\VirtualKeypad\Eclipse_USBProject_WS\Project_USB_CrossCompile\system\include\cmsis\core_cm4.h **** 
1333:C:\Users\bahri\GitHub\VirtualKeypad\Eclipse_USBProject_WS\Project_USB_CrossCompile\system\include\cmsis\core_cm4.h **** #define FPU_FPCCR_MMRDY_Pos                 5U                                            /*!< FPCC
1334:C:\Users\bahri\GitHub\VirtualKeypad\Eclipse_USBProject_WS\Project_USB_CrossCompile\system\include\cmsis\core_cm4.h **** #define FPU_FPCCR_MMRDY_Msk                (1UL << FPU_FPCCR_MMRDY_Pos)                   /*!< FPCC
1335:C:\Users\bahri\GitHub\VirtualKeypad\Eclipse_USBProject_WS\Project_USB_CrossCompile\system\include\cmsis\core_cm4.h **** 
1336:C:\Users\bahri\GitHub\VirtualKeypad\Eclipse_USBProject_WS\Project_USB_CrossCompile\system\include\cmsis\core_cm4.h **** #define FPU_FPCCR_HFRDY_Pos                 4U                                            /*!< FPCC
1337:C:\Users\bahri\GitHub\VirtualKeypad\Eclipse_USBProject_WS\Project_USB_CrossCompile\system\include\cmsis\core_cm4.h **** #define FPU_FPCCR_HFRDY_Msk                (1UL << FPU_FPCCR_HFRDY_Pos)                   /*!< FPCC
1338:C:\Users\bahri\GitHub\VirtualKeypad\Eclipse_USBProject_WS\Project_USB_CrossCompile\system\include\cmsis\core_cm4.h **** 
1339:C:\Users\bahri\GitHub\VirtualKeypad\Eclipse_USBProject_WS\Project_USB_CrossCompile\system\include\cmsis\core_cm4.h **** #define FPU_FPCCR_THREAD_Pos                3U                                            /*!< FPCC
1340:C:\Users\bahri\GitHub\VirtualKeypad\Eclipse_USBProject_WS\Project_USB_CrossCompile\system\include\cmsis\core_cm4.h **** #define FPU_FPCCR_THREAD_Msk               (1UL << FPU_FPCCR_THREAD_Pos)                  /*!< FPCC
1341:C:\Users\bahri\GitHub\VirtualKeypad\Eclipse_USBProject_WS\Project_USB_CrossCompile\system\include\cmsis\core_cm4.h **** 
1342:C:\Users\bahri\GitHub\VirtualKeypad\Eclipse_USBProject_WS\Project_USB_CrossCompile\system\include\cmsis\core_cm4.h **** #define FPU_FPCCR_USER_Pos                  1U                                            /*!< FPCC
1343:C:\Users\bahri\GitHub\VirtualKeypad\Eclipse_USBProject_WS\Project_USB_CrossCompile\system\include\cmsis\core_cm4.h **** #define FPU_FPCCR_USER_Msk                 (1UL << FPU_FPCCR_USER_Pos)                    /*!< FPCC
1344:C:\Users\bahri\GitHub\VirtualKeypad\Eclipse_USBProject_WS\Project_USB_CrossCompile\system\include\cmsis\core_cm4.h **** 
1345:C:\Users\bahri\GitHub\VirtualKeypad\Eclipse_USBProject_WS\Project_USB_CrossCompile\system\include\cmsis\core_cm4.h **** #define FPU_FPCCR_LSPACT_Pos                0U                                            /*!< FPCC
1346:C:\Users\bahri\GitHub\VirtualKeypad\Eclipse_USBProject_WS\Project_USB_CrossCompile\system\include\cmsis\core_cm4.h **** #define FPU_FPCCR_LSPACT_Msk               (1UL /*<< FPU_FPCCR_LSPACT_Pos*/)              /*!< FPCC
1347:C:\Users\bahri\GitHub\VirtualKeypad\Eclipse_USBProject_WS\Project_USB_CrossCompile\system\include\cmsis\core_cm4.h **** 
1348:C:\Users\bahri\GitHub\VirtualKeypad\Eclipse_USBProject_WS\Project_USB_CrossCompile\system\include\cmsis\core_cm4.h **** /* Floating-Point Context Address Register Definitions */
1349:C:\Users\bahri\GitHub\VirtualKeypad\Eclipse_USBProject_WS\Project_USB_CrossCompile\system\include\cmsis\core_cm4.h **** #define FPU_FPCAR_ADDRESS_Pos               3U                                            /*!< FPCA
1350:C:\Users\bahri\GitHub\VirtualKeypad\Eclipse_USBProject_WS\Project_USB_CrossCompile\system\include\cmsis\core_cm4.h **** #define FPU_FPCAR_ADDRESS_Msk              (0x1FFFFFFFUL << FPU_FPCAR_ADDRESS_Pos)        /*!< FPCA
1351:C:\Users\bahri\GitHub\VirtualKeypad\Eclipse_USBProject_WS\Project_USB_CrossCompile\system\include\cmsis\core_cm4.h **** 
1352:C:\Users\bahri\GitHub\VirtualKeypad\Eclipse_USBProject_WS\Project_USB_CrossCompile\system\include\cmsis\core_cm4.h **** /* Floating-Point Default Status Control Register Definitions */
1353:C:\Users\bahri\GitHub\VirtualKeypad\Eclipse_USBProject_WS\Project_USB_CrossCompile\system\include\cmsis\core_cm4.h **** #define FPU_FPDSCR_AHP_Pos                 26U                                            /*!< FPDS
1354:C:\Users\bahri\GitHub\VirtualKeypad\Eclipse_USBProject_WS\Project_USB_CrossCompile\system\include\cmsis\core_cm4.h **** #define FPU_FPDSCR_AHP_Msk                 (1UL << FPU_FPDSCR_AHP_Pos)                    /*!< FPDS
1355:C:\Users\bahri\GitHub\VirtualKeypad\Eclipse_USBProject_WS\Project_USB_CrossCompile\system\include\cmsis\core_cm4.h **** 
1356:C:\Users\bahri\GitHub\VirtualKeypad\Eclipse_USBProject_WS\Project_USB_CrossCompile\system\include\cmsis\core_cm4.h **** #define FPU_FPDSCR_DN_Pos                  25U                                            /*!< FPDS
1357:C:\Users\bahri\GitHub\VirtualKeypad\Eclipse_USBProject_WS\Project_USB_CrossCompile\system\include\cmsis\core_cm4.h **** #define FPU_FPDSCR_DN_Msk                  (1UL << FPU_FPDSCR_DN_Pos)                     /*!< FPDS
1358:C:\Users\bahri\GitHub\VirtualKeypad\Eclipse_USBProject_WS\Project_USB_CrossCompile\system\include\cmsis\core_cm4.h **** 
1359:C:\Users\bahri\GitHub\VirtualKeypad\Eclipse_USBProject_WS\Project_USB_CrossCompile\system\include\cmsis\core_cm4.h **** #define FPU_FPDSCR_FZ_Pos                  24U                                            /*!< FPDS
1360:C:\Users\bahri\GitHub\VirtualKeypad\Eclipse_USBProject_WS\Project_USB_CrossCompile\system\include\cmsis\core_cm4.h **** #define FPU_FPDSCR_FZ_Msk                  (1UL << FPU_FPDSCR_FZ_Pos)                     /*!< FPDS
1361:C:\Users\bahri\GitHub\VirtualKeypad\Eclipse_USBProject_WS\Project_USB_CrossCompile\system\include\cmsis\core_cm4.h **** 
1362:C:\Users\bahri\GitHub\VirtualKeypad\Eclipse_USBProject_WS\Project_USB_CrossCompile\system\include\cmsis\core_cm4.h **** #define FPU_FPDSCR_RMode_Pos               22U                                            /*!< FPDS
1363:C:\Users\bahri\GitHub\VirtualKeypad\Eclipse_USBProject_WS\Project_USB_CrossCompile\system\include\cmsis\core_cm4.h **** #define FPU_FPDSCR_RMode_Msk               (3UL << FPU_FPDSCR_RMode_Pos)                  /*!< FPDS
1364:C:\Users\bahri\GitHub\VirtualKeypad\Eclipse_USBProject_WS\Project_USB_CrossCompile\system\include\cmsis\core_cm4.h **** 
1365:C:\Users\bahri\GitHub\VirtualKeypad\Eclipse_USBProject_WS\Project_USB_CrossCompile\system\include\cmsis\core_cm4.h **** /* Media and FP Feature Register 0 Definitions */
1366:C:\Users\bahri\GitHub\VirtualKeypad\Eclipse_USBProject_WS\Project_USB_CrossCompile\system\include\cmsis\core_cm4.h **** #define FPU_MVFR0_FP_rounding_modes_Pos    28U                                            /*!< MVFR
1367:C:\Users\bahri\GitHub\VirtualKeypad\Eclipse_USBProject_WS\Project_USB_CrossCompile\system\include\cmsis\core_cm4.h **** #define FPU_MVFR0_FP_rounding_modes_Msk    (0xFUL << FPU_MVFR0_FP_rounding_modes_Pos)     /*!< MVFR
1368:C:\Users\bahri\GitHub\VirtualKeypad\Eclipse_USBProject_WS\Project_USB_CrossCompile\system\include\cmsis\core_cm4.h **** 
1369:C:\Users\bahri\GitHub\VirtualKeypad\Eclipse_USBProject_WS\Project_USB_CrossCompile\system\include\cmsis\core_cm4.h **** #define FPU_MVFR0_Short_vectors_Pos        24U                                            /*!< MVFR
1370:C:\Users\bahri\GitHub\VirtualKeypad\Eclipse_USBProject_WS\Project_USB_CrossCompile\system\include\cmsis\core_cm4.h **** #define FPU_MVFR0_Short_vectors_Msk        (0xFUL << FPU_MVFR0_Short_vectors_Pos)         /*!< MVFR
1371:C:\Users\bahri\GitHub\VirtualKeypad\Eclipse_USBProject_WS\Project_USB_CrossCompile\system\include\cmsis\core_cm4.h **** 
1372:C:\Users\bahri\GitHub\VirtualKeypad\Eclipse_USBProject_WS\Project_USB_CrossCompile\system\include\cmsis\core_cm4.h **** #define FPU_MVFR0_Square_root_Pos          20U                                            /*!< MVFR
1373:C:\Users\bahri\GitHub\VirtualKeypad\Eclipse_USBProject_WS\Project_USB_CrossCompile\system\include\cmsis\core_cm4.h **** #define FPU_MVFR0_Square_root_Msk          (0xFUL << FPU_MVFR0_Square_root_Pos)           /*!< MVFR
1374:C:\Users\bahri\GitHub\VirtualKeypad\Eclipse_USBProject_WS\Project_USB_CrossCompile\system\include\cmsis\core_cm4.h **** 
1375:C:\Users\bahri\GitHub\VirtualKeypad\Eclipse_USBProject_WS\Project_USB_CrossCompile\system\include\cmsis\core_cm4.h **** #define FPU_MVFR0_Divide_Pos               16U                                            /*!< MVFR
1376:C:\Users\bahri\GitHub\VirtualKeypad\Eclipse_USBProject_WS\Project_USB_CrossCompile\system\include\cmsis\core_cm4.h **** #define FPU_MVFR0_Divide_Msk               (0xFUL << FPU_MVFR0_Divide_Pos)                /*!< MVFR
1377:C:\Users\bahri\GitHub\VirtualKeypad\Eclipse_USBProject_WS\Project_USB_CrossCompile\system\include\cmsis\core_cm4.h **** 
1378:C:\Users\bahri\GitHub\VirtualKeypad\Eclipse_USBProject_WS\Project_USB_CrossCompile\system\include\cmsis\core_cm4.h **** #define FPU_MVFR0_FP_excep_trapping_Pos    12U                                            /*!< MVFR
1379:C:\Users\bahri\GitHub\VirtualKeypad\Eclipse_USBProject_WS\Project_USB_CrossCompile\system\include\cmsis\core_cm4.h **** #define FPU_MVFR0_FP_excep_trapping_Msk    (0xFUL << FPU_MVFR0_FP_excep_trapping_Pos)     /*!< MVFR
1380:C:\Users\bahri\GitHub\VirtualKeypad\Eclipse_USBProject_WS\Project_USB_CrossCompile\system\include\cmsis\core_cm4.h **** 
1381:C:\Users\bahri\GitHub\VirtualKeypad\Eclipse_USBProject_WS\Project_USB_CrossCompile\system\include\cmsis\core_cm4.h **** #define FPU_MVFR0_Double_precision_Pos      8U                                            /*!< MVFR
1382:C:\Users\bahri\GitHub\VirtualKeypad\Eclipse_USBProject_WS\Project_USB_CrossCompile\system\include\cmsis\core_cm4.h **** #define FPU_MVFR0_Double_precision_Msk     (0xFUL << FPU_MVFR0_Double_precision_Pos)      /*!< MVFR
1383:C:\Users\bahri\GitHub\VirtualKeypad\Eclipse_USBProject_WS\Project_USB_CrossCompile\system\include\cmsis\core_cm4.h **** 
1384:C:\Users\bahri\GitHub\VirtualKeypad\Eclipse_USBProject_WS\Project_USB_CrossCompile\system\include\cmsis\core_cm4.h **** #define FPU_MVFR0_Single_precision_Pos      4U                                            /*!< MVFR
1385:C:\Users\bahri\GitHub\VirtualKeypad\Eclipse_USBProject_WS\Project_USB_CrossCompile\system\include\cmsis\core_cm4.h **** #define FPU_MVFR0_Single_precision_Msk     (0xFUL << FPU_MVFR0_Single_precision_Pos)      /*!< MVFR
1386:C:\Users\bahri\GitHub\VirtualKeypad\Eclipse_USBProject_WS\Project_USB_CrossCompile\system\include\cmsis\core_cm4.h **** 
1387:C:\Users\bahri\GitHub\VirtualKeypad\Eclipse_USBProject_WS\Project_USB_CrossCompile\system\include\cmsis\core_cm4.h **** #define FPU_MVFR0_A_SIMD_registers_Pos      0U                                            /*!< MVFR
1388:C:\Users\bahri\GitHub\VirtualKeypad\Eclipse_USBProject_WS\Project_USB_CrossCompile\system\include\cmsis\core_cm4.h **** #define FPU_MVFR0_A_SIMD_registers_Msk     (0xFUL /*<< FPU_MVFR0_A_SIMD_registers_Pos*/)  /*!< MVFR
1389:C:\Users\bahri\GitHub\VirtualKeypad\Eclipse_USBProject_WS\Project_USB_CrossCompile\system\include\cmsis\core_cm4.h **** 
1390:C:\Users\bahri\GitHub\VirtualKeypad\Eclipse_USBProject_WS\Project_USB_CrossCompile\system\include\cmsis\core_cm4.h **** /* Media and FP Feature Register 1 Definitions */
1391:C:\Users\bahri\GitHub\VirtualKeypad\Eclipse_USBProject_WS\Project_USB_CrossCompile\system\include\cmsis\core_cm4.h **** #define FPU_MVFR1_FP_fused_MAC_Pos         28U                                            /*!< MVFR
1392:C:\Users\bahri\GitHub\VirtualKeypad\Eclipse_USBProject_WS\Project_USB_CrossCompile\system\include\cmsis\core_cm4.h **** #define FPU_MVFR1_FP_fused_MAC_Msk         (0xFUL << FPU_MVFR1_FP_fused_MAC_Pos)          /*!< MVFR
1393:C:\Users\bahri\GitHub\VirtualKeypad\Eclipse_USBProject_WS\Project_USB_CrossCompile\system\include\cmsis\core_cm4.h **** 
1394:C:\Users\bahri\GitHub\VirtualKeypad\Eclipse_USBProject_WS\Project_USB_CrossCompile\system\include\cmsis\core_cm4.h **** #define FPU_MVFR1_FP_HPFP_Pos              24U                                            /*!< MVFR
1395:C:\Users\bahri\GitHub\VirtualKeypad\Eclipse_USBProject_WS\Project_USB_CrossCompile\system\include\cmsis\core_cm4.h **** #define FPU_MVFR1_FP_HPFP_Msk              (0xFUL << FPU_MVFR1_FP_HPFP_Pos)               /*!< MVFR
1396:C:\Users\bahri\GitHub\VirtualKeypad\Eclipse_USBProject_WS\Project_USB_CrossCompile\system\include\cmsis\core_cm4.h **** 
1397:C:\Users\bahri\GitHub\VirtualKeypad\Eclipse_USBProject_WS\Project_USB_CrossCompile\system\include\cmsis\core_cm4.h **** #define FPU_MVFR1_D_NaN_mode_Pos            4U                                            /*!< MVFR
1398:C:\Users\bahri\GitHub\VirtualKeypad\Eclipse_USBProject_WS\Project_USB_CrossCompile\system\include\cmsis\core_cm4.h **** #define FPU_MVFR1_D_NaN_mode_Msk           (0xFUL << FPU_MVFR1_D_NaN_mode_Pos)            /*!< MVFR
1399:C:\Users\bahri\GitHub\VirtualKeypad\Eclipse_USBProject_WS\Project_USB_CrossCompile\system\include\cmsis\core_cm4.h **** 
1400:C:\Users\bahri\GitHub\VirtualKeypad\Eclipse_USBProject_WS\Project_USB_CrossCompile\system\include\cmsis\core_cm4.h **** #define FPU_MVFR1_FtZ_mode_Pos              0U                                            /*!< MVFR
1401:C:\Users\bahri\GitHub\VirtualKeypad\Eclipse_USBProject_WS\Project_USB_CrossCompile\system\include\cmsis\core_cm4.h **** #define FPU_MVFR1_FtZ_mode_Msk             (0xFUL /*<< FPU_MVFR1_FtZ_mode_Pos*/)          /*!< MVFR
1402:C:\Users\bahri\GitHub\VirtualKeypad\Eclipse_USBProject_WS\Project_USB_CrossCompile\system\include\cmsis\core_cm4.h **** 
1403:C:\Users\bahri\GitHub\VirtualKeypad\Eclipse_USBProject_WS\Project_USB_CrossCompile\system\include\cmsis\core_cm4.h **** /* Media and FP Feature Register 2 Definitions */
1404:C:\Users\bahri\GitHub\VirtualKeypad\Eclipse_USBProject_WS\Project_USB_CrossCompile\system\include\cmsis\core_cm4.h **** 
1405:C:\Users\bahri\GitHub\VirtualKeypad\Eclipse_USBProject_WS\Project_USB_CrossCompile\system\include\cmsis\core_cm4.h **** #define FPU_MVFR2_VFP_Misc_Pos              4U                                            /*!< MVFR
1406:C:\Users\bahri\GitHub\VirtualKeypad\Eclipse_USBProject_WS\Project_USB_CrossCompile\system\include\cmsis\core_cm4.h **** #define FPU_MVFR2_VFP_Misc_Msk             (0xFUL << FPU_MVFR2_VFP_Misc_Pos)              /*!< MVFR
1407:C:\Users\bahri\GitHub\VirtualKeypad\Eclipse_USBProject_WS\Project_USB_CrossCompile\system\include\cmsis\core_cm4.h **** 
1408:C:\Users\bahri\GitHub\VirtualKeypad\Eclipse_USBProject_WS\Project_USB_CrossCompile\system\include\cmsis\core_cm4.h **** /*@} end of group CMSIS_FPU */
1409:C:\Users\bahri\GitHub\VirtualKeypad\Eclipse_USBProject_WS\Project_USB_CrossCompile\system\include\cmsis\core_cm4.h **** 
1410:C:\Users\bahri\GitHub\VirtualKeypad\Eclipse_USBProject_WS\Project_USB_CrossCompile\system\include\cmsis\core_cm4.h **** 
1411:C:\Users\bahri\GitHub\VirtualKeypad\Eclipse_USBProject_WS\Project_USB_CrossCompile\system\include\cmsis\core_cm4.h **** /**
1412:C:\Users\bahri\GitHub\VirtualKeypad\Eclipse_USBProject_WS\Project_USB_CrossCompile\system\include\cmsis\core_cm4.h ****   \ingroup  CMSIS_core_register
1413:C:\Users\bahri\GitHub\VirtualKeypad\Eclipse_USBProject_WS\Project_USB_CrossCompile\system\include\cmsis\core_cm4.h ****   \defgroup CMSIS_CoreDebug       Core Debug Registers (CoreDebug)
1414:C:\Users\bahri\GitHub\VirtualKeypad\Eclipse_USBProject_WS\Project_USB_CrossCompile\system\include\cmsis\core_cm4.h ****   \brief    Type definitions for the Core Debug Registers
1415:C:\Users\bahri\GitHub\VirtualKeypad\Eclipse_USBProject_WS\Project_USB_CrossCompile\system\include\cmsis\core_cm4.h ****   @{
1416:C:\Users\bahri\GitHub\VirtualKeypad\Eclipse_USBProject_WS\Project_USB_CrossCompile\system\include\cmsis\core_cm4.h ****  */
1417:C:\Users\bahri\GitHub\VirtualKeypad\Eclipse_USBProject_WS\Project_USB_CrossCompile\system\include\cmsis\core_cm4.h **** 
1418:C:\Users\bahri\GitHub\VirtualKeypad\Eclipse_USBProject_WS\Project_USB_CrossCompile\system\include\cmsis\core_cm4.h **** /**
1419:C:\Users\bahri\GitHub\VirtualKeypad\Eclipse_USBProject_WS\Project_USB_CrossCompile\system\include\cmsis\core_cm4.h ****   \brief  Structure type to access the Core Debug Register (CoreDebug).
1420:C:\Users\bahri\GitHub\VirtualKeypad\Eclipse_USBProject_WS\Project_USB_CrossCompile\system\include\cmsis\core_cm4.h ****  */
1421:C:\Users\bahri\GitHub\VirtualKeypad\Eclipse_USBProject_WS\Project_USB_CrossCompile\system\include\cmsis\core_cm4.h **** typedef struct
1422:C:\Users\bahri\GitHub\VirtualKeypad\Eclipse_USBProject_WS\Project_USB_CrossCompile\system\include\cmsis\core_cm4.h **** {
1423:C:\Users\bahri\GitHub\VirtualKeypad\Eclipse_USBProject_WS\Project_USB_CrossCompile\system\include\cmsis\core_cm4.h ****   __IOM uint32_t DHCSR;                  /*!< Offset: 0x000 (R/W)  Debug Halting Control and Status
1424:C:\Users\bahri\GitHub\VirtualKeypad\Eclipse_USBProject_WS\Project_USB_CrossCompile\system\include\cmsis\core_cm4.h ****   __OM  uint32_t DCRSR;                  /*!< Offset: 0x004 ( /W)  Debug Core Register Selector Reg
1425:C:\Users\bahri\GitHub\VirtualKeypad\Eclipse_USBProject_WS\Project_USB_CrossCompile\system\include\cmsis\core_cm4.h ****   __IOM uint32_t DCRDR;                  /*!< Offset: 0x008 (R/W)  Debug Core Register Data Registe
1426:C:\Users\bahri\GitHub\VirtualKeypad\Eclipse_USBProject_WS\Project_USB_CrossCompile\system\include\cmsis\core_cm4.h ****   __IOM uint32_t DEMCR;                  /*!< Offset: 0x00C (R/W)  Debug Exception and Monitor Cont
1427:C:\Users\bahri\GitHub\VirtualKeypad\Eclipse_USBProject_WS\Project_USB_CrossCompile\system\include\cmsis\core_cm4.h **** } CoreDebug_Type;
1428:C:\Users\bahri\GitHub\VirtualKeypad\Eclipse_USBProject_WS\Project_USB_CrossCompile\system\include\cmsis\core_cm4.h **** 
1429:C:\Users\bahri\GitHub\VirtualKeypad\Eclipse_USBProject_WS\Project_USB_CrossCompile\system\include\cmsis\core_cm4.h **** /* Debug Halting Control and Status Register Definitions */
1430:C:\Users\bahri\GitHub\VirtualKeypad\Eclipse_USBProject_WS\Project_USB_CrossCompile\system\include\cmsis\core_cm4.h **** #define CoreDebug_DHCSR_DBGKEY_Pos         16U                                            /*!< Core
1431:C:\Users\bahri\GitHub\VirtualKeypad\Eclipse_USBProject_WS\Project_USB_CrossCompile\system\include\cmsis\core_cm4.h **** #define CoreDebug_DHCSR_DBGKEY_Msk         (0xFFFFUL << CoreDebug_DHCSR_DBGKEY_Pos)       /*!< Core
1432:C:\Users\bahri\GitHub\VirtualKeypad\Eclipse_USBProject_WS\Project_USB_CrossCompile\system\include\cmsis\core_cm4.h **** 
1433:C:\Users\bahri\GitHub\VirtualKeypad\Eclipse_USBProject_WS\Project_USB_CrossCompile\system\include\cmsis\core_cm4.h **** #define CoreDebug_DHCSR_S_RESET_ST_Pos     25U                                            /*!< Core
1434:C:\Users\bahri\GitHub\VirtualKeypad\Eclipse_USBProject_WS\Project_USB_CrossCompile\system\include\cmsis\core_cm4.h **** #define CoreDebug_DHCSR_S_RESET_ST_Msk     (1UL << CoreDebug_DHCSR_S_RESET_ST_Pos)        /*!< Core
1435:C:\Users\bahri\GitHub\VirtualKeypad\Eclipse_USBProject_WS\Project_USB_CrossCompile\system\include\cmsis\core_cm4.h **** 
1436:C:\Users\bahri\GitHub\VirtualKeypad\Eclipse_USBProject_WS\Project_USB_CrossCompile\system\include\cmsis\core_cm4.h **** #define CoreDebug_DHCSR_S_RETIRE_ST_Pos    24U                                            /*!< Core
1437:C:\Users\bahri\GitHub\VirtualKeypad\Eclipse_USBProject_WS\Project_USB_CrossCompile\system\include\cmsis\core_cm4.h **** #define CoreDebug_DHCSR_S_RETIRE_ST_Msk    (1UL << CoreDebug_DHCSR_S_RETIRE_ST_Pos)       /*!< Core
1438:C:\Users\bahri\GitHub\VirtualKeypad\Eclipse_USBProject_WS\Project_USB_CrossCompile\system\include\cmsis\core_cm4.h **** 
1439:C:\Users\bahri\GitHub\VirtualKeypad\Eclipse_USBProject_WS\Project_USB_CrossCompile\system\include\cmsis\core_cm4.h **** #define CoreDebug_DHCSR_S_LOCKUP_Pos       19U                                            /*!< Core
1440:C:\Users\bahri\GitHub\VirtualKeypad\Eclipse_USBProject_WS\Project_USB_CrossCompile\system\include\cmsis\core_cm4.h **** #define CoreDebug_DHCSR_S_LOCKUP_Msk       (1UL << CoreDebug_DHCSR_S_LOCKUP_Pos)          /*!< Core
1441:C:\Users\bahri\GitHub\VirtualKeypad\Eclipse_USBProject_WS\Project_USB_CrossCompile\system\include\cmsis\core_cm4.h **** 
1442:C:\Users\bahri\GitHub\VirtualKeypad\Eclipse_USBProject_WS\Project_USB_CrossCompile\system\include\cmsis\core_cm4.h **** #define CoreDebug_DHCSR_S_SLEEP_Pos        18U                                            /*!< Core
1443:C:\Users\bahri\GitHub\VirtualKeypad\Eclipse_USBProject_WS\Project_USB_CrossCompile\system\include\cmsis\core_cm4.h **** #define CoreDebug_DHCSR_S_SLEEP_Msk        (1UL << CoreDebug_DHCSR_S_SLEEP_Pos)           /*!< Core
1444:C:\Users\bahri\GitHub\VirtualKeypad\Eclipse_USBProject_WS\Project_USB_CrossCompile\system\include\cmsis\core_cm4.h **** 
1445:C:\Users\bahri\GitHub\VirtualKeypad\Eclipse_USBProject_WS\Project_USB_CrossCompile\system\include\cmsis\core_cm4.h **** #define CoreDebug_DHCSR_S_HALT_Pos         17U                                            /*!< Core
1446:C:\Users\bahri\GitHub\VirtualKeypad\Eclipse_USBProject_WS\Project_USB_CrossCompile\system\include\cmsis\core_cm4.h **** #define CoreDebug_DHCSR_S_HALT_Msk         (1UL << CoreDebug_DHCSR_S_HALT_Pos)            /*!< Core
1447:C:\Users\bahri\GitHub\VirtualKeypad\Eclipse_USBProject_WS\Project_USB_CrossCompile\system\include\cmsis\core_cm4.h **** 
1448:C:\Users\bahri\GitHub\VirtualKeypad\Eclipse_USBProject_WS\Project_USB_CrossCompile\system\include\cmsis\core_cm4.h **** #define CoreDebug_DHCSR_S_REGRDY_Pos       16U                                            /*!< Core
1449:C:\Users\bahri\GitHub\VirtualKeypad\Eclipse_USBProject_WS\Project_USB_CrossCompile\system\include\cmsis\core_cm4.h **** #define CoreDebug_DHCSR_S_REGRDY_Msk       (1UL << CoreDebug_DHCSR_S_REGRDY_Pos)          /*!< Core
1450:C:\Users\bahri\GitHub\VirtualKeypad\Eclipse_USBProject_WS\Project_USB_CrossCompile\system\include\cmsis\core_cm4.h **** 
1451:C:\Users\bahri\GitHub\VirtualKeypad\Eclipse_USBProject_WS\Project_USB_CrossCompile\system\include\cmsis\core_cm4.h **** #define CoreDebug_DHCSR_C_SNAPSTALL_Pos     5U                                            /*!< Core
1452:C:\Users\bahri\GitHub\VirtualKeypad\Eclipse_USBProject_WS\Project_USB_CrossCompile\system\include\cmsis\core_cm4.h **** #define CoreDebug_DHCSR_C_SNAPSTALL_Msk    (1UL << CoreDebug_DHCSR_C_SNAPSTALL_Pos)       /*!< Core
1453:C:\Users\bahri\GitHub\VirtualKeypad\Eclipse_USBProject_WS\Project_USB_CrossCompile\system\include\cmsis\core_cm4.h **** 
1454:C:\Users\bahri\GitHub\VirtualKeypad\Eclipse_USBProject_WS\Project_USB_CrossCompile\system\include\cmsis\core_cm4.h **** #define CoreDebug_DHCSR_C_MASKINTS_Pos      3U                                            /*!< Core
1455:C:\Users\bahri\GitHub\VirtualKeypad\Eclipse_USBProject_WS\Project_USB_CrossCompile\system\include\cmsis\core_cm4.h **** #define CoreDebug_DHCSR_C_MASKINTS_Msk     (1UL << CoreDebug_DHCSR_C_MASKINTS_Pos)        /*!< Core
1456:C:\Users\bahri\GitHub\VirtualKeypad\Eclipse_USBProject_WS\Project_USB_CrossCompile\system\include\cmsis\core_cm4.h **** 
1457:C:\Users\bahri\GitHub\VirtualKeypad\Eclipse_USBProject_WS\Project_USB_CrossCompile\system\include\cmsis\core_cm4.h **** #define CoreDebug_DHCSR_C_STEP_Pos          2U                                            /*!< Core
1458:C:\Users\bahri\GitHub\VirtualKeypad\Eclipse_USBProject_WS\Project_USB_CrossCompile\system\include\cmsis\core_cm4.h **** #define CoreDebug_DHCSR_C_STEP_Msk         (1UL << CoreDebug_DHCSR_C_STEP_Pos)            /*!< Core
1459:C:\Users\bahri\GitHub\VirtualKeypad\Eclipse_USBProject_WS\Project_USB_CrossCompile\system\include\cmsis\core_cm4.h **** 
1460:C:\Users\bahri\GitHub\VirtualKeypad\Eclipse_USBProject_WS\Project_USB_CrossCompile\system\include\cmsis\core_cm4.h **** #define CoreDebug_DHCSR_C_HALT_Pos          1U                                            /*!< Core
1461:C:\Users\bahri\GitHub\VirtualKeypad\Eclipse_USBProject_WS\Project_USB_CrossCompile\system\include\cmsis\core_cm4.h **** #define CoreDebug_DHCSR_C_HALT_Msk         (1UL << CoreDebug_DHCSR_C_HALT_Pos)            /*!< Core
1462:C:\Users\bahri\GitHub\VirtualKeypad\Eclipse_USBProject_WS\Project_USB_CrossCompile\system\include\cmsis\core_cm4.h **** 
1463:C:\Users\bahri\GitHub\VirtualKeypad\Eclipse_USBProject_WS\Project_USB_CrossCompile\system\include\cmsis\core_cm4.h **** #define CoreDebug_DHCSR_C_DEBUGEN_Pos       0U                                            /*!< Core
1464:C:\Users\bahri\GitHub\VirtualKeypad\Eclipse_USBProject_WS\Project_USB_CrossCompile\system\include\cmsis\core_cm4.h **** #define CoreDebug_DHCSR_C_DEBUGEN_Msk      (1UL /*<< CoreDebug_DHCSR_C_DEBUGEN_Pos*/)     /*!< Core
1465:C:\Users\bahri\GitHub\VirtualKeypad\Eclipse_USBProject_WS\Project_USB_CrossCompile\system\include\cmsis\core_cm4.h **** 
1466:C:\Users\bahri\GitHub\VirtualKeypad\Eclipse_USBProject_WS\Project_USB_CrossCompile\system\include\cmsis\core_cm4.h **** /* Debug Core Register Selector Register Definitions */
1467:C:\Users\bahri\GitHub\VirtualKeypad\Eclipse_USBProject_WS\Project_USB_CrossCompile\system\include\cmsis\core_cm4.h **** #define CoreDebug_DCRSR_REGWnR_Pos         16U                                            /*!< Core
1468:C:\Users\bahri\GitHub\VirtualKeypad\Eclipse_USBProject_WS\Project_USB_CrossCompile\system\include\cmsis\core_cm4.h **** #define CoreDebug_DCRSR_REGWnR_Msk         (1UL << CoreDebug_DCRSR_REGWnR_Pos)            /*!< Core
1469:C:\Users\bahri\GitHub\VirtualKeypad\Eclipse_USBProject_WS\Project_USB_CrossCompile\system\include\cmsis\core_cm4.h **** 
1470:C:\Users\bahri\GitHub\VirtualKeypad\Eclipse_USBProject_WS\Project_USB_CrossCompile\system\include\cmsis\core_cm4.h **** #define CoreDebug_DCRSR_REGSEL_Pos          0U                                            /*!< Core
1471:C:\Users\bahri\GitHub\VirtualKeypad\Eclipse_USBProject_WS\Project_USB_CrossCompile\system\include\cmsis\core_cm4.h **** #define CoreDebug_DCRSR_REGSEL_Msk         (0x1FUL /*<< CoreDebug_DCRSR_REGSEL_Pos*/)     /*!< Core
1472:C:\Users\bahri\GitHub\VirtualKeypad\Eclipse_USBProject_WS\Project_USB_CrossCompile\system\include\cmsis\core_cm4.h **** 
1473:C:\Users\bahri\GitHub\VirtualKeypad\Eclipse_USBProject_WS\Project_USB_CrossCompile\system\include\cmsis\core_cm4.h **** /* Debug Exception and Monitor Control Register Definitions */
1474:C:\Users\bahri\GitHub\VirtualKeypad\Eclipse_USBProject_WS\Project_USB_CrossCompile\system\include\cmsis\core_cm4.h **** #define CoreDebug_DEMCR_TRCENA_Pos         24U                                            /*!< Core
1475:C:\Users\bahri\GitHub\VirtualKeypad\Eclipse_USBProject_WS\Project_USB_CrossCompile\system\include\cmsis\core_cm4.h **** #define CoreDebug_DEMCR_TRCENA_Msk         (1UL << CoreDebug_DEMCR_TRCENA_Pos)            /*!< Core
1476:C:\Users\bahri\GitHub\VirtualKeypad\Eclipse_USBProject_WS\Project_USB_CrossCompile\system\include\cmsis\core_cm4.h **** 
1477:C:\Users\bahri\GitHub\VirtualKeypad\Eclipse_USBProject_WS\Project_USB_CrossCompile\system\include\cmsis\core_cm4.h **** #define CoreDebug_DEMCR_MON_REQ_Pos        19U                                            /*!< Core
1478:C:\Users\bahri\GitHub\VirtualKeypad\Eclipse_USBProject_WS\Project_USB_CrossCompile\system\include\cmsis\core_cm4.h **** #define CoreDebug_DEMCR_MON_REQ_Msk        (1UL << CoreDebug_DEMCR_MON_REQ_Pos)           /*!< Core
1479:C:\Users\bahri\GitHub\VirtualKeypad\Eclipse_USBProject_WS\Project_USB_CrossCompile\system\include\cmsis\core_cm4.h **** 
1480:C:\Users\bahri\GitHub\VirtualKeypad\Eclipse_USBProject_WS\Project_USB_CrossCompile\system\include\cmsis\core_cm4.h **** #define CoreDebug_DEMCR_MON_STEP_Pos       18U                                            /*!< Core
1481:C:\Users\bahri\GitHub\VirtualKeypad\Eclipse_USBProject_WS\Project_USB_CrossCompile\system\include\cmsis\core_cm4.h **** #define CoreDebug_DEMCR_MON_STEP_Msk       (1UL << CoreDebug_DEMCR_MON_STEP_Pos)          /*!< Core
1482:C:\Users\bahri\GitHub\VirtualKeypad\Eclipse_USBProject_WS\Project_USB_CrossCompile\system\include\cmsis\core_cm4.h **** 
1483:C:\Users\bahri\GitHub\VirtualKeypad\Eclipse_USBProject_WS\Project_USB_CrossCompile\system\include\cmsis\core_cm4.h **** #define CoreDebug_DEMCR_MON_PEND_Pos       17U                                            /*!< Core
1484:C:\Users\bahri\GitHub\VirtualKeypad\Eclipse_USBProject_WS\Project_USB_CrossCompile\system\include\cmsis\core_cm4.h **** #define CoreDebug_DEMCR_MON_PEND_Msk       (1UL << CoreDebug_DEMCR_MON_PEND_Pos)          /*!< Core
1485:C:\Users\bahri\GitHub\VirtualKeypad\Eclipse_USBProject_WS\Project_USB_CrossCompile\system\include\cmsis\core_cm4.h **** 
1486:C:\Users\bahri\GitHub\VirtualKeypad\Eclipse_USBProject_WS\Project_USB_CrossCompile\system\include\cmsis\core_cm4.h **** #define CoreDebug_DEMCR_MON_EN_Pos         16U                                            /*!< Core
1487:C:\Users\bahri\GitHub\VirtualKeypad\Eclipse_USBProject_WS\Project_USB_CrossCompile\system\include\cmsis\core_cm4.h **** #define CoreDebug_DEMCR_MON_EN_Msk         (1UL << CoreDebug_DEMCR_MON_EN_Pos)            /*!< Core
1488:C:\Users\bahri\GitHub\VirtualKeypad\Eclipse_USBProject_WS\Project_USB_CrossCompile\system\include\cmsis\core_cm4.h **** 
1489:C:\Users\bahri\GitHub\VirtualKeypad\Eclipse_USBProject_WS\Project_USB_CrossCompile\system\include\cmsis\core_cm4.h **** #define CoreDebug_DEMCR_VC_HARDERR_Pos     10U                                            /*!< Core
1490:C:\Users\bahri\GitHub\VirtualKeypad\Eclipse_USBProject_WS\Project_USB_CrossCompile\system\include\cmsis\core_cm4.h **** #define CoreDebug_DEMCR_VC_HARDERR_Msk     (1UL << CoreDebug_DEMCR_VC_HARDERR_Pos)        /*!< Core
1491:C:\Users\bahri\GitHub\VirtualKeypad\Eclipse_USBProject_WS\Project_USB_CrossCompile\system\include\cmsis\core_cm4.h **** 
1492:C:\Users\bahri\GitHub\VirtualKeypad\Eclipse_USBProject_WS\Project_USB_CrossCompile\system\include\cmsis\core_cm4.h **** #define CoreDebug_DEMCR_VC_INTERR_Pos       9U                                            /*!< Core
1493:C:\Users\bahri\GitHub\VirtualKeypad\Eclipse_USBProject_WS\Project_USB_CrossCompile\system\include\cmsis\core_cm4.h **** #define CoreDebug_DEMCR_VC_INTERR_Msk      (1UL << CoreDebug_DEMCR_VC_INTERR_Pos)         /*!< Core
1494:C:\Users\bahri\GitHub\VirtualKeypad\Eclipse_USBProject_WS\Project_USB_CrossCompile\system\include\cmsis\core_cm4.h **** 
1495:C:\Users\bahri\GitHub\VirtualKeypad\Eclipse_USBProject_WS\Project_USB_CrossCompile\system\include\cmsis\core_cm4.h **** #define CoreDebug_DEMCR_VC_BUSERR_Pos       8U                                            /*!< Core
1496:C:\Users\bahri\GitHub\VirtualKeypad\Eclipse_USBProject_WS\Project_USB_CrossCompile\system\include\cmsis\core_cm4.h **** #define CoreDebug_DEMCR_VC_BUSERR_Msk      (1UL << CoreDebug_DEMCR_VC_BUSERR_Pos)         /*!< Core
1497:C:\Users\bahri\GitHub\VirtualKeypad\Eclipse_USBProject_WS\Project_USB_CrossCompile\system\include\cmsis\core_cm4.h **** 
1498:C:\Users\bahri\GitHub\VirtualKeypad\Eclipse_USBProject_WS\Project_USB_CrossCompile\system\include\cmsis\core_cm4.h **** #define CoreDebug_DEMCR_VC_STATERR_Pos      7U                                            /*!< Core
1499:C:\Users\bahri\GitHub\VirtualKeypad\Eclipse_USBProject_WS\Project_USB_CrossCompile\system\include\cmsis\core_cm4.h **** #define CoreDebug_DEMCR_VC_STATERR_Msk     (1UL << CoreDebug_DEMCR_VC_STATERR_Pos)        /*!< Core
1500:C:\Users\bahri\GitHub\VirtualKeypad\Eclipse_USBProject_WS\Project_USB_CrossCompile\system\include\cmsis\core_cm4.h **** 
1501:C:\Users\bahri\GitHub\VirtualKeypad\Eclipse_USBProject_WS\Project_USB_CrossCompile\system\include\cmsis\core_cm4.h **** #define CoreDebug_DEMCR_VC_CHKERR_Pos       6U                                            /*!< Core
1502:C:\Users\bahri\GitHub\VirtualKeypad\Eclipse_USBProject_WS\Project_USB_CrossCompile\system\include\cmsis\core_cm4.h **** #define CoreDebug_DEMCR_VC_CHKERR_Msk      (1UL << CoreDebug_DEMCR_VC_CHKERR_Pos)         /*!< Core
1503:C:\Users\bahri\GitHub\VirtualKeypad\Eclipse_USBProject_WS\Project_USB_CrossCompile\system\include\cmsis\core_cm4.h **** 
1504:C:\Users\bahri\GitHub\VirtualKeypad\Eclipse_USBProject_WS\Project_USB_CrossCompile\system\include\cmsis\core_cm4.h **** #define CoreDebug_DEMCR_VC_NOCPERR_Pos      5U                                            /*!< Core
1505:C:\Users\bahri\GitHub\VirtualKeypad\Eclipse_USBProject_WS\Project_USB_CrossCompile\system\include\cmsis\core_cm4.h **** #define CoreDebug_DEMCR_VC_NOCPERR_Msk     (1UL << CoreDebug_DEMCR_VC_NOCPERR_Pos)        /*!< Core
1506:C:\Users\bahri\GitHub\VirtualKeypad\Eclipse_USBProject_WS\Project_USB_CrossCompile\system\include\cmsis\core_cm4.h **** 
1507:C:\Users\bahri\GitHub\VirtualKeypad\Eclipse_USBProject_WS\Project_USB_CrossCompile\system\include\cmsis\core_cm4.h **** #define CoreDebug_DEMCR_VC_MMERR_Pos        4U                                            /*!< Core
1508:C:\Users\bahri\GitHub\VirtualKeypad\Eclipse_USBProject_WS\Project_USB_CrossCompile\system\include\cmsis\core_cm4.h **** #define CoreDebug_DEMCR_VC_MMERR_Msk       (1UL << CoreDebug_DEMCR_VC_MMERR_Pos)          /*!< Core
1509:C:\Users\bahri\GitHub\VirtualKeypad\Eclipse_USBProject_WS\Project_USB_CrossCompile\system\include\cmsis\core_cm4.h **** 
1510:C:\Users\bahri\GitHub\VirtualKeypad\Eclipse_USBProject_WS\Project_USB_CrossCompile\system\include\cmsis\core_cm4.h **** #define CoreDebug_DEMCR_VC_CORERESET_Pos    0U                                            /*!< Core
1511:C:\Users\bahri\GitHub\VirtualKeypad\Eclipse_USBProject_WS\Project_USB_CrossCompile\system\include\cmsis\core_cm4.h **** #define CoreDebug_DEMCR_VC_CORERESET_Msk   (1UL /*<< CoreDebug_DEMCR_VC_CORERESET_Pos*/)  /*!< Core
1512:C:\Users\bahri\GitHub\VirtualKeypad\Eclipse_USBProject_WS\Project_USB_CrossCompile\system\include\cmsis\core_cm4.h **** 
1513:C:\Users\bahri\GitHub\VirtualKeypad\Eclipse_USBProject_WS\Project_USB_CrossCompile\system\include\cmsis\core_cm4.h **** /*@} end of group CMSIS_CoreDebug */
1514:C:\Users\bahri\GitHub\VirtualKeypad\Eclipse_USBProject_WS\Project_USB_CrossCompile\system\include\cmsis\core_cm4.h **** 
1515:C:\Users\bahri\GitHub\VirtualKeypad\Eclipse_USBProject_WS\Project_USB_CrossCompile\system\include\cmsis\core_cm4.h **** 
1516:C:\Users\bahri\GitHub\VirtualKeypad\Eclipse_USBProject_WS\Project_USB_CrossCompile\system\include\cmsis\core_cm4.h **** /**
1517:C:\Users\bahri\GitHub\VirtualKeypad\Eclipse_USBProject_WS\Project_USB_CrossCompile\system\include\cmsis\core_cm4.h ****   \ingroup    CMSIS_core_register
1518:C:\Users\bahri\GitHub\VirtualKeypad\Eclipse_USBProject_WS\Project_USB_CrossCompile\system\include\cmsis\core_cm4.h ****   \defgroup   CMSIS_core_bitfield     Core register bit field macros
1519:C:\Users\bahri\GitHub\VirtualKeypad\Eclipse_USBProject_WS\Project_USB_CrossCompile\system\include\cmsis\core_cm4.h ****   \brief      Macros for use with bit field definitions (xxx_Pos, xxx_Msk).
1520:C:\Users\bahri\GitHub\VirtualKeypad\Eclipse_USBProject_WS\Project_USB_CrossCompile\system\include\cmsis\core_cm4.h ****   @{
1521:C:\Users\bahri\GitHub\VirtualKeypad\Eclipse_USBProject_WS\Project_USB_CrossCompile\system\include\cmsis\core_cm4.h ****  */
1522:C:\Users\bahri\GitHub\VirtualKeypad\Eclipse_USBProject_WS\Project_USB_CrossCompile\system\include\cmsis\core_cm4.h **** 
1523:C:\Users\bahri\GitHub\VirtualKeypad\Eclipse_USBProject_WS\Project_USB_CrossCompile\system\include\cmsis\core_cm4.h **** /**
1524:C:\Users\bahri\GitHub\VirtualKeypad\Eclipse_USBProject_WS\Project_USB_CrossCompile\system\include\cmsis\core_cm4.h ****   \brief   Mask and shift a bit field value for use in a register bit range.
1525:C:\Users\bahri\GitHub\VirtualKeypad\Eclipse_USBProject_WS\Project_USB_CrossCompile\system\include\cmsis\core_cm4.h ****   \param[in] field  Name of the register bit field.
1526:C:\Users\bahri\GitHub\VirtualKeypad\Eclipse_USBProject_WS\Project_USB_CrossCompile\system\include\cmsis\core_cm4.h ****   \param[in] value  Value of the bit field. This parameter is interpreted as an uint32_t type.
1527:C:\Users\bahri\GitHub\VirtualKeypad\Eclipse_USBProject_WS\Project_USB_CrossCompile\system\include\cmsis\core_cm4.h ****   \return           Masked and shifted value.
1528:C:\Users\bahri\GitHub\VirtualKeypad\Eclipse_USBProject_WS\Project_USB_CrossCompile\system\include\cmsis\core_cm4.h **** */
1529:C:\Users\bahri\GitHub\VirtualKeypad\Eclipse_USBProject_WS\Project_USB_CrossCompile\system\include\cmsis\core_cm4.h **** #define _VAL2FLD(field, value)    (((uint32_t)(value) << field ## _Pos) & field ## _Msk)
1530:C:\Users\bahri\GitHub\VirtualKeypad\Eclipse_USBProject_WS\Project_USB_CrossCompile\system\include\cmsis\core_cm4.h **** 
1531:C:\Users\bahri\GitHub\VirtualKeypad\Eclipse_USBProject_WS\Project_USB_CrossCompile\system\include\cmsis\core_cm4.h **** /**
1532:C:\Users\bahri\GitHub\VirtualKeypad\Eclipse_USBProject_WS\Project_USB_CrossCompile\system\include\cmsis\core_cm4.h ****   \brief     Mask and shift a register value to extract a bit filed value.
1533:C:\Users\bahri\GitHub\VirtualKeypad\Eclipse_USBProject_WS\Project_USB_CrossCompile\system\include\cmsis\core_cm4.h ****   \param[in] field  Name of the register bit field.
1534:C:\Users\bahri\GitHub\VirtualKeypad\Eclipse_USBProject_WS\Project_USB_CrossCompile\system\include\cmsis\core_cm4.h ****   \param[in] value  Value of register. This parameter is interpreted as an uint32_t type.
1535:C:\Users\bahri\GitHub\VirtualKeypad\Eclipse_USBProject_WS\Project_USB_CrossCompile\system\include\cmsis\core_cm4.h ****   \return           Masked and shifted bit field value.
1536:C:\Users\bahri\GitHub\VirtualKeypad\Eclipse_USBProject_WS\Project_USB_CrossCompile\system\include\cmsis\core_cm4.h **** */
1537:C:\Users\bahri\GitHub\VirtualKeypad\Eclipse_USBProject_WS\Project_USB_CrossCompile\system\include\cmsis\core_cm4.h **** #define _FLD2VAL(field, value)    (((uint32_t)(value) & field ## _Msk) >> field ## _Pos)
1538:C:\Users\bahri\GitHub\VirtualKeypad\Eclipse_USBProject_WS\Project_USB_CrossCompile\system\include\cmsis\core_cm4.h **** 
1539:C:\Users\bahri\GitHub\VirtualKeypad\Eclipse_USBProject_WS\Project_USB_CrossCompile\system\include\cmsis\core_cm4.h **** /*@} end of group CMSIS_core_bitfield */
1540:C:\Users\bahri\GitHub\VirtualKeypad\Eclipse_USBProject_WS\Project_USB_CrossCompile\system\include\cmsis\core_cm4.h **** 
1541:C:\Users\bahri\GitHub\VirtualKeypad\Eclipse_USBProject_WS\Project_USB_CrossCompile\system\include\cmsis\core_cm4.h **** 
1542:C:\Users\bahri\GitHub\VirtualKeypad\Eclipse_USBProject_WS\Project_USB_CrossCompile\system\include\cmsis\core_cm4.h **** /**
1543:C:\Users\bahri\GitHub\VirtualKeypad\Eclipse_USBProject_WS\Project_USB_CrossCompile\system\include\cmsis\core_cm4.h ****   \ingroup    CMSIS_core_register
1544:C:\Users\bahri\GitHub\VirtualKeypad\Eclipse_USBProject_WS\Project_USB_CrossCompile\system\include\cmsis\core_cm4.h ****   \defgroup   CMSIS_core_base     Core Definitions
1545:C:\Users\bahri\GitHub\VirtualKeypad\Eclipse_USBProject_WS\Project_USB_CrossCompile\system\include\cmsis\core_cm4.h ****   \brief      Definitions for base addresses, unions, and structures.
1546:C:\Users\bahri\GitHub\VirtualKeypad\Eclipse_USBProject_WS\Project_USB_CrossCompile\system\include\cmsis\core_cm4.h ****   @{
1547:C:\Users\bahri\GitHub\VirtualKeypad\Eclipse_USBProject_WS\Project_USB_CrossCompile\system\include\cmsis\core_cm4.h ****  */
1548:C:\Users\bahri\GitHub\VirtualKeypad\Eclipse_USBProject_WS\Project_USB_CrossCompile\system\include\cmsis\core_cm4.h **** 
1549:C:\Users\bahri\GitHub\VirtualKeypad\Eclipse_USBProject_WS\Project_USB_CrossCompile\system\include\cmsis\core_cm4.h **** /* Memory mapping of Core Hardware */
1550:C:\Users\bahri\GitHub\VirtualKeypad\Eclipse_USBProject_WS\Project_USB_CrossCompile\system\include\cmsis\core_cm4.h **** #define SCS_BASE            (0xE000E000UL)                            /*!< System Control Space Bas
1551:C:\Users\bahri\GitHub\VirtualKeypad\Eclipse_USBProject_WS\Project_USB_CrossCompile\system\include\cmsis\core_cm4.h **** #define ITM_BASE            (0xE0000000UL)                            /*!< ITM Base Address */
1552:C:\Users\bahri\GitHub\VirtualKeypad\Eclipse_USBProject_WS\Project_USB_CrossCompile\system\include\cmsis\core_cm4.h **** #define DWT_BASE            (0xE0001000UL)                            /*!< DWT Base Address */
1553:C:\Users\bahri\GitHub\VirtualKeypad\Eclipse_USBProject_WS\Project_USB_CrossCompile\system\include\cmsis\core_cm4.h **** #define TPI_BASE            (0xE0040000UL)                            /*!< TPI Base Address */
1554:C:\Users\bahri\GitHub\VirtualKeypad\Eclipse_USBProject_WS\Project_USB_CrossCompile\system\include\cmsis\core_cm4.h **** #define CoreDebug_BASE      (0xE000EDF0UL)                            /*!< Core Debug Base Address 
1555:C:\Users\bahri\GitHub\VirtualKeypad\Eclipse_USBProject_WS\Project_USB_CrossCompile\system\include\cmsis\core_cm4.h **** #define SysTick_BASE        (SCS_BASE +  0x0010UL)                    /*!< SysTick Base Address */
1556:C:\Users\bahri\GitHub\VirtualKeypad\Eclipse_USBProject_WS\Project_USB_CrossCompile\system\include\cmsis\core_cm4.h **** #define NVIC_BASE           (SCS_BASE +  0x0100UL)                    /*!< NVIC Base Address */
1557:C:\Users\bahri\GitHub\VirtualKeypad\Eclipse_USBProject_WS\Project_USB_CrossCompile\system\include\cmsis\core_cm4.h **** #define SCB_BASE            (SCS_BASE +  0x0D00UL)                    /*!< System Control Block Bas
1558:C:\Users\bahri\GitHub\VirtualKeypad\Eclipse_USBProject_WS\Project_USB_CrossCompile\system\include\cmsis\core_cm4.h **** 
1559:C:\Users\bahri\GitHub\VirtualKeypad\Eclipse_USBProject_WS\Project_USB_CrossCompile\system\include\cmsis\core_cm4.h **** #define SCnSCB              ((SCnSCB_Type    *)     SCS_BASE      )   /*!< System control Register 
1560:C:\Users\bahri\GitHub\VirtualKeypad\Eclipse_USBProject_WS\Project_USB_CrossCompile\system\include\cmsis\core_cm4.h **** #define SCB                 ((SCB_Type       *)     SCB_BASE      )   /*!< SCB configuration struct
1561:C:\Users\bahri\GitHub\VirtualKeypad\Eclipse_USBProject_WS\Project_USB_CrossCompile\system\include\cmsis\core_cm4.h **** #define SysTick             ((SysTick_Type   *)     SysTick_BASE  )   /*!< SysTick configuration st
1562:C:\Users\bahri\GitHub\VirtualKeypad\Eclipse_USBProject_WS\Project_USB_CrossCompile\system\include\cmsis\core_cm4.h **** #define NVIC                ((NVIC_Type      *)     NVIC_BASE     )   /*!< NVIC configuration struc
1563:C:\Users\bahri\GitHub\VirtualKeypad\Eclipse_USBProject_WS\Project_USB_CrossCompile\system\include\cmsis\core_cm4.h **** #define ITM                 ((ITM_Type       *)     ITM_BASE      )   /*!< ITM configuration struct
1564:C:\Users\bahri\GitHub\VirtualKeypad\Eclipse_USBProject_WS\Project_USB_CrossCompile\system\include\cmsis\core_cm4.h **** #define DWT                 ((DWT_Type       *)     DWT_BASE      )   /*!< DWT configuration struct
1565:C:\Users\bahri\GitHub\VirtualKeypad\Eclipse_USBProject_WS\Project_USB_CrossCompile\system\include\cmsis\core_cm4.h **** #define TPI                 ((TPI_Type       *)     TPI_BASE      )   /*!< TPI configuration struct
1566:C:\Users\bahri\GitHub\VirtualKeypad\Eclipse_USBProject_WS\Project_USB_CrossCompile\system\include\cmsis\core_cm4.h **** #define CoreDebug           ((CoreDebug_Type *)     CoreDebug_BASE)   /*!< Core Debug configuration
1567:C:\Users\bahri\GitHub\VirtualKeypad\Eclipse_USBProject_WS\Project_USB_CrossCompile\system\include\cmsis\core_cm4.h **** 
1568:C:\Users\bahri\GitHub\VirtualKeypad\Eclipse_USBProject_WS\Project_USB_CrossCompile\system\include\cmsis\core_cm4.h **** #if defined (__MPU_PRESENT) && (__MPU_PRESENT == 1U)
1569:C:\Users\bahri\GitHub\VirtualKeypad\Eclipse_USBProject_WS\Project_USB_CrossCompile\system\include\cmsis\core_cm4.h ****   #define MPU_BASE          (SCS_BASE +  0x0D90UL)                    /*!< Memory Protection Unit *
1570:C:\Users\bahri\GitHub\VirtualKeypad\Eclipse_USBProject_WS\Project_USB_CrossCompile\system\include\cmsis\core_cm4.h ****   #define MPU               ((MPU_Type       *)     MPU_BASE      )   /*!< Memory Protection Unit *
1571:C:\Users\bahri\GitHub\VirtualKeypad\Eclipse_USBProject_WS\Project_USB_CrossCompile\system\include\cmsis\core_cm4.h **** #endif
1572:C:\Users\bahri\GitHub\VirtualKeypad\Eclipse_USBProject_WS\Project_USB_CrossCompile\system\include\cmsis\core_cm4.h **** 
1573:C:\Users\bahri\GitHub\VirtualKeypad\Eclipse_USBProject_WS\Project_USB_CrossCompile\system\include\cmsis\core_cm4.h **** #define FPU_BASE            (SCS_BASE +  0x0F30UL)                    /*!< Floating Point Unit */
1574:C:\Users\bahri\GitHub\VirtualKeypad\Eclipse_USBProject_WS\Project_USB_CrossCompile\system\include\cmsis\core_cm4.h **** #define FPU                 ((FPU_Type       *)     FPU_BASE      )   /*!< Floating Point Unit */
1575:C:\Users\bahri\GitHub\VirtualKeypad\Eclipse_USBProject_WS\Project_USB_CrossCompile\system\include\cmsis\core_cm4.h **** 
1576:C:\Users\bahri\GitHub\VirtualKeypad\Eclipse_USBProject_WS\Project_USB_CrossCompile\system\include\cmsis\core_cm4.h **** /*@} */
1577:C:\Users\bahri\GitHub\VirtualKeypad\Eclipse_USBProject_WS\Project_USB_CrossCompile\system\include\cmsis\core_cm4.h **** 
1578:C:\Users\bahri\GitHub\VirtualKeypad\Eclipse_USBProject_WS\Project_USB_CrossCompile\system\include\cmsis\core_cm4.h **** 
1579:C:\Users\bahri\GitHub\VirtualKeypad\Eclipse_USBProject_WS\Project_USB_CrossCompile\system\include\cmsis\core_cm4.h **** 
1580:C:\Users\bahri\GitHub\VirtualKeypad\Eclipse_USBProject_WS\Project_USB_CrossCompile\system\include\cmsis\core_cm4.h **** /*******************************************************************************
1581:C:\Users\bahri\GitHub\VirtualKeypad\Eclipse_USBProject_WS\Project_USB_CrossCompile\system\include\cmsis\core_cm4.h ****  *                Hardware Abstraction Layer
1582:C:\Users\bahri\GitHub\VirtualKeypad\Eclipse_USBProject_WS\Project_USB_CrossCompile\system\include\cmsis\core_cm4.h ****   Core Function Interface contains:
1583:C:\Users\bahri\GitHub\VirtualKeypad\Eclipse_USBProject_WS\Project_USB_CrossCompile\system\include\cmsis\core_cm4.h ****   - Core NVIC Functions
1584:C:\Users\bahri\GitHub\VirtualKeypad\Eclipse_USBProject_WS\Project_USB_CrossCompile\system\include\cmsis\core_cm4.h ****   - Core SysTick Functions
1585:C:\Users\bahri\GitHub\VirtualKeypad\Eclipse_USBProject_WS\Project_USB_CrossCompile\system\include\cmsis\core_cm4.h ****   - Core Debug Functions
1586:C:\Users\bahri\GitHub\VirtualKeypad\Eclipse_USBProject_WS\Project_USB_CrossCompile\system\include\cmsis\core_cm4.h ****   - Core Register Access Functions
1587:C:\Users\bahri\GitHub\VirtualKeypad\Eclipse_USBProject_WS\Project_USB_CrossCompile\system\include\cmsis\core_cm4.h ****  ******************************************************************************/
1588:C:\Users\bahri\GitHub\VirtualKeypad\Eclipse_USBProject_WS\Project_USB_CrossCompile\system\include\cmsis\core_cm4.h **** /**
1589:C:\Users\bahri\GitHub\VirtualKeypad\Eclipse_USBProject_WS\Project_USB_CrossCompile\system\include\cmsis\core_cm4.h ****   \defgroup CMSIS_Core_FunctionInterface Functions and Instructions Reference
1590:C:\Users\bahri\GitHub\VirtualKeypad\Eclipse_USBProject_WS\Project_USB_CrossCompile\system\include\cmsis\core_cm4.h **** */
1591:C:\Users\bahri\GitHub\VirtualKeypad\Eclipse_USBProject_WS\Project_USB_CrossCompile\system\include\cmsis\core_cm4.h **** 
1592:C:\Users\bahri\GitHub\VirtualKeypad\Eclipse_USBProject_WS\Project_USB_CrossCompile\system\include\cmsis\core_cm4.h **** 
1593:C:\Users\bahri\GitHub\VirtualKeypad\Eclipse_USBProject_WS\Project_USB_CrossCompile\system\include\cmsis\core_cm4.h **** 
1594:C:\Users\bahri\GitHub\VirtualKeypad\Eclipse_USBProject_WS\Project_USB_CrossCompile\system\include\cmsis\core_cm4.h **** /* ##########################   NVIC functions  #################################### */
1595:C:\Users\bahri\GitHub\VirtualKeypad\Eclipse_USBProject_WS\Project_USB_CrossCompile\system\include\cmsis\core_cm4.h **** /**
1596:C:\Users\bahri\GitHub\VirtualKeypad\Eclipse_USBProject_WS\Project_USB_CrossCompile\system\include\cmsis\core_cm4.h ****   \ingroup  CMSIS_Core_FunctionInterface
1597:C:\Users\bahri\GitHub\VirtualKeypad\Eclipse_USBProject_WS\Project_USB_CrossCompile\system\include\cmsis\core_cm4.h ****   \defgroup CMSIS_Core_NVICFunctions NVIC Functions
1598:C:\Users\bahri\GitHub\VirtualKeypad\Eclipse_USBProject_WS\Project_USB_CrossCompile\system\include\cmsis\core_cm4.h ****   \brief    Functions that manage interrupts and exceptions via the NVIC.
1599:C:\Users\bahri\GitHub\VirtualKeypad\Eclipse_USBProject_WS\Project_USB_CrossCompile\system\include\cmsis\core_cm4.h ****   @{
1600:C:\Users\bahri\GitHub\VirtualKeypad\Eclipse_USBProject_WS\Project_USB_CrossCompile\system\include\cmsis\core_cm4.h ****  */
1601:C:\Users\bahri\GitHub\VirtualKeypad\Eclipse_USBProject_WS\Project_USB_CrossCompile\system\include\cmsis\core_cm4.h **** 
1602:C:\Users\bahri\GitHub\VirtualKeypad\Eclipse_USBProject_WS\Project_USB_CrossCompile\system\include\cmsis\core_cm4.h **** #ifdef CMSIS_NVIC_VIRTUAL
1603:C:\Users\bahri\GitHub\VirtualKeypad\Eclipse_USBProject_WS\Project_USB_CrossCompile\system\include\cmsis\core_cm4.h ****   #ifndef CMSIS_NVIC_VIRTUAL_HEADER_FILE
1604:C:\Users\bahri\GitHub\VirtualKeypad\Eclipse_USBProject_WS\Project_USB_CrossCompile\system\include\cmsis\core_cm4.h ****     #define CMSIS_NVIC_VIRTUAL_HEADER_FILE "cmsis_nvic_virtual.h"
1605:C:\Users\bahri\GitHub\VirtualKeypad\Eclipse_USBProject_WS\Project_USB_CrossCompile\system\include\cmsis\core_cm4.h ****   #endif
1606:C:\Users\bahri\GitHub\VirtualKeypad\Eclipse_USBProject_WS\Project_USB_CrossCompile\system\include\cmsis\core_cm4.h ****   #include CMSIS_NVIC_VIRTUAL_HEADER_FILE
1607:C:\Users\bahri\GitHub\VirtualKeypad\Eclipse_USBProject_WS\Project_USB_CrossCompile\system\include\cmsis\core_cm4.h **** #else
1608:C:\Users\bahri\GitHub\VirtualKeypad\Eclipse_USBProject_WS\Project_USB_CrossCompile\system\include\cmsis\core_cm4.h ****   #define NVIC_SetPriorityGrouping    __NVIC_SetPriorityGrouping
1609:C:\Users\bahri\GitHub\VirtualKeypad\Eclipse_USBProject_WS\Project_USB_CrossCompile\system\include\cmsis\core_cm4.h ****   #define NVIC_GetPriorityGrouping    __NVIC_GetPriorityGrouping
1610:C:\Users\bahri\GitHub\VirtualKeypad\Eclipse_USBProject_WS\Project_USB_CrossCompile\system\include\cmsis\core_cm4.h ****   #define NVIC_EnableIRQ              __NVIC_EnableIRQ
1611:C:\Users\bahri\GitHub\VirtualKeypad\Eclipse_USBProject_WS\Project_USB_CrossCompile\system\include\cmsis\core_cm4.h ****   #define NVIC_GetEnableIRQ           __NVIC_GetEnableIRQ
1612:C:\Users\bahri\GitHub\VirtualKeypad\Eclipse_USBProject_WS\Project_USB_CrossCompile\system\include\cmsis\core_cm4.h ****   #define NVIC_DisableIRQ             __NVIC_DisableIRQ
1613:C:\Users\bahri\GitHub\VirtualKeypad\Eclipse_USBProject_WS\Project_USB_CrossCompile\system\include\cmsis\core_cm4.h ****   #define NVIC_GetPendingIRQ          __NVIC_GetPendingIRQ
1614:C:\Users\bahri\GitHub\VirtualKeypad\Eclipse_USBProject_WS\Project_USB_CrossCompile\system\include\cmsis\core_cm4.h ****   #define NVIC_SetPendingIRQ          __NVIC_SetPendingIRQ
1615:C:\Users\bahri\GitHub\VirtualKeypad\Eclipse_USBProject_WS\Project_USB_CrossCompile\system\include\cmsis\core_cm4.h ****   #define NVIC_ClearPendingIRQ        __NVIC_ClearPendingIRQ
1616:C:\Users\bahri\GitHub\VirtualKeypad\Eclipse_USBProject_WS\Project_USB_CrossCompile\system\include\cmsis\core_cm4.h ****   #define NVIC_GetActive              __NVIC_GetActive
1617:C:\Users\bahri\GitHub\VirtualKeypad\Eclipse_USBProject_WS\Project_USB_CrossCompile\system\include\cmsis\core_cm4.h ****   #define NVIC_SetPriority            __NVIC_SetPriority
1618:C:\Users\bahri\GitHub\VirtualKeypad\Eclipse_USBProject_WS\Project_USB_CrossCompile\system\include\cmsis\core_cm4.h ****   #define NVIC_GetPriority            __NVIC_GetPriority
1619:C:\Users\bahri\GitHub\VirtualKeypad\Eclipse_USBProject_WS\Project_USB_CrossCompile\system\include\cmsis\core_cm4.h ****   #define NVIC_SystemReset            __NVIC_SystemReset
1620:C:\Users\bahri\GitHub\VirtualKeypad\Eclipse_USBProject_WS\Project_USB_CrossCompile\system\include\cmsis\core_cm4.h **** #endif /* CMSIS_NVIC_VIRTUAL */
1621:C:\Users\bahri\GitHub\VirtualKeypad\Eclipse_USBProject_WS\Project_USB_CrossCompile\system\include\cmsis\core_cm4.h **** 
1622:C:\Users\bahri\GitHub\VirtualKeypad\Eclipse_USBProject_WS\Project_USB_CrossCompile\system\include\cmsis\core_cm4.h **** #ifdef CMSIS_VECTAB_VIRTUAL
1623:C:\Users\bahri\GitHub\VirtualKeypad\Eclipse_USBProject_WS\Project_USB_CrossCompile\system\include\cmsis\core_cm4.h ****   #ifndef CMSIS_VECTAB_VIRTUAL_HEADER_FILE
1624:C:\Users\bahri\GitHub\VirtualKeypad\Eclipse_USBProject_WS\Project_USB_CrossCompile\system\include\cmsis\core_cm4.h ****     #define CMSIS_VECTAB_VIRTUAL_HEADER_FILE "cmsis_vectab_virtual.h"
1625:C:\Users\bahri\GitHub\VirtualKeypad\Eclipse_USBProject_WS\Project_USB_CrossCompile\system\include\cmsis\core_cm4.h ****   #endif
1626:C:\Users\bahri\GitHub\VirtualKeypad\Eclipse_USBProject_WS\Project_USB_CrossCompile\system\include\cmsis\core_cm4.h ****   #include CMSIS_VECTAB_VIRTUAL_HEADER_FILE
1627:C:\Users\bahri\GitHub\VirtualKeypad\Eclipse_USBProject_WS\Project_USB_CrossCompile\system\include\cmsis\core_cm4.h **** #else
1628:C:\Users\bahri\GitHub\VirtualKeypad\Eclipse_USBProject_WS\Project_USB_CrossCompile\system\include\cmsis\core_cm4.h ****   #define NVIC_SetVector              __NVIC_SetVector
1629:C:\Users\bahri\GitHub\VirtualKeypad\Eclipse_USBProject_WS\Project_USB_CrossCompile\system\include\cmsis\core_cm4.h ****   #define NVIC_GetVector              __NVIC_GetVector
1630:C:\Users\bahri\GitHub\VirtualKeypad\Eclipse_USBProject_WS\Project_USB_CrossCompile\system\include\cmsis\core_cm4.h **** #endif  /* (CMSIS_VECTAB_VIRTUAL) */
1631:C:\Users\bahri\GitHub\VirtualKeypad\Eclipse_USBProject_WS\Project_USB_CrossCompile\system\include\cmsis\core_cm4.h **** 
1632:C:\Users\bahri\GitHub\VirtualKeypad\Eclipse_USBProject_WS\Project_USB_CrossCompile\system\include\cmsis\core_cm4.h **** #define NVIC_USER_IRQ_OFFSET          16
1633:C:\Users\bahri\GitHub\VirtualKeypad\Eclipse_USBProject_WS\Project_USB_CrossCompile\system\include\cmsis\core_cm4.h **** 
1634:C:\Users\bahri\GitHub\VirtualKeypad\Eclipse_USBProject_WS\Project_USB_CrossCompile\system\include\cmsis\core_cm4.h **** 
1635:C:\Users\bahri\GitHub\VirtualKeypad\Eclipse_USBProject_WS\Project_USB_CrossCompile\system\include\cmsis\core_cm4.h **** /* The following EXC_RETURN values are saved the LR on exception entry */
1636:C:\Users\bahri\GitHub\VirtualKeypad\Eclipse_USBProject_WS\Project_USB_CrossCompile\system\include\cmsis\core_cm4.h **** #define EXC_RETURN_HANDLER         (0xFFFFFFF1UL)     /* return to Handler mode, uses MSP after ret
1637:C:\Users\bahri\GitHub\VirtualKeypad\Eclipse_USBProject_WS\Project_USB_CrossCompile\system\include\cmsis\core_cm4.h **** #define EXC_RETURN_THREAD_MSP      (0xFFFFFFF9UL)     /* return to Thread mode, uses MSP after retu
1638:C:\Users\bahri\GitHub\VirtualKeypad\Eclipse_USBProject_WS\Project_USB_CrossCompile\system\include\cmsis\core_cm4.h **** #define EXC_RETURN_THREAD_PSP      (0xFFFFFFFDUL)     /* return to Thread mode, uses PSP after retu
1639:C:\Users\bahri\GitHub\VirtualKeypad\Eclipse_USBProject_WS\Project_USB_CrossCompile\system\include\cmsis\core_cm4.h **** #define EXC_RETURN_HANDLER_FPU     (0xFFFFFFE1UL)     /* return to Handler mode, uses MSP after ret
1640:C:\Users\bahri\GitHub\VirtualKeypad\Eclipse_USBProject_WS\Project_USB_CrossCompile\system\include\cmsis\core_cm4.h **** #define EXC_RETURN_THREAD_MSP_FPU  (0xFFFFFFE9UL)     /* return to Thread mode, uses MSP after retu
1641:C:\Users\bahri\GitHub\VirtualKeypad\Eclipse_USBProject_WS\Project_USB_CrossCompile\system\include\cmsis\core_cm4.h **** #define EXC_RETURN_THREAD_PSP_FPU  (0xFFFFFFEDUL)     /* return to Thread mode, uses PSP after retu
1642:C:\Users\bahri\GitHub\VirtualKeypad\Eclipse_USBProject_WS\Project_USB_CrossCompile\system\include\cmsis\core_cm4.h **** 
1643:C:\Users\bahri\GitHub\VirtualKeypad\Eclipse_USBProject_WS\Project_USB_CrossCompile\system\include\cmsis\core_cm4.h **** 
1644:C:\Users\bahri\GitHub\VirtualKeypad\Eclipse_USBProject_WS\Project_USB_CrossCompile\system\include\cmsis\core_cm4.h **** /**
1645:C:\Users\bahri\GitHub\VirtualKeypad\Eclipse_USBProject_WS\Project_USB_CrossCompile\system\include\cmsis\core_cm4.h ****   \brief   Set Priority Grouping
1646:C:\Users\bahri\GitHub\VirtualKeypad\Eclipse_USBProject_WS\Project_USB_CrossCompile\system\include\cmsis\core_cm4.h ****   \details Sets the priority grouping field using the required unlock sequence.
1647:C:\Users\bahri\GitHub\VirtualKeypad\Eclipse_USBProject_WS\Project_USB_CrossCompile\system\include\cmsis\core_cm4.h ****            The parameter PriorityGroup is assigned to the field SCB->AIRCR [10:8] PRIGROUP field.
1648:C:\Users\bahri\GitHub\VirtualKeypad\Eclipse_USBProject_WS\Project_USB_CrossCompile\system\include\cmsis\core_cm4.h ****            Only values from 0..7 are used.
1649:C:\Users\bahri\GitHub\VirtualKeypad\Eclipse_USBProject_WS\Project_USB_CrossCompile\system\include\cmsis\core_cm4.h ****            In case of a conflict between priority grouping and available
1650:C:\Users\bahri\GitHub\VirtualKeypad\Eclipse_USBProject_WS\Project_USB_CrossCompile\system\include\cmsis\core_cm4.h ****            priority bits (__NVIC_PRIO_BITS), the smallest possible priority group is set.
1651:C:\Users\bahri\GitHub\VirtualKeypad\Eclipse_USBProject_WS\Project_USB_CrossCompile\system\include\cmsis\core_cm4.h ****   \param [in]      PriorityGroup  Priority grouping field.
1652:C:\Users\bahri\GitHub\VirtualKeypad\Eclipse_USBProject_WS\Project_USB_CrossCompile\system\include\cmsis\core_cm4.h ****  */
1653:C:\Users\bahri\GitHub\VirtualKeypad\Eclipse_USBProject_WS\Project_USB_CrossCompile\system\include\cmsis\core_cm4.h **** __STATIC_INLINE void __NVIC_SetPriorityGrouping(uint32_t PriorityGroup)
1654:C:\Users\bahri\GitHub\VirtualKeypad\Eclipse_USBProject_WS\Project_USB_CrossCompile\system\include\cmsis\core_cm4.h **** {
1655:C:\Users\bahri\GitHub\VirtualKeypad\Eclipse_USBProject_WS\Project_USB_CrossCompile\system\include\cmsis\core_cm4.h ****   uint32_t reg_value;
1656:C:\Users\bahri\GitHub\VirtualKeypad\Eclipse_USBProject_WS\Project_USB_CrossCompile\system\include\cmsis\core_cm4.h ****   uint32_t PriorityGroupTmp = (PriorityGroup & (uint32_t)0x07UL);             /* only values 0..7 a
1657:C:\Users\bahri\GitHub\VirtualKeypad\Eclipse_USBProject_WS\Project_USB_CrossCompile\system\include\cmsis\core_cm4.h **** 
1658:C:\Users\bahri\GitHub\VirtualKeypad\Eclipse_USBProject_WS\Project_USB_CrossCompile\system\include\cmsis\core_cm4.h ****   reg_value  =  SCB->AIRCR;                                                   /* read old register 
1659:C:\Users\bahri\GitHub\VirtualKeypad\Eclipse_USBProject_WS\Project_USB_CrossCompile\system\include\cmsis\core_cm4.h ****   reg_value &= ~((uint32_t)(SCB_AIRCR_VECTKEY_Msk | SCB_AIRCR_PRIGROUP_Msk)); /* clear bits to chan
1660:C:\Users\bahri\GitHub\VirtualKeypad\Eclipse_USBProject_WS\Project_USB_CrossCompile\system\include\cmsis\core_cm4.h ****   reg_value  =  (reg_value                                   |
1661:C:\Users\bahri\GitHub\VirtualKeypad\Eclipse_USBProject_WS\Project_USB_CrossCompile\system\include\cmsis\core_cm4.h ****                 ((uint32_t)0x5FAUL << SCB_AIRCR_VECTKEY_Pos) |
1662:C:\Users\bahri\GitHub\VirtualKeypad\Eclipse_USBProject_WS\Project_USB_CrossCompile\system\include\cmsis\core_cm4.h ****                 (PriorityGroupTmp << SCB_AIRCR_PRIGROUP_Pos)  );              /* Insert write key a
1663:C:\Users\bahri\GitHub\VirtualKeypad\Eclipse_USBProject_WS\Project_USB_CrossCompile\system\include\cmsis\core_cm4.h ****   SCB->AIRCR =  reg_value;
1664:C:\Users\bahri\GitHub\VirtualKeypad\Eclipse_USBProject_WS\Project_USB_CrossCompile\system\include\cmsis\core_cm4.h **** }
1665:C:\Users\bahri\GitHub\VirtualKeypad\Eclipse_USBProject_WS\Project_USB_CrossCompile\system\include\cmsis\core_cm4.h **** 
1666:C:\Users\bahri\GitHub\VirtualKeypad\Eclipse_USBProject_WS\Project_USB_CrossCompile\system\include\cmsis\core_cm4.h **** 
1667:C:\Users\bahri\GitHub\VirtualKeypad\Eclipse_USBProject_WS\Project_USB_CrossCompile\system\include\cmsis\core_cm4.h **** /**
1668:C:\Users\bahri\GitHub\VirtualKeypad\Eclipse_USBProject_WS\Project_USB_CrossCompile\system\include\cmsis\core_cm4.h ****   \brief   Get Priority Grouping
1669:C:\Users\bahri\GitHub\VirtualKeypad\Eclipse_USBProject_WS\Project_USB_CrossCompile\system\include\cmsis\core_cm4.h ****   \details Reads the priority grouping field from the NVIC Interrupt Controller.
1670:C:\Users\bahri\GitHub\VirtualKeypad\Eclipse_USBProject_WS\Project_USB_CrossCompile\system\include\cmsis\core_cm4.h ****   \return                Priority grouping field (SCB->AIRCR [10:8] PRIGROUP field).
1671:C:\Users\bahri\GitHub\VirtualKeypad\Eclipse_USBProject_WS\Project_USB_CrossCompile\system\include\cmsis\core_cm4.h ****  */
1672:C:\Users\bahri\GitHub\VirtualKeypad\Eclipse_USBProject_WS\Project_USB_CrossCompile\system\include\cmsis\core_cm4.h **** __STATIC_INLINE uint32_t __NVIC_GetPriorityGrouping(void)
1673:C:\Users\bahri\GitHub\VirtualKeypad\Eclipse_USBProject_WS\Project_USB_CrossCompile\system\include\cmsis\core_cm4.h **** {
1674:C:\Users\bahri\GitHub\VirtualKeypad\Eclipse_USBProject_WS\Project_USB_CrossCompile\system\include\cmsis\core_cm4.h ****   return ((uint32_t)((SCB->AIRCR & SCB_AIRCR_PRIGROUP_Msk) >> SCB_AIRCR_PRIGROUP_Pos));
1675:C:\Users\bahri\GitHub\VirtualKeypad\Eclipse_USBProject_WS\Project_USB_CrossCompile\system\include\cmsis\core_cm4.h **** }
1676:C:\Users\bahri\GitHub\VirtualKeypad\Eclipse_USBProject_WS\Project_USB_CrossCompile\system\include\cmsis\core_cm4.h **** 
1677:C:\Users\bahri\GitHub\VirtualKeypad\Eclipse_USBProject_WS\Project_USB_CrossCompile\system\include\cmsis\core_cm4.h **** 
1678:C:\Users\bahri\GitHub\VirtualKeypad\Eclipse_USBProject_WS\Project_USB_CrossCompile\system\include\cmsis\core_cm4.h **** /**
1679:C:\Users\bahri\GitHub\VirtualKeypad\Eclipse_USBProject_WS\Project_USB_CrossCompile\system\include\cmsis\core_cm4.h ****   \brief   Enable Interrupt
1680:C:\Users\bahri\GitHub\VirtualKeypad\Eclipse_USBProject_WS\Project_USB_CrossCompile\system\include\cmsis\core_cm4.h ****   \details Enables a device specific interrupt in the NVIC interrupt controller.
1681:C:\Users\bahri\GitHub\VirtualKeypad\Eclipse_USBProject_WS\Project_USB_CrossCompile\system\include\cmsis\core_cm4.h ****   \param [in]      IRQn  Device specific interrupt number.
1682:C:\Users\bahri\GitHub\VirtualKeypad\Eclipse_USBProject_WS\Project_USB_CrossCompile\system\include\cmsis\core_cm4.h ****   \note    IRQn must not be negative.
1683:C:\Users\bahri\GitHub\VirtualKeypad\Eclipse_USBProject_WS\Project_USB_CrossCompile\system\include\cmsis\core_cm4.h ****  */
1684:C:\Users\bahri\GitHub\VirtualKeypad\Eclipse_USBProject_WS\Project_USB_CrossCompile\system\include\cmsis\core_cm4.h **** __STATIC_INLINE void __NVIC_EnableIRQ(IRQn_Type IRQn)
1685:C:\Users\bahri\GitHub\VirtualKeypad\Eclipse_USBProject_WS\Project_USB_CrossCompile\system\include\cmsis\core_cm4.h **** {
  25              		.loc 1 1685 1
  26              		.cfi_startproc
  27              		@ args = 0, pretend = 0, frame = 8
  28              		@ frame_needed = 1, uses_anonymous_args = 0
  29              		@ link register save eliminated.
  30 0000 80B4     		push	{r7}
  31              		.cfi_def_cfa_offset 4
  32              		.cfi_offset 7, -4
  33 0002 83B0     		sub	sp, sp, #12
  34              		.cfi_def_cfa_offset 16
  35 0004 00AF     		add	r7, sp, #0
  36              		.cfi_def_cfa_register 7
  37 0006 0346     		mov	r3, r0
  38 0008 FB71     		strb	r3, [r7, #7]
1686:C:\Users\bahri\GitHub\VirtualKeypad\Eclipse_USBProject_WS\Project_USB_CrossCompile\system\include\cmsis\core_cm4.h ****   if ((int32_t)(IRQn) >= 0)
  39              		.loc 1 1686 6
  40 000a 97F90730 		ldrsb	r3, [r7, #7]
  41 000e 002B     		cmp	r3, #0
  42 0010 0BDB     		blt	.L3
1687:C:\Users\bahri\GitHub\VirtualKeypad\Eclipse_USBProject_WS\Project_USB_CrossCompile\system\include\cmsis\core_cm4.h ****   {
1688:C:\Users\bahri\GitHub\VirtualKeypad\Eclipse_USBProject_WS\Project_USB_CrossCompile\system\include\cmsis\core_cm4.h ****     __COMPILER_BARRIER();
  43              		.loc 1 1688 5
1689:C:\Users\bahri\GitHub\VirtualKeypad\Eclipse_USBProject_WS\Project_USB_CrossCompile\system\include\cmsis\core_cm4.h ****     NVIC->ISER[(((uint32_t)IRQn) >> 5UL)] = (uint32_t)(1UL << (((uint32_t)IRQn) & 0x1FUL));
  44              		.loc 1 1689 81
  45 0012 FB79     		ldrb	r3, [r7, #7]	@ zero_extendqisi2
  46 0014 03F01F02 		and	r2, r3, #31
  47              		.loc 1 1689 9
  48 0018 0649     		ldr	r1, .L4
  49              		.loc 1 1689 18
  50 001a 97F90730 		ldrsb	r3, [r7, #7]
  51              		.loc 1 1689 34
  52 001e 5B09     		lsrs	r3, r3, #5
  53              		.loc 1 1689 45
  54 0020 0120     		movs	r0, #1
  55 0022 00FA02F2 		lsl	r2, r0, r2
  56              		.loc 1 1689 43
  57 0026 41F82320 		str	r2, [r1, r3, lsl #2]
1690:C:\Users\bahri\GitHub\VirtualKeypad\Eclipse_USBProject_WS\Project_USB_CrossCompile\system\include\cmsis\core_cm4.h ****     __COMPILER_BARRIER();
  58              		.loc 1 1690 5
  59              	.L3:
1691:C:\Users\bahri\GitHub\VirtualKeypad\Eclipse_USBProject_WS\Project_USB_CrossCompile\system\include\cmsis\core_cm4.h ****   }
1692:C:\Users\bahri\GitHub\VirtualKeypad\Eclipse_USBProject_WS\Project_USB_CrossCompile\system\include\cmsis\core_cm4.h **** }
  60              		.loc 1 1692 1
  61 002a 00BF     		nop
  62 002c 0C37     		adds	r7, r7, #12
  63              		.cfi_def_cfa_offset 4
  64 002e BD46     		mov	sp, r7
  65              		.cfi_def_cfa_register 13
  66              		@ sp needed
  67 0030 80BC     		pop	{r7}
  68              		.cfi_restore 7
  69              		.cfi_def_cfa_offset 0
  70 0032 7047     		bx	lr
  71              	.L5:
  72              		.align	2
  73              	.L4:
  74 0034 00E100E0 		.word	-536813312
  75              		.cfi_endproc
  76              	.LFE108:
  78              		.align	1
  79              		.syntax unified
  80              		.thumb
  81              		.thumb_func
  83              	__NVIC_SetPriority:
  84              	.LFB115:
1693:C:\Users\bahri\GitHub\VirtualKeypad\Eclipse_USBProject_WS\Project_USB_CrossCompile\system\include\cmsis\core_cm4.h **** 
1694:C:\Users\bahri\GitHub\VirtualKeypad\Eclipse_USBProject_WS\Project_USB_CrossCompile\system\include\cmsis\core_cm4.h **** 
1695:C:\Users\bahri\GitHub\VirtualKeypad\Eclipse_USBProject_WS\Project_USB_CrossCompile\system\include\cmsis\core_cm4.h **** /**
1696:C:\Users\bahri\GitHub\VirtualKeypad\Eclipse_USBProject_WS\Project_USB_CrossCompile\system\include\cmsis\core_cm4.h ****   \brief   Get Interrupt Enable status
1697:C:\Users\bahri\GitHub\VirtualKeypad\Eclipse_USBProject_WS\Project_USB_CrossCompile\system\include\cmsis\core_cm4.h ****   \details Returns a device specific interrupt enable status from the NVIC interrupt controller.
1698:C:\Users\bahri\GitHub\VirtualKeypad\Eclipse_USBProject_WS\Project_USB_CrossCompile\system\include\cmsis\core_cm4.h ****   \param [in]      IRQn  Device specific interrupt number.
1699:C:\Users\bahri\GitHub\VirtualKeypad\Eclipse_USBProject_WS\Project_USB_CrossCompile\system\include\cmsis\core_cm4.h ****   \return             0  Interrupt is not enabled.
1700:C:\Users\bahri\GitHub\VirtualKeypad\Eclipse_USBProject_WS\Project_USB_CrossCompile\system\include\cmsis\core_cm4.h ****   \return             1  Interrupt is enabled.
1701:C:\Users\bahri\GitHub\VirtualKeypad\Eclipse_USBProject_WS\Project_USB_CrossCompile\system\include\cmsis\core_cm4.h ****   \note    IRQn must not be negative.
1702:C:\Users\bahri\GitHub\VirtualKeypad\Eclipse_USBProject_WS\Project_USB_CrossCompile\system\include\cmsis\core_cm4.h ****  */
1703:C:\Users\bahri\GitHub\VirtualKeypad\Eclipse_USBProject_WS\Project_USB_CrossCompile\system\include\cmsis\core_cm4.h **** __STATIC_INLINE uint32_t __NVIC_GetEnableIRQ(IRQn_Type IRQn)
1704:C:\Users\bahri\GitHub\VirtualKeypad\Eclipse_USBProject_WS\Project_USB_CrossCompile\system\include\cmsis\core_cm4.h **** {
1705:C:\Users\bahri\GitHub\VirtualKeypad\Eclipse_USBProject_WS\Project_USB_CrossCompile\system\include\cmsis\core_cm4.h ****   if ((int32_t)(IRQn) >= 0)
1706:C:\Users\bahri\GitHub\VirtualKeypad\Eclipse_USBProject_WS\Project_USB_CrossCompile\system\include\cmsis\core_cm4.h ****   {
1707:C:\Users\bahri\GitHub\VirtualKeypad\Eclipse_USBProject_WS\Project_USB_CrossCompile\system\include\cmsis\core_cm4.h ****     return((uint32_t)(((NVIC->ISER[(((uint32_t)IRQn) >> 5UL)] & (1UL << (((uint32_t)IRQn) & 0x1FUL)
1708:C:\Users\bahri\GitHub\VirtualKeypad\Eclipse_USBProject_WS\Project_USB_CrossCompile\system\include\cmsis\core_cm4.h ****   }
1709:C:\Users\bahri\GitHub\VirtualKeypad\Eclipse_USBProject_WS\Project_USB_CrossCompile\system\include\cmsis\core_cm4.h ****   else
1710:C:\Users\bahri\GitHub\VirtualKeypad\Eclipse_USBProject_WS\Project_USB_CrossCompile\system\include\cmsis\core_cm4.h ****   {
1711:C:\Users\bahri\GitHub\VirtualKeypad\Eclipse_USBProject_WS\Project_USB_CrossCompile\system\include\cmsis\core_cm4.h ****     return(0U);
1712:C:\Users\bahri\GitHub\VirtualKeypad\Eclipse_USBProject_WS\Project_USB_CrossCompile\system\include\cmsis\core_cm4.h ****   }
1713:C:\Users\bahri\GitHub\VirtualKeypad\Eclipse_USBProject_WS\Project_USB_CrossCompile\system\include\cmsis\core_cm4.h **** }
1714:C:\Users\bahri\GitHub\VirtualKeypad\Eclipse_USBProject_WS\Project_USB_CrossCompile\system\include\cmsis\core_cm4.h **** 
1715:C:\Users\bahri\GitHub\VirtualKeypad\Eclipse_USBProject_WS\Project_USB_CrossCompile\system\include\cmsis\core_cm4.h **** 
1716:C:\Users\bahri\GitHub\VirtualKeypad\Eclipse_USBProject_WS\Project_USB_CrossCompile\system\include\cmsis\core_cm4.h **** /**
1717:C:\Users\bahri\GitHub\VirtualKeypad\Eclipse_USBProject_WS\Project_USB_CrossCompile\system\include\cmsis\core_cm4.h ****   \brief   Disable Interrupt
1718:C:\Users\bahri\GitHub\VirtualKeypad\Eclipse_USBProject_WS\Project_USB_CrossCompile\system\include\cmsis\core_cm4.h ****   \details Disables a device specific interrupt in the NVIC interrupt controller.
1719:C:\Users\bahri\GitHub\VirtualKeypad\Eclipse_USBProject_WS\Project_USB_CrossCompile\system\include\cmsis\core_cm4.h ****   \param [in]      IRQn  Device specific interrupt number.
1720:C:\Users\bahri\GitHub\VirtualKeypad\Eclipse_USBProject_WS\Project_USB_CrossCompile\system\include\cmsis\core_cm4.h ****   \note    IRQn must not be negative.
1721:C:\Users\bahri\GitHub\VirtualKeypad\Eclipse_USBProject_WS\Project_USB_CrossCompile\system\include\cmsis\core_cm4.h ****  */
1722:C:\Users\bahri\GitHub\VirtualKeypad\Eclipse_USBProject_WS\Project_USB_CrossCompile\system\include\cmsis\core_cm4.h **** __STATIC_INLINE void __NVIC_DisableIRQ(IRQn_Type IRQn)
1723:C:\Users\bahri\GitHub\VirtualKeypad\Eclipse_USBProject_WS\Project_USB_CrossCompile\system\include\cmsis\core_cm4.h **** {
1724:C:\Users\bahri\GitHub\VirtualKeypad\Eclipse_USBProject_WS\Project_USB_CrossCompile\system\include\cmsis\core_cm4.h ****   if ((int32_t)(IRQn) >= 0)
1725:C:\Users\bahri\GitHub\VirtualKeypad\Eclipse_USBProject_WS\Project_USB_CrossCompile\system\include\cmsis\core_cm4.h ****   {
1726:C:\Users\bahri\GitHub\VirtualKeypad\Eclipse_USBProject_WS\Project_USB_CrossCompile\system\include\cmsis\core_cm4.h ****     NVIC->ICER[(((uint32_t)IRQn) >> 5UL)] = (uint32_t)(1UL << (((uint32_t)IRQn) & 0x1FUL));
1727:C:\Users\bahri\GitHub\VirtualKeypad\Eclipse_USBProject_WS\Project_USB_CrossCompile\system\include\cmsis\core_cm4.h ****     __DSB();
1728:C:\Users\bahri\GitHub\VirtualKeypad\Eclipse_USBProject_WS\Project_USB_CrossCompile\system\include\cmsis\core_cm4.h ****     __ISB();
1729:C:\Users\bahri\GitHub\VirtualKeypad\Eclipse_USBProject_WS\Project_USB_CrossCompile\system\include\cmsis\core_cm4.h ****   }
1730:C:\Users\bahri\GitHub\VirtualKeypad\Eclipse_USBProject_WS\Project_USB_CrossCompile\system\include\cmsis\core_cm4.h **** }
1731:C:\Users\bahri\GitHub\VirtualKeypad\Eclipse_USBProject_WS\Project_USB_CrossCompile\system\include\cmsis\core_cm4.h **** 
1732:C:\Users\bahri\GitHub\VirtualKeypad\Eclipse_USBProject_WS\Project_USB_CrossCompile\system\include\cmsis\core_cm4.h **** 
1733:C:\Users\bahri\GitHub\VirtualKeypad\Eclipse_USBProject_WS\Project_USB_CrossCompile\system\include\cmsis\core_cm4.h **** /**
1734:C:\Users\bahri\GitHub\VirtualKeypad\Eclipse_USBProject_WS\Project_USB_CrossCompile\system\include\cmsis\core_cm4.h ****   \brief   Get Pending Interrupt
1735:C:\Users\bahri\GitHub\VirtualKeypad\Eclipse_USBProject_WS\Project_USB_CrossCompile\system\include\cmsis\core_cm4.h ****   \details Reads the NVIC pending register and returns the pending bit for the specified device spe
1736:C:\Users\bahri\GitHub\VirtualKeypad\Eclipse_USBProject_WS\Project_USB_CrossCompile\system\include\cmsis\core_cm4.h ****   \param [in]      IRQn  Device specific interrupt number.
1737:C:\Users\bahri\GitHub\VirtualKeypad\Eclipse_USBProject_WS\Project_USB_CrossCompile\system\include\cmsis\core_cm4.h ****   \return             0  Interrupt status is not pending.
1738:C:\Users\bahri\GitHub\VirtualKeypad\Eclipse_USBProject_WS\Project_USB_CrossCompile\system\include\cmsis\core_cm4.h ****   \return             1  Interrupt status is pending.
1739:C:\Users\bahri\GitHub\VirtualKeypad\Eclipse_USBProject_WS\Project_USB_CrossCompile\system\include\cmsis\core_cm4.h ****   \note    IRQn must not be negative.
1740:C:\Users\bahri\GitHub\VirtualKeypad\Eclipse_USBProject_WS\Project_USB_CrossCompile\system\include\cmsis\core_cm4.h ****  */
1741:C:\Users\bahri\GitHub\VirtualKeypad\Eclipse_USBProject_WS\Project_USB_CrossCompile\system\include\cmsis\core_cm4.h **** __STATIC_INLINE uint32_t __NVIC_GetPendingIRQ(IRQn_Type IRQn)
1742:C:\Users\bahri\GitHub\VirtualKeypad\Eclipse_USBProject_WS\Project_USB_CrossCompile\system\include\cmsis\core_cm4.h **** {
1743:C:\Users\bahri\GitHub\VirtualKeypad\Eclipse_USBProject_WS\Project_USB_CrossCompile\system\include\cmsis\core_cm4.h ****   if ((int32_t)(IRQn) >= 0)
1744:C:\Users\bahri\GitHub\VirtualKeypad\Eclipse_USBProject_WS\Project_USB_CrossCompile\system\include\cmsis\core_cm4.h ****   {
1745:C:\Users\bahri\GitHub\VirtualKeypad\Eclipse_USBProject_WS\Project_USB_CrossCompile\system\include\cmsis\core_cm4.h ****     return((uint32_t)(((NVIC->ISPR[(((uint32_t)IRQn) >> 5UL)] & (1UL << (((uint32_t)IRQn) & 0x1FUL)
1746:C:\Users\bahri\GitHub\VirtualKeypad\Eclipse_USBProject_WS\Project_USB_CrossCompile\system\include\cmsis\core_cm4.h ****   }
1747:C:\Users\bahri\GitHub\VirtualKeypad\Eclipse_USBProject_WS\Project_USB_CrossCompile\system\include\cmsis\core_cm4.h ****   else
1748:C:\Users\bahri\GitHub\VirtualKeypad\Eclipse_USBProject_WS\Project_USB_CrossCompile\system\include\cmsis\core_cm4.h ****   {
1749:C:\Users\bahri\GitHub\VirtualKeypad\Eclipse_USBProject_WS\Project_USB_CrossCompile\system\include\cmsis\core_cm4.h ****     return(0U);
1750:C:\Users\bahri\GitHub\VirtualKeypad\Eclipse_USBProject_WS\Project_USB_CrossCompile\system\include\cmsis\core_cm4.h ****   }
1751:C:\Users\bahri\GitHub\VirtualKeypad\Eclipse_USBProject_WS\Project_USB_CrossCompile\system\include\cmsis\core_cm4.h **** }
1752:C:\Users\bahri\GitHub\VirtualKeypad\Eclipse_USBProject_WS\Project_USB_CrossCompile\system\include\cmsis\core_cm4.h **** 
1753:C:\Users\bahri\GitHub\VirtualKeypad\Eclipse_USBProject_WS\Project_USB_CrossCompile\system\include\cmsis\core_cm4.h **** 
1754:C:\Users\bahri\GitHub\VirtualKeypad\Eclipse_USBProject_WS\Project_USB_CrossCompile\system\include\cmsis\core_cm4.h **** /**
1755:C:\Users\bahri\GitHub\VirtualKeypad\Eclipse_USBProject_WS\Project_USB_CrossCompile\system\include\cmsis\core_cm4.h ****   \brief   Set Pending Interrupt
1756:C:\Users\bahri\GitHub\VirtualKeypad\Eclipse_USBProject_WS\Project_USB_CrossCompile\system\include\cmsis\core_cm4.h ****   \details Sets the pending bit of a device specific interrupt in the NVIC pending register.
1757:C:\Users\bahri\GitHub\VirtualKeypad\Eclipse_USBProject_WS\Project_USB_CrossCompile\system\include\cmsis\core_cm4.h ****   \param [in]      IRQn  Device specific interrupt number.
1758:C:\Users\bahri\GitHub\VirtualKeypad\Eclipse_USBProject_WS\Project_USB_CrossCompile\system\include\cmsis\core_cm4.h ****   \note    IRQn must not be negative.
1759:C:\Users\bahri\GitHub\VirtualKeypad\Eclipse_USBProject_WS\Project_USB_CrossCompile\system\include\cmsis\core_cm4.h ****  */
1760:C:\Users\bahri\GitHub\VirtualKeypad\Eclipse_USBProject_WS\Project_USB_CrossCompile\system\include\cmsis\core_cm4.h **** __STATIC_INLINE void __NVIC_SetPendingIRQ(IRQn_Type IRQn)
1761:C:\Users\bahri\GitHub\VirtualKeypad\Eclipse_USBProject_WS\Project_USB_CrossCompile\system\include\cmsis\core_cm4.h **** {
1762:C:\Users\bahri\GitHub\VirtualKeypad\Eclipse_USBProject_WS\Project_USB_CrossCompile\system\include\cmsis\core_cm4.h ****   if ((int32_t)(IRQn) >= 0)
1763:C:\Users\bahri\GitHub\VirtualKeypad\Eclipse_USBProject_WS\Project_USB_CrossCompile\system\include\cmsis\core_cm4.h ****   {
1764:C:\Users\bahri\GitHub\VirtualKeypad\Eclipse_USBProject_WS\Project_USB_CrossCompile\system\include\cmsis\core_cm4.h ****     NVIC->ISPR[(((uint32_t)IRQn) >> 5UL)] = (uint32_t)(1UL << (((uint32_t)IRQn) & 0x1FUL));
1765:C:\Users\bahri\GitHub\VirtualKeypad\Eclipse_USBProject_WS\Project_USB_CrossCompile\system\include\cmsis\core_cm4.h ****   }
1766:C:\Users\bahri\GitHub\VirtualKeypad\Eclipse_USBProject_WS\Project_USB_CrossCompile\system\include\cmsis\core_cm4.h **** }
1767:C:\Users\bahri\GitHub\VirtualKeypad\Eclipse_USBProject_WS\Project_USB_CrossCompile\system\include\cmsis\core_cm4.h **** 
1768:C:\Users\bahri\GitHub\VirtualKeypad\Eclipse_USBProject_WS\Project_USB_CrossCompile\system\include\cmsis\core_cm4.h **** 
1769:C:\Users\bahri\GitHub\VirtualKeypad\Eclipse_USBProject_WS\Project_USB_CrossCompile\system\include\cmsis\core_cm4.h **** /**
1770:C:\Users\bahri\GitHub\VirtualKeypad\Eclipse_USBProject_WS\Project_USB_CrossCompile\system\include\cmsis\core_cm4.h ****   \brief   Clear Pending Interrupt
1771:C:\Users\bahri\GitHub\VirtualKeypad\Eclipse_USBProject_WS\Project_USB_CrossCompile\system\include\cmsis\core_cm4.h ****   \details Clears the pending bit of a device specific interrupt in the NVIC pending register.
1772:C:\Users\bahri\GitHub\VirtualKeypad\Eclipse_USBProject_WS\Project_USB_CrossCompile\system\include\cmsis\core_cm4.h ****   \param [in]      IRQn  Device specific interrupt number.
1773:C:\Users\bahri\GitHub\VirtualKeypad\Eclipse_USBProject_WS\Project_USB_CrossCompile\system\include\cmsis\core_cm4.h ****   \note    IRQn must not be negative.
1774:C:\Users\bahri\GitHub\VirtualKeypad\Eclipse_USBProject_WS\Project_USB_CrossCompile\system\include\cmsis\core_cm4.h ****  */
1775:C:\Users\bahri\GitHub\VirtualKeypad\Eclipse_USBProject_WS\Project_USB_CrossCompile\system\include\cmsis\core_cm4.h **** __STATIC_INLINE void __NVIC_ClearPendingIRQ(IRQn_Type IRQn)
1776:C:\Users\bahri\GitHub\VirtualKeypad\Eclipse_USBProject_WS\Project_USB_CrossCompile\system\include\cmsis\core_cm4.h **** {
1777:C:\Users\bahri\GitHub\VirtualKeypad\Eclipse_USBProject_WS\Project_USB_CrossCompile\system\include\cmsis\core_cm4.h ****   if ((int32_t)(IRQn) >= 0)
1778:C:\Users\bahri\GitHub\VirtualKeypad\Eclipse_USBProject_WS\Project_USB_CrossCompile\system\include\cmsis\core_cm4.h ****   {
1779:C:\Users\bahri\GitHub\VirtualKeypad\Eclipse_USBProject_WS\Project_USB_CrossCompile\system\include\cmsis\core_cm4.h ****     NVIC->ICPR[(((uint32_t)IRQn) >> 5UL)] = (uint32_t)(1UL << (((uint32_t)IRQn) & 0x1FUL));
1780:C:\Users\bahri\GitHub\VirtualKeypad\Eclipse_USBProject_WS\Project_USB_CrossCompile\system\include\cmsis\core_cm4.h ****   }
1781:C:\Users\bahri\GitHub\VirtualKeypad\Eclipse_USBProject_WS\Project_USB_CrossCompile\system\include\cmsis\core_cm4.h **** }
1782:C:\Users\bahri\GitHub\VirtualKeypad\Eclipse_USBProject_WS\Project_USB_CrossCompile\system\include\cmsis\core_cm4.h **** 
1783:C:\Users\bahri\GitHub\VirtualKeypad\Eclipse_USBProject_WS\Project_USB_CrossCompile\system\include\cmsis\core_cm4.h **** 
1784:C:\Users\bahri\GitHub\VirtualKeypad\Eclipse_USBProject_WS\Project_USB_CrossCompile\system\include\cmsis\core_cm4.h **** /**
1785:C:\Users\bahri\GitHub\VirtualKeypad\Eclipse_USBProject_WS\Project_USB_CrossCompile\system\include\cmsis\core_cm4.h ****   \brief   Get Active Interrupt
1786:C:\Users\bahri\GitHub\VirtualKeypad\Eclipse_USBProject_WS\Project_USB_CrossCompile\system\include\cmsis\core_cm4.h ****   \details Reads the active register in the NVIC and returns the active bit for the device specific
1787:C:\Users\bahri\GitHub\VirtualKeypad\Eclipse_USBProject_WS\Project_USB_CrossCompile\system\include\cmsis\core_cm4.h ****   \param [in]      IRQn  Device specific interrupt number.
1788:C:\Users\bahri\GitHub\VirtualKeypad\Eclipse_USBProject_WS\Project_USB_CrossCompile\system\include\cmsis\core_cm4.h ****   \return             0  Interrupt status is not active.
1789:C:\Users\bahri\GitHub\VirtualKeypad\Eclipse_USBProject_WS\Project_USB_CrossCompile\system\include\cmsis\core_cm4.h ****   \return             1  Interrupt status is active.
1790:C:\Users\bahri\GitHub\VirtualKeypad\Eclipse_USBProject_WS\Project_USB_CrossCompile\system\include\cmsis\core_cm4.h ****   \note    IRQn must not be negative.
1791:C:\Users\bahri\GitHub\VirtualKeypad\Eclipse_USBProject_WS\Project_USB_CrossCompile\system\include\cmsis\core_cm4.h ****  */
1792:C:\Users\bahri\GitHub\VirtualKeypad\Eclipse_USBProject_WS\Project_USB_CrossCompile\system\include\cmsis\core_cm4.h **** __STATIC_INLINE uint32_t __NVIC_GetActive(IRQn_Type IRQn)
1793:C:\Users\bahri\GitHub\VirtualKeypad\Eclipse_USBProject_WS\Project_USB_CrossCompile\system\include\cmsis\core_cm4.h **** {
1794:C:\Users\bahri\GitHub\VirtualKeypad\Eclipse_USBProject_WS\Project_USB_CrossCompile\system\include\cmsis\core_cm4.h ****   if ((int32_t)(IRQn) >= 0)
1795:C:\Users\bahri\GitHub\VirtualKeypad\Eclipse_USBProject_WS\Project_USB_CrossCompile\system\include\cmsis\core_cm4.h ****   {
1796:C:\Users\bahri\GitHub\VirtualKeypad\Eclipse_USBProject_WS\Project_USB_CrossCompile\system\include\cmsis\core_cm4.h ****     return((uint32_t)(((NVIC->IABR[(((uint32_t)IRQn) >> 5UL)] & (1UL << (((uint32_t)IRQn) & 0x1FUL)
1797:C:\Users\bahri\GitHub\VirtualKeypad\Eclipse_USBProject_WS\Project_USB_CrossCompile\system\include\cmsis\core_cm4.h ****   }
1798:C:\Users\bahri\GitHub\VirtualKeypad\Eclipse_USBProject_WS\Project_USB_CrossCompile\system\include\cmsis\core_cm4.h ****   else
1799:C:\Users\bahri\GitHub\VirtualKeypad\Eclipse_USBProject_WS\Project_USB_CrossCompile\system\include\cmsis\core_cm4.h ****   {
1800:C:\Users\bahri\GitHub\VirtualKeypad\Eclipse_USBProject_WS\Project_USB_CrossCompile\system\include\cmsis\core_cm4.h ****     return(0U);
1801:C:\Users\bahri\GitHub\VirtualKeypad\Eclipse_USBProject_WS\Project_USB_CrossCompile\system\include\cmsis\core_cm4.h ****   }
1802:C:\Users\bahri\GitHub\VirtualKeypad\Eclipse_USBProject_WS\Project_USB_CrossCompile\system\include\cmsis\core_cm4.h **** }
1803:C:\Users\bahri\GitHub\VirtualKeypad\Eclipse_USBProject_WS\Project_USB_CrossCompile\system\include\cmsis\core_cm4.h **** 
1804:C:\Users\bahri\GitHub\VirtualKeypad\Eclipse_USBProject_WS\Project_USB_CrossCompile\system\include\cmsis\core_cm4.h **** 
1805:C:\Users\bahri\GitHub\VirtualKeypad\Eclipse_USBProject_WS\Project_USB_CrossCompile\system\include\cmsis\core_cm4.h **** /**
1806:C:\Users\bahri\GitHub\VirtualKeypad\Eclipse_USBProject_WS\Project_USB_CrossCompile\system\include\cmsis\core_cm4.h ****   \brief   Set Interrupt Priority
1807:C:\Users\bahri\GitHub\VirtualKeypad\Eclipse_USBProject_WS\Project_USB_CrossCompile\system\include\cmsis\core_cm4.h ****   \details Sets the priority of a device specific interrupt or a processor exception.
1808:C:\Users\bahri\GitHub\VirtualKeypad\Eclipse_USBProject_WS\Project_USB_CrossCompile\system\include\cmsis\core_cm4.h ****            The interrupt number can be positive to specify a device specific interrupt,
1809:C:\Users\bahri\GitHub\VirtualKeypad\Eclipse_USBProject_WS\Project_USB_CrossCompile\system\include\cmsis\core_cm4.h ****            or negative to specify a processor exception.
1810:C:\Users\bahri\GitHub\VirtualKeypad\Eclipse_USBProject_WS\Project_USB_CrossCompile\system\include\cmsis\core_cm4.h ****   \param [in]      IRQn  Interrupt number.
1811:C:\Users\bahri\GitHub\VirtualKeypad\Eclipse_USBProject_WS\Project_USB_CrossCompile\system\include\cmsis\core_cm4.h ****   \param [in]  priority  Priority to set.
1812:C:\Users\bahri\GitHub\VirtualKeypad\Eclipse_USBProject_WS\Project_USB_CrossCompile\system\include\cmsis\core_cm4.h ****   \note    The priority cannot be set for every processor exception.
1813:C:\Users\bahri\GitHub\VirtualKeypad\Eclipse_USBProject_WS\Project_USB_CrossCompile\system\include\cmsis\core_cm4.h ****  */
1814:C:\Users\bahri\GitHub\VirtualKeypad\Eclipse_USBProject_WS\Project_USB_CrossCompile\system\include\cmsis\core_cm4.h **** __STATIC_INLINE void __NVIC_SetPriority(IRQn_Type IRQn, uint32_t priority)
1815:C:\Users\bahri\GitHub\VirtualKeypad\Eclipse_USBProject_WS\Project_USB_CrossCompile\system\include\cmsis\core_cm4.h **** {
  85              		.loc 1 1815 1
  86              		.cfi_startproc
  87              		@ args = 0, pretend = 0, frame = 8
  88              		@ frame_needed = 1, uses_anonymous_args = 0
  89              		@ link register save eliminated.
  90 0038 80B4     		push	{r7}
  91              		.cfi_def_cfa_offset 4
  92              		.cfi_offset 7, -4
  93 003a 83B0     		sub	sp, sp, #12
  94              		.cfi_def_cfa_offset 16
  95 003c 00AF     		add	r7, sp, #0
  96              		.cfi_def_cfa_register 7
  97 003e 0346     		mov	r3, r0
  98 0040 3960     		str	r1, [r7]
  99 0042 FB71     		strb	r3, [r7, #7]
1816:C:\Users\bahri\GitHub\VirtualKeypad\Eclipse_USBProject_WS\Project_USB_CrossCompile\system\include\cmsis\core_cm4.h ****   if ((int32_t)(IRQn) >= 0)
 100              		.loc 1 1816 6
 101 0044 97F90730 		ldrsb	r3, [r7, #7]
 102 0048 002B     		cmp	r3, #0
 103 004a 0ADB     		blt	.L7
1817:C:\Users\bahri\GitHub\VirtualKeypad\Eclipse_USBProject_WS\Project_USB_CrossCompile\system\include\cmsis\core_cm4.h ****   {
1818:C:\Users\bahri\GitHub\VirtualKeypad\Eclipse_USBProject_WS\Project_USB_CrossCompile\system\include\cmsis\core_cm4.h ****     NVIC->IP[((uint32_t)IRQn)]               = (uint8_t)((priority << (8U - __NVIC_PRIO_BITS)) & (u
 104              		.loc 1 1818 48
 105 004c 3B68     		ldr	r3, [r7]
 106 004e DAB2     		uxtb	r2, r3
 107              		.loc 1 1818 9
 108 0050 0C49     		ldr	r1, .L10
 109              		.loc 1 1818 15
 110 0052 97F90730 		ldrsb	r3, [r7, #7]
 111              		.loc 1 1818 48
 112 0056 1201     		lsls	r2, r2, #4
 113 0058 D2B2     		uxtb	r2, r2
 114              		.loc 1 1818 46
 115 005a 0B44     		add	r3, r3, r1
 116 005c 83F80023 		strb	r2, [r3, #768]
1819:C:\Users\bahri\GitHub\VirtualKeypad\Eclipse_USBProject_WS\Project_USB_CrossCompile\system\include\cmsis\core_cm4.h ****   }
1820:C:\Users\bahri\GitHub\VirtualKeypad\Eclipse_USBProject_WS\Project_USB_CrossCompile\system\include\cmsis\core_cm4.h ****   else
1821:C:\Users\bahri\GitHub\VirtualKeypad\Eclipse_USBProject_WS\Project_USB_CrossCompile\system\include\cmsis\core_cm4.h ****   {
1822:C:\Users\bahri\GitHub\VirtualKeypad\Eclipse_USBProject_WS\Project_USB_CrossCompile\system\include\cmsis\core_cm4.h ****     SCB->SHP[(((uint32_t)IRQn) & 0xFUL)-4UL] = (uint8_t)((priority << (8U - __NVIC_PRIO_BITS)) & (u
1823:C:\Users\bahri\GitHub\VirtualKeypad\Eclipse_USBProject_WS\Project_USB_CrossCompile\system\include\cmsis\core_cm4.h ****   }
1824:C:\Users\bahri\GitHub\VirtualKeypad\Eclipse_USBProject_WS\Project_USB_CrossCompile\system\include\cmsis\core_cm4.h **** }
 117              		.loc 1 1824 1
 118 0060 0AE0     		b	.L9
 119              	.L7:
1822:C:\Users\bahri\GitHub\VirtualKeypad\Eclipse_USBProject_WS\Project_USB_CrossCompile\system\include\cmsis\core_cm4.h ****   }
 120              		.loc 1 1822 48
 121 0062 3B68     		ldr	r3, [r7]
 122 0064 DAB2     		uxtb	r2, r3
1822:C:\Users\bahri\GitHub\VirtualKeypad\Eclipse_USBProject_WS\Project_USB_CrossCompile\system\include\cmsis\core_cm4.h ****   }
 123              		.loc 1 1822 8
 124 0066 0849     		ldr	r1, .L10+4
1822:C:\Users\bahri\GitHub\VirtualKeypad\Eclipse_USBProject_WS\Project_USB_CrossCompile\system\include\cmsis\core_cm4.h ****   }
 125              		.loc 1 1822 32
 126 0068 FB79     		ldrb	r3, [r7, #7]	@ zero_extendqisi2
 127 006a 03F00F03 		and	r3, r3, #15
1822:C:\Users\bahri\GitHub\VirtualKeypad\Eclipse_USBProject_WS\Project_USB_CrossCompile\system\include\cmsis\core_cm4.h ****   }
 128              		.loc 1 1822 40
 129 006e 043B     		subs	r3, r3, #4
1822:C:\Users\bahri\GitHub\VirtualKeypad\Eclipse_USBProject_WS\Project_USB_CrossCompile\system\include\cmsis\core_cm4.h ****   }
 130              		.loc 1 1822 48
 131 0070 1201     		lsls	r2, r2, #4
 132 0072 D2B2     		uxtb	r2, r2
1822:C:\Users\bahri\GitHub\VirtualKeypad\Eclipse_USBProject_WS\Project_USB_CrossCompile\system\include\cmsis\core_cm4.h ****   }
 133              		.loc 1 1822 46
 134 0074 0B44     		add	r3, r3, r1
 135 0076 1A76     		strb	r2, [r3, #24]
 136              	.L9:
 137              		.loc 1 1824 1
 138 0078 00BF     		nop
 139 007a 0C37     		adds	r7, r7, #12
 140              		.cfi_def_cfa_offset 4
 141 007c BD46     		mov	sp, r7
 142              		.cfi_def_cfa_register 13
 143              		@ sp needed
 144 007e 80BC     		pop	{r7}
 145              		.cfi_restore 7
 146              		.cfi_def_cfa_offset 0
 147 0080 7047     		bx	lr
 148              	.L11:
 149 0082 00BF     		.align	2
 150              	.L10:
 151 0084 00E100E0 		.word	-536813312
 152 0088 00ED00E0 		.word	-536810240
 153              		.cfi_endproc
 154              	.LFE115:
 156              		.global	readData
 157              		.bss
 158              		.align	2
 161              	readData:
 162 0000 00000000 		.space	32
 162      00000000 
 162      00000000 
 162      00000000 
 162      00000000 
 163              		.global	DataReceived_flag
 166              	DataReceived_flag:
 167 0020 00       		.space	1
 168              		.text
 169              		.align	1
 170              		.syntax unified
 171              		.thumb
 172              		.thumb_func
 174              	Uart_ChannelEnable:
 175              	.LFB137:
 176              		.file 2 "../src/uart.c"
   1:../src/uart.c **** /*
   2:../src/uart.c ****  * uart.c
   3:../src/uart.c ****  *
   4:../src/uart.c ****  *  Created on: 14 Oca 2024
   5:../src/uart.c ****  *      Author: bahri
   6:../src/uart.c ****  */
   7:../src/uart.c **** 
   8:../src/uart.c **** #include "uart.h"
   9:../src/uart.c **** #include "rcc.h"
  10:../src/uart.c **** #include "gpio.h"
  11:../src/uart.c **** 
  12:../src/uart.c **** char readData[32] = {0};
  13:../src/uart.c **** uint8 DataReceived_flag;
  14:../src/uart.c **** 
  15:../src/uart.c **** //Static Function Declarations
  16:../src/uart.c **** 
  17:../src/uart.c **** static void Uart_ChannelEnable(USART_TypeDef* structUart);
  18:../src/uart.c **** static void Uart_ChannelReset(USART_TypeDef* structUart);
  19:../src/uart.c **** static void Uart_SetBaudrate(uint16 baudRate, USART_TypeDef* structUart);
  20:../src/uart.c **** static void Uart_Msp_Init(uart_cfg configUart, USART_TypeDef* structUart);
  21:../src/uart.c **** 
  22:../src/uart.c **** //Static Function Definitions
  23:../src/uart.c **** 
  24:../src/uart.c **** static void Uart_ChannelEnable(USART_TypeDef* structUart)
  25:../src/uart.c **** {
 177              		.loc 2 25 1
 178              		.cfi_startproc
 179              		@ args = 0, pretend = 0, frame = 8
 180              		@ frame_needed = 1, uses_anonymous_args = 0
 181              		@ link register save eliminated.
 182 008c 80B4     		push	{r7}
 183              		.cfi_def_cfa_offset 4
 184              		.cfi_offset 7, -4
 185 008e 83B0     		sub	sp, sp, #12
 186              		.cfi_def_cfa_offset 16
 187 0090 00AF     		add	r7, sp, #0
 188              		.cfi_def_cfa_register 7
 189 0092 7860     		str	r0, [r7, #4]
  26:../src/uart.c **** 	if(structUart == USART1)
 190              		.loc 2 26 4
 191 0094 7B68     		ldr	r3, [r7, #4]
 192 0096 344A     		ldr	r2, .L20
 193 0098 9342     		cmp	r3, r2
 194 009a 0CD1     		bne	.L13
  27:../src/uart.c **** 	{
  28:../src/uart.c **** 		RCC->APB2RSTR &= ~(1 << USART1_RESET_POSITION);
 195              		.loc 2 28 17
 196 009c 334B     		ldr	r3, .L20+4
 197 009e 5B6A     		ldr	r3, [r3, #36]
 198 00a0 324A     		ldr	r2, .L20+4
 199 00a2 23F01003 		bic	r3, r3, #16
 200 00a6 5362     		str	r3, [r2, #36]
  29:../src/uart.c **** 		RCC->APB2ENR |= (1 << USART1_ENABLE_POSITION);
 201              		.loc 2 29 16
 202 00a8 304B     		ldr	r3, .L20+4
 203 00aa 5B6C     		ldr	r3, [r3, #68]
 204 00ac 2F4A     		ldr	r2, .L20+4
 205 00ae 43F01003 		orr	r3, r3, #16
 206 00b2 5364     		str	r3, [r2, #68]
  30:../src/uart.c **** 	}
  31:../src/uart.c **** 	else if(structUart == USART2)
  32:../src/uart.c **** 	{
  33:../src/uart.c **** 		RCC->APB1RSTR &= ~(1 << USART2_RESET_POSITION);
  34:../src/uart.c **** 		RCC->APB1ENR |= (1 << USART2_ENABLE_POSITION);
  35:../src/uart.c **** 	}
  36:../src/uart.c **** 	else if(structUart == USART3)
  37:../src/uart.c **** 	{
  38:../src/uart.c **** 		RCC->APB1RSTR &= ~(1 << USART3_RESET_POSITION);
  39:../src/uart.c **** 		RCC->APB1ENR |= (1 << USART3_ENABLE_POSITION);
  40:../src/uart.c **** 	}
  41:../src/uart.c **** 	else if(structUart == UART4)
  42:../src/uart.c **** 	{
  43:../src/uart.c **** 		RCC->APB1RSTR &= ~(1 << UART4_RESET_POSITION);
  44:../src/uart.c **** 		RCC->APB1ENR |= (1 << UART4_ENABLE_POSITION);
  45:../src/uart.c **** 	}
  46:../src/uart.c **** 	else if(structUart == UART5)
  47:../src/uart.c **** 	{
  48:../src/uart.c **** 		RCC->APB1RSTR &= ~(1 << UART5_RESET_POSITION);
  49:../src/uart.c **** 		RCC->APB1ENR |= (1 << UART5_ENABLE_POSITION);
  50:../src/uart.c **** 	}
  51:../src/uart.c **** 	else if(structUart == USART6)
  52:../src/uart.c **** 	{
  53:../src/uart.c **** 		RCC->APB2RSTR &= ~(1 << USART6_RESET_POSITION);
  54:../src/uart.c **** 		RCC->APB2ENR |= (1 << USART6_ENABLE_POSITION);
  55:../src/uart.c **** 	}
  56:../src/uart.c **** 	else
  57:../src/uart.c **** 	{
  58:../src/uart.c **** 		//do Nothing
  59:../src/uart.c **** 	}
  60:../src/uart.c **** }
 207              		.loc 2 60 1
 208 00b4 53E0     		b	.L19
 209              	.L13:
  31:../src/uart.c **** 	{
 210              		.loc 2 31 9
 211 00b6 7B68     		ldr	r3, [r7, #4]
 212 00b8 2D4A     		ldr	r2, .L20+8
 213 00ba 9342     		cmp	r3, r2
 214 00bc 0CD1     		bne	.L15
  33:../src/uart.c **** 		RCC->APB1ENR |= (1 << USART2_ENABLE_POSITION);
 215              		.loc 2 33 17
 216 00be 2B4B     		ldr	r3, .L20+4
 217 00c0 1B6A     		ldr	r3, [r3, #32]
 218 00c2 2A4A     		ldr	r2, .L20+4
 219 00c4 23F40033 		bic	r3, r3, #131072
 220 00c8 1362     		str	r3, [r2, #32]
  34:../src/uart.c **** 	}
 221              		.loc 2 34 16
 222 00ca 284B     		ldr	r3, .L20+4
 223 00cc 1B6C     		ldr	r3, [r3, #64]
 224 00ce 274A     		ldr	r2, .L20+4
 225 00d0 43F40033 		orr	r3, r3, #131072
 226 00d4 1364     		str	r3, [r2, #64]
 227              		.loc 2 60 1
 228 00d6 42E0     		b	.L19
 229              	.L15:
  36:../src/uart.c **** 	{
 230              		.loc 2 36 9
 231 00d8 7B68     		ldr	r3, [r7, #4]
 232 00da 264A     		ldr	r2, .L20+12
 233 00dc 9342     		cmp	r3, r2
 234 00de 0CD1     		bne	.L16
  38:../src/uart.c **** 		RCC->APB1ENR |= (1 << USART3_ENABLE_POSITION);
 235              		.loc 2 38 17
 236 00e0 224B     		ldr	r3, .L20+4
 237 00e2 1B6A     		ldr	r3, [r3, #32]
 238 00e4 214A     		ldr	r2, .L20+4
 239 00e6 23F48023 		bic	r3, r3, #262144
 240 00ea 1362     		str	r3, [r2, #32]
  39:../src/uart.c **** 	}
 241              		.loc 2 39 16
 242 00ec 1F4B     		ldr	r3, .L20+4
 243 00ee 1B6C     		ldr	r3, [r3, #64]
 244 00f0 1E4A     		ldr	r2, .L20+4
 245 00f2 43F48023 		orr	r3, r3, #262144
 246 00f6 1364     		str	r3, [r2, #64]
 247              		.loc 2 60 1
 248 00f8 31E0     		b	.L19
 249              	.L16:
  41:../src/uart.c **** 	{
 250              		.loc 2 41 9
 251 00fa 7B68     		ldr	r3, [r7, #4]
 252 00fc 1E4A     		ldr	r2, .L20+16
 253 00fe 9342     		cmp	r3, r2
 254 0100 0CD1     		bne	.L17
  43:../src/uart.c **** 		RCC->APB1ENR |= (1 << UART4_ENABLE_POSITION);
 255              		.loc 2 43 17
 256 0102 1A4B     		ldr	r3, .L20+4
 257 0104 1B6A     		ldr	r3, [r3, #32]
 258 0106 194A     		ldr	r2, .L20+4
 259 0108 23F40023 		bic	r3, r3, #524288
 260 010c 1362     		str	r3, [r2, #32]
  44:../src/uart.c **** 	}
 261              		.loc 2 44 16
 262 010e 174B     		ldr	r3, .L20+4
 263 0110 1B6C     		ldr	r3, [r3, #64]
 264 0112 164A     		ldr	r2, .L20+4
 265 0114 43F40023 		orr	r3, r3, #524288
 266 0118 1364     		str	r3, [r2, #64]
 267              		.loc 2 60 1
 268 011a 20E0     		b	.L19
 269              	.L17:
  46:../src/uart.c **** 	{
 270              		.loc 2 46 9
 271 011c 7B68     		ldr	r3, [r7, #4]
 272 011e 174A     		ldr	r2, .L20+20
 273 0120 9342     		cmp	r3, r2
 274 0122 0CD1     		bne	.L18
  48:../src/uart.c **** 		RCC->APB1ENR |= (1 << UART5_ENABLE_POSITION);
 275              		.loc 2 48 17
 276 0124 114B     		ldr	r3, .L20+4
 277 0126 1B6A     		ldr	r3, [r3, #32]
 278 0128 104A     		ldr	r2, .L20+4
 279 012a 23F48013 		bic	r3, r3, #1048576
 280 012e 1362     		str	r3, [r2, #32]
  49:../src/uart.c **** 	}
 281              		.loc 2 49 16
 282 0130 0E4B     		ldr	r3, .L20+4
 283 0132 1B6C     		ldr	r3, [r3, #64]
 284 0134 0D4A     		ldr	r2, .L20+4
 285 0136 43F48013 		orr	r3, r3, #1048576
 286 013a 1364     		str	r3, [r2, #64]
 287              		.loc 2 60 1
 288 013c 0FE0     		b	.L19
 289              	.L18:
  51:../src/uart.c **** 	{
 290              		.loc 2 51 9
 291 013e 7B68     		ldr	r3, [r7, #4]
 292 0140 0F4A     		ldr	r2, .L20+24
 293 0142 9342     		cmp	r3, r2
 294 0144 0BD1     		bne	.L19
  53:../src/uart.c **** 		RCC->APB2ENR |= (1 << USART6_ENABLE_POSITION);
 295              		.loc 2 53 17
 296 0146 094B     		ldr	r3, .L20+4
 297 0148 5B6A     		ldr	r3, [r3, #36]
 298 014a 084A     		ldr	r2, .L20+4
 299 014c 23F02003 		bic	r3, r3, #32
 300 0150 5362     		str	r3, [r2, #36]
  54:../src/uart.c **** 	}
 301              		.loc 2 54 16
 302 0152 064B     		ldr	r3, .L20+4
 303 0154 5B6C     		ldr	r3, [r3, #68]
 304 0156 054A     		ldr	r2, .L20+4
 305 0158 43F02003 		orr	r3, r3, #32
 306 015c 5364     		str	r3, [r2, #68]
 307              	.L19:
 308              		.loc 2 60 1
 309 015e 00BF     		nop
 310 0160 0C37     		adds	r7, r7, #12
 311              		.cfi_def_cfa_offset 4
 312 0162 BD46     		mov	sp, r7
 313              		.cfi_def_cfa_register 13
 314              		@ sp needed
 315 0164 80BC     		pop	{r7}
 316              		.cfi_restore 7
 317              		.cfi_def_cfa_offset 0
 318 0166 7047     		bx	lr
 319              	.L21:
 320              		.align	2
 321              	.L20:
 322 0168 00100140 		.word	1073811456
 323 016c 00380240 		.word	1073887232
 324 0170 00440040 		.word	1073759232
 325 0174 00480040 		.word	1073760256
 326 0178 004C0040 		.word	1073761280
 327 017c 00500040 		.word	1073762304
 328 0180 00140140 		.word	1073812480
 329              		.cfi_endproc
 330              	.LFE137:
 332              		.align	1
 333              		.syntax unified
 334              		.thumb
 335              		.thumb_func
 337              	Uart_ChannelReset:
 338              	.LFB138:
  61:../src/uart.c **** 
  62:../src/uart.c **** static void Uart_ChannelReset(USART_TypeDef* structUart)
  63:../src/uart.c **** {
 339              		.loc 2 63 1
 340              		.cfi_startproc
 341              		@ args = 0, pretend = 0, frame = 8
 342              		@ frame_needed = 1, uses_anonymous_args = 0
 343              		@ link register save eliminated.
 344 0184 80B4     		push	{r7}
 345              		.cfi_def_cfa_offset 4
 346              		.cfi_offset 7, -4
 347 0186 83B0     		sub	sp, sp, #12
 348              		.cfi_def_cfa_offset 16
 349 0188 00AF     		add	r7, sp, #0
 350              		.cfi_def_cfa_register 7
 351 018a 7860     		str	r0, [r7, #4]
  64:../src/uart.c **** 	if(structUart == USART1)
 352              		.loc 2 64 4
 353 018c 7B68     		ldr	r3, [r7, #4]
 354 018e 344A     		ldr	r2, .L30
 355 0190 9342     		cmp	r3, r2
 356 0192 0CD1     		bne	.L23
  65:../src/uart.c **** 	{
  66:../src/uart.c **** 		RCC->APB2ENR &= ~(1 << USART1_ENABLE_POSITION);
 357              		.loc 2 66 16
 358 0194 334B     		ldr	r3, .L30+4
 359 0196 5B6C     		ldr	r3, [r3, #68]
 360 0198 324A     		ldr	r2, .L30+4
 361 019a 23F01003 		bic	r3, r3, #16
 362 019e 5364     		str	r3, [r2, #68]
  67:../src/uart.c **** 		RCC->APB2RSTR |= (1 << USART1_RESET_POSITION);
 363              		.loc 2 67 17
 364 01a0 304B     		ldr	r3, .L30+4
 365 01a2 5B6A     		ldr	r3, [r3, #36]
 366 01a4 2F4A     		ldr	r2, .L30+4
 367 01a6 43F01003 		orr	r3, r3, #16
 368 01aa 5362     		str	r3, [r2, #36]
  68:../src/uart.c **** 	}
  69:../src/uart.c **** 	else if(structUart == USART2)
  70:../src/uart.c **** 	{
  71:../src/uart.c **** 		RCC->APB1ENR &= ~(1 << USART2_ENABLE_POSITION);
  72:../src/uart.c **** 		RCC->APB1RSTR |= (1 << USART2_RESET_POSITION);
  73:../src/uart.c **** 	}
  74:../src/uart.c **** 	else if(structUart == USART3)
  75:../src/uart.c **** 	{
  76:../src/uart.c **** 		RCC->APB1ENR &= ~(1 << USART3_ENABLE_POSITION);
  77:../src/uart.c **** 		RCC->APB1RSTR |= (1 << USART3_RESET_POSITION);
  78:../src/uart.c **** 	}
  79:../src/uart.c **** 	else if(structUart == UART4)
  80:../src/uart.c **** 	{
  81:../src/uart.c **** 		RCC->APB1ENR &= ~(1 << UART4_ENABLE_POSITION);
  82:../src/uart.c **** 		RCC->APB1RSTR |= (1 << UART4_RESET_POSITION);
  83:../src/uart.c **** 	}
  84:../src/uart.c **** 	else if(structUart == UART5)
  85:../src/uart.c **** 	{
  86:../src/uart.c **** 		RCC->APB1ENR &= ~(1 << UART5_ENABLE_POSITION);
  87:../src/uart.c **** 		RCC->APB1RSTR |= (1 << UART5_RESET_POSITION);
  88:../src/uart.c **** 	}
  89:../src/uart.c **** 	else if(structUart == USART6)
  90:../src/uart.c **** 	{
  91:../src/uart.c **** 		RCC->APB2ENR &= ~(1 << USART6_ENABLE_POSITION);
  92:../src/uart.c **** 		RCC->APB2RSTR |= (1 << USART6_RESET_POSITION);
  93:../src/uart.c **** 	}
  94:../src/uart.c **** 	else
  95:../src/uart.c **** 	{
  96:../src/uart.c **** 		//do Nothing
  97:../src/uart.c **** 	}
  98:../src/uart.c **** }
 369              		.loc 2 98 1
 370 01ac 53E0     		b	.L29
 371              	.L23:
  69:../src/uart.c **** 	{
 372              		.loc 2 69 9
 373 01ae 7B68     		ldr	r3, [r7, #4]
 374 01b0 2D4A     		ldr	r2, .L30+8
 375 01b2 9342     		cmp	r3, r2
 376 01b4 0CD1     		bne	.L25
  71:../src/uart.c **** 		RCC->APB1RSTR |= (1 << USART2_RESET_POSITION);
 377              		.loc 2 71 16
 378 01b6 2B4B     		ldr	r3, .L30+4
 379 01b8 1B6C     		ldr	r3, [r3, #64]
 380 01ba 2A4A     		ldr	r2, .L30+4
 381 01bc 23F40033 		bic	r3, r3, #131072
 382 01c0 1364     		str	r3, [r2, #64]
  72:../src/uart.c **** 	}
 383              		.loc 2 72 17
 384 01c2 284B     		ldr	r3, .L30+4
 385 01c4 1B6A     		ldr	r3, [r3, #32]
 386 01c6 274A     		ldr	r2, .L30+4
 387 01c8 43F40033 		orr	r3, r3, #131072
 388 01cc 1362     		str	r3, [r2, #32]
 389              		.loc 2 98 1
 390 01ce 42E0     		b	.L29
 391              	.L25:
  74:../src/uart.c **** 	{
 392              		.loc 2 74 9
 393 01d0 7B68     		ldr	r3, [r7, #4]
 394 01d2 264A     		ldr	r2, .L30+12
 395 01d4 9342     		cmp	r3, r2
 396 01d6 0CD1     		bne	.L26
  76:../src/uart.c **** 		RCC->APB1RSTR |= (1 << USART3_RESET_POSITION);
 397              		.loc 2 76 16
 398 01d8 224B     		ldr	r3, .L30+4
 399 01da 1B6C     		ldr	r3, [r3, #64]
 400 01dc 214A     		ldr	r2, .L30+4
 401 01de 23F48023 		bic	r3, r3, #262144
 402 01e2 1364     		str	r3, [r2, #64]
  77:../src/uart.c **** 	}
 403              		.loc 2 77 17
 404 01e4 1F4B     		ldr	r3, .L30+4
 405 01e6 1B6A     		ldr	r3, [r3, #32]
 406 01e8 1E4A     		ldr	r2, .L30+4
 407 01ea 43F48023 		orr	r3, r3, #262144
 408 01ee 1362     		str	r3, [r2, #32]
 409              		.loc 2 98 1
 410 01f0 31E0     		b	.L29
 411              	.L26:
  79:../src/uart.c **** 	{
 412              		.loc 2 79 9
 413 01f2 7B68     		ldr	r3, [r7, #4]
 414 01f4 1E4A     		ldr	r2, .L30+16
 415 01f6 9342     		cmp	r3, r2
 416 01f8 0CD1     		bne	.L27
  81:../src/uart.c **** 		RCC->APB1RSTR |= (1 << UART4_RESET_POSITION);
 417              		.loc 2 81 16
 418 01fa 1A4B     		ldr	r3, .L30+4
 419 01fc 1B6C     		ldr	r3, [r3, #64]
 420 01fe 194A     		ldr	r2, .L30+4
 421 0200 23F40023 		bic	r3, r3, #524288
 422 0204 1364     		str	r3, [r2, #64]
  82:../src/uart.c **** 	}
 423              		.loc 2 82 17
 424 0206 174B     		ldr	r3, .L30+4
 425 0208 1B6A     		ldr	r3, [r3, #32]
 426 020a 164A     		ldr	r2, .L30+4
 427 020c 43F40023 		orr	r3, r3, #524288
 428 0210 1362     		str	r3, [r2, #32]
 429              		.loc 2 98 1
 430 0212 20E0     		b	.L29
 431              	.L27:
  84:../src/uart.c **** 	{
 432              		.loc 2 84 9
 433 0214 7B68     		ldr	r3, [r7, #4]
 434 0216 174A     		ldr	r2, .L30+20
 435 0218 9342     		cmp	r3, r2
 436 021a 0CD1     		bne	.L28
  86:../src/uart.c **** 		RCC->APB1RSTR |= (1 << UART5_RESET_POSITION);
 437              		.loc 2 86 16
 438 021c 114B     		ldr	r3, .L30+4
 439 021e 1B6C     		ldr	r3, [r3, #64]
 440 0220 104A     		ldr	r2, .L30+4
 441 0222 23F48013 		bic	r3, r3, #1048576
 442 0226 1364     		str	r3, [r2, #64]
  87:../src/uart.c **** 	}
 443              		.loc 2 87 17
 444 0228 0E4B     		ldr	r3, .L30+4
 445 022a 1B6A     		ldr	r3, [r3, #32]
 446 022c 0D4A     		ldr	r2, .L30+4
 447 022e 43F48013 		orr	r3, r3, #1048576
 448 0232 1362     		str	r3, [r2, #32]
 449              		.loc 2 98 1
 450 0234 0FE0     		b	.L29
 451              	.L28:
  89:../src/uart.c **** 	{
 452              		.loc 2 89 9
 453 0236 7B68     		ldr	r3, [r7, #4]
 454 0238 0F4A     		ldr	r2, .L30+24
 455 023a 9342     		cmp	r3, r2
 456 023c 0BD1     		bne	.L29
  91:../src/uart.c **** 		RCC->APB2RSTR |= (1 << USART6_RESET_POSITION);
 457              		.loc 2 91 16
 458 023e 094B     		ldr	r3, .L30+4
 459 0240 5B6C     		ldr	r3, [r3, #68]
 460 0242 084A     		ldr	r2, .L30+4
 461 0244 23F02003 		bic	r3, r3, #32
 462 0248 5364     		str	r3, [r2, #68]
  92:../src/uart.c **** 	}
 463              		.loc 2 92 17
 464 024a 064B     		ldr	r3, .L30+4
 465 024c 5B6A     		ldr	r3, [r3, #36]
 466 024e 054A     		ldr	r2, .L30+4
 467 0250 43F02003 		orr	r3, r3, #32
 468 0254 5362     		str	r3, [r2, #36]
 469              	.L29:
 470              		.loc 2 98 1
 471 0256 00BF     		nop
 472 0258 0C37     		adds	r7, r7, #12
 473              		.cfi_def_cfa_offset 4
 474 025a BD46     		mov	sp, r7
 475              		.cfi_def_cfa_register 13
 476              		@ sp needed
 477 025c 80BC     		pop	{r7}
 478              		.cfi_restore 7
 479              		.cfi_def_cfa_offset 0
 480 025e 7047     		bx	lr
 481              	.L31:
 482              		.align	2
 483              	.L30:
 484 0260 00100140 		.word	1073811456
 485 0264 00380240 		.word	1073887232
 486 0268 00440040 		.word	1073759232
 487 026c 00480040 		.word	1073760256
 488 0270 004C0040 		.word	1073761280
 489 0274 00500040 		.word	1073762304
 490 0278 00140140 		.word	1073812480
 491              		.cfi_endproc
 492              	.LFE138:
 494              		.align	1
 495              		.syntax unified
 496              		.thumb
 497              		.thumb_func
 499              	Uart_SetBaudrate:
 500              	.LFB139:
  99:../src/uart.c **** 
 100:../src/uart.c **** static void Uart_SetBaudrate(uint16 baudRate, USART_TypeDef* structUart)
 101:../src/uart.c **** {
 501              		.loc 2 101 1
 502              		.cfi_startproc
 503              		@ args = 0, pretend = 0, frame = 24
 504              		@ frame_needed = 1, uses_anonymous_args = 0
 505 027c 80B5     		push	{r7, lr}
 506              		.cfi_def_cfa_offset 8
 507              		.cfi_offset 7, -8
 508              		.cfi_offset 14, -4
 509 027e 86B0     		sub	sp, sp, #24
 510              		.cfi_def_cfa_offset 32
 511 0280 00AF     		add	r7, sp, #0
 512              		.cfi_def_cfa_register 7
 513 0282 0346     		mov	r3, r0
 514 0284 3960     		str	r1, [r7]
 515 0286 FB80     		strh	r3, [r7, #6]	@ movhi
 102:../src/uart.c **** 	uint32 mantissa;
 103:../src/uart.c **** 	uint8 fraction;
 104:../src/uart.c **** 	uint32 clk;
 105:../src/uart.c **** 	uint8 bus;
 106:../src/uart.c **** 
 107:../src/uart.c **** 	if((structUart == USART1) || (structUart == USART6))
 516              		.loc 2 107 4
 517 0288 3B68     		ldr	r3, [r7]
 518 028a 464A     		ldr	r2, .L39
 519 028c 9342     		cmp	r3, r2
 520 028e 03D0     		beq	.L33
 521              		.loc 2 107 28 discriminator 1
 522 0290 3B68     		ldr	r3, [r7]
 523 0292 454A     		ldr	r2, .L39+4
 524 0294 9342     		cmp	r3, r2
 525 0296 02D1     		bne	.L34
 526              	.L33:
 108:../src/uart.c **** 	{
 109:../src/uart.c **** 		bus = APB2;
 527              		.loc 2 109 7
 528 0298 0223     		movs	r3, #2
 529 029a BB74     		strb	r3, [r7, #18]
 530 029c 11E0     		b	.L35
 531              	.L34:
 110:../src/uart.c **** 	}
 111:../src/uart.c **** 	else if((structUart == USART2) || (structUart == USART3) || (structUart == UART4) || (structUart =
 532              		.loc 2 111 9
 533 029e 3B68     		ldr	r3, [r7]
 534 02a0 424A     		ldr	r2, .L39+8
 535 02a2 9342     		cmp	r3, r2
 536 02a4 0BD0     		beq	.L36
 537              		.loc 2 111 33 discriminator 1
 538 02a6 3B68     		ldr	r3, [r7]
 539 02a8 414A     		ldr	r2, .L39+12
 540 02aa 9342     		cmp	r3, r2
 541 02ac 07D0     		beq	.L36
 542              		.loc 2 111 59 discriminator 2
 543 02ae 3B68     		ldr	r3, [r7]
 544 02b0 404A     		ldr	r2, .L39+16
 545 02b2 9342     		cmp	r3, r2
 546 02b4 03D0     		beq	.L36
 547              		.loc 2 111 84 discriminator 3
 548 02b6 3B68     		ldr	r3, [r7]
 549 02b8 3F4A     		ldr	r2, .L39+20
 550 02ba 9342     		cmp	r3, r2
 551 02bc 01D1     		bne	.L35
 552              	.L36:
 112:../src/uart.c **** 	{
 113:../src/uart.c **** 		bus = APB1;
 553              		.loc 2 113 7
 554 02be 0123     		movs	r3, #1
 555 02c0 BB74     		strb	r3, [r7, #18]
 556              	.L35:
 114:../src/uart.c **** 	}
 115:../src/uart.c **** 
 116:../src/uart.c **** 	//Read Clock
 117:../src/uart.c **** 	RCC_ReadClock(bus, &clk);
 557              		.loc 2 117 2
 558 02c2 07F10C02 		add	r2, r7, #12
 559 02c6 BB7C     		ldrb	r3, [r7, #18]	@ zero_extendqisi2
 560 02c8 1146     		mov	r1, r2
 561 02ca 1846     		mov	r0, r3
 562 02cc FFF7FEFF 		bl	RCC_ReadClock
 118:../src/uart.c **** 
 119:../src/uart.c **** 	//OVER8 = 0
 120:../src/uart.c **** 	if(((structUart->CR1 >> OVER8_BIT_POSITION) & (0x01)) == 0x00)
 563              		.loc 2 120 17
 564 02d0 3B68     		ldr	r3, [r7]
 565 02d2 DB68     		ldr	r3, [r3, #12]
 566              		.loc 2 120 23
 567 02d4 DB0B     		lsrs	r3, r3, #15
 568              		.loc 2 120 46
 569 02d6 03F00103 		and	r3, r3, #1
 570              		.loc 2 120 4
 571 02da 002B     		cmp	r3, #0
 572 02dc 1DD1     		bne	.L37
 121:../src/uart.c **** 	{
 122:../src/uart.c **** 		mantissa = (uint32)(clk / 16u / baudRate /100);
 573              		.loc 2 122 14
 574 02de FB68     		ldr	r3, [r7, #12]
 575 02e0 364A     		ldr	r2, .L39+24
 576 02e2 A2FB0323 		umull	r2, r3, r2, r3
 577 02e6 5A0A     		lsrs	r2, r3, #9
 578 02e8 FB88     		ldrh	r3, [r7, #6]
 579              		.loc 2 122 12
 580 02ea B2FBF3F3 		udiv	r3, r2, r3
 581 02ee 7B61     		str	r3, [r7, #20]
 123:../src/uart.c **** 		fraction = (uint8)((((uint32)(clk / 16) / baudRate % 100) * 16 + 50) / 100);
 582              		.loc 2 123 24
 583 02f0 FB68     		ldr	r3, [r7, #12]
 584              		.loc 2 123 37
 585 02f2 1A09     		lsrs	r2, r3, #4
 586              		.loc 2 123 43
 587 02f4 FB88     		ldrh	r3, [r7, #6]
 588 02f6 B2FBF3F2 		udiv	r2, r2, r3
 589              		.loc 2 123 54
 590 02fa 304B     		ldr	r3, .L39+24
 591 02fc A3FB0213 		umull	r1, r3, r3, r2
 592 0300 5B09     		lsrs	r3, r3, #5
 593 0302 6421     		movs	r1, #100
 594 0304 01FB03F3 		mul	r3, r1, r3
 595 0308 D31A     		subs	r3, r2, r3
 596              		.loc 2 123 61
 597 030a 1B01     		lsls	r3, r3, #4
 598              		.loc 2 123 66
 599 030c 3233     		adds	r3, r3, #50
 600              		.loc 2 123 72
 601 030e 2B4A     		ldr	r2, .L39+24
 602 0310 A2FB0323 		umull	r2, r3, r2, r3
 603 0314 5B09     		lsrs	r3, r3, #5
 604              		.loc 2 123 12
 605 0316 FB74     		strb	r3, [r7, #19]
 606 0318 24E0     		b	.L38
 607              	.L37:
 124:../src/uart.c **** 	}
 125:../src/uart.c **** 	//OVER8 = 1
 126:../src/uart.c **** 	else if(((structUart->CR1 >> OVER8_BIT_POSITION) & (0x01)) == 0x01)
 608              		.loc 2 126 22
 609 031a 3B68     		ldr	r3, [r7]
 610 031c DB68     		ldr	r3, [r3, #12]
 611              		.loc 2 126 28
 612 031e DB0B     		lsrs	r3, r3, #15
 613              		.loc 2 126 51
 614 0320 03F00103 		and	r3, r3, #1
 615              		.loc 2 126 9
 616 0324 012B     		cmp	r3, #1
 617 0326 1DD1     		bne	.L38
 127:../src/uart.c **** 	{
 128:../src/uart.c **** 		mantissa = (uint16)((uint32)(clk / 8) / baudRate / 100);
 618              		.loc 2 128 52
 619 0328 FB68     		ldr	r3, [r7, #12]
 620 032a 244A     		ldr	r2, .L39+24
 621 032c A2FB0323 		umull	r2, r3, r2, r3
 622 0330 1A0A     		lsrs	r2, r3, #8
 623 0332 FB88     		ldrh	r3, [r7, #6]
 624 0334 B2FBF3F3 		udiv	r3, r2, r3
 625              		.loc 2 128 14
 626 0338 9BB2     		uxth	r3, r3
 627              		.loc 2 128 12
 628 033a 7B61     		str	r3, [r7, #20]
 129:../src/uart.c **** 		fraction = (uint8)((((uint32)(clk / 8) / baudRate % 100) * 8 + 50) / 100);
 629              		.loc 2 129 24
 630 033c FB68     		ldr	r3, [r7, #12]
 631              		.loc 2 129 37
 632 033e DA08     		lsrs	r2, r3, #3
 633              		.loc 2 129 42
 634 0340 FB88     		ldrh	r3, [r7, #6]
 635 0342 B2FBF3F2 		udiv	r2, r2, r3
 636              		.loc 2 129 53
 637 0346 1D4B     		ldr	r3, .L39+24
 638 0348 A3FB0213 		umull	r1, r3, r3, r2
 639 034c 5B09     		lsrs	r3, r3, #5
 640 034e 6421     		movs	r1, #100
 641 0350 01FB03F3 		mul	r3, r1, r3
 642 0354 D31A     		subs	r3, r2, r3
 643              		.loc 2 129 60
 644 0356 DB00     		lsls	r3, r3, #3
 645              		.loc 2 129 64
 646 0358 3233     		adds	r3, r3, #50
 647              		.loc 2 129 70
 648 035a 184A     		ldr	r2, .L39+24
 649 035c A2FB0323 		umull	r2, r3, r2, r3
 650 0360 5B09     		lsrs	r3, r3, #5
 651              		.loc 2 129 12
 652 0362 FB74     		strb	r3, [r7, #19]
 653              	.L38:
 130:../src/uart.c **** 	}
 131:../src/uart.c **** 	//Clear Mantissa and Fraction Bits
 132:../src/uart.c **** 	structUart->BRR &= ~(0xF << FRACTION_BIT_POSITION);
 654              		.loc 2 132 18
 655 0364 3B68     		ldr	r3, [r7]
 656 0366 9B68     		ldr	r3, [r3, #8]
 657 0368 23F00F02 		bic	r2, r3, #15
 658 036c 3B68     		ldr	r3, [r7]
 659 036e 9A60     		str	r2, [r3, #8]
 133:../src/uart.c **** 	structUart->BRR &= ~(0xFFF << MANTISSA_BIT_POSITION);
 660              		.loc 2 133 18
 661 0370 3B68     		ldr	r3, [r7]
 662 0372 9B68     		ldr	r3, [r3, #8]
 663 0374 23F47F43 		bic	r3, r3, #65280
 664 0378 23F0F003 		bic	r3, r3, #240
 665 037c 3A68     		ldr	r2, [r7]
 666 037e 9360     		str	r3, [r2, #8]
 134:../src/uart.c **** 
 135:../src/uart.c **** 	//Set Mantissa and Fraction Bits
 136:../src/uart.c **** 	structUart->BRR |= (fraction << FRACTION_BIT_POSITION);
 667              		.loc 2 136 18
 668 0380 3B68     		ldr	r3, [r7]
 669 0382 9A68     		ldr	r2, [r3, #8]
 670              		.loc 2 136 31
 671 0384 FB7C     		ldrb	r3, [r7, #19]	@ zero_extendqisi2
 672              		.loc 2 136 18
 673 0386 1A43     		orrs	r2, r2, r3
 674 0388 3B68     		ldr	r3, [r7]
 675 038a 9A60     		str	r2, [r3, #8]
 137:../src/uart.c **** 	structUart->BRR |= (mantissa << MANTISSA_BIT_POSITION);
 676              		.loc 2 137 18
 677 038c 3B68     		ldr	r3, [r7]
 678 038e 9A68     		ldr	r2, [r3, #8]
 679              		.loc 2 137 31
 680 0390 7B69     		ldr	r3, [r7, #20]
 681 0392 1B01     		lsls	r3, r3, #4
 682              		.loc 2 137 18
 683 0394 1A43     		orrs	r2, r2, r3
 684 0396 3B68     		ldr	r3, [r7]
 685 0398 9A60     		str	r2, [r3, #8]
 138:../src/uart.c **** }
 686              		.loc 2 138 1
 687 039a 00BF     		nop
 688 039c 1837     		adds	r7, r7, #24
 689              		.cfi_def_cfa_offset 8
 690 039e BD46     		mov	sp, r7
 691              		.cfi_def_cfa_register 13
 692              		@ sp needed
 693 03a0 80BD     		pop	{r7, pc}
 694              	.L40:
 695 03a2 00BF     		.align	2
 696              	.L39:
 697 03a4 00100140 		.word	1073811456
 698 03a8 00140140 		.word	1073812480
 699 03ac 00440040 		.word	1073759232
 700 03b0 00480040 		.word	1073760256
 701 03b4 004C0040 		.word	1073761280
 702 03b8 00500040 		.word	1073762304
 703 03bc 1F85EB51 		.word	1374389535
 704              		.cfi_endproc
 705              	.LFE139:
 707              		.section	.rodata
 708              		.align	2
 709              	.LC0:
 710 0000 00       		.byte	0
 711 0001 02       		.byte	2
 712 0002 02       		.byte	2
 713 0003 00       		.byte	0
 714 0004 01       		.byte	1
 715 0005 07       		.byte	7
 716 0006 0000     		.align	2
 717              	.LC1:
 718 0008 01       		.byte	1
 719 0009 02       		.byte	2
 720 000a 00       		.byte	0
 721 000b 00       		.byte	0
 722 000c 01       		.byte	1
 723 000d 07       		.byte	7
 724 000e 0000     		.align	2
 725              	.LC2:
 726 0010 02       		.byte	2
 727 0011 02       		.byte	2
 728 0012 00       		.byte	0
 729 0013 00       		.byte	0
 730 0014 01       		.byte	1
 731 0015 07       		.byte	7
 732 0016 0000     		.align	2
 733              	.LC3:
 734 0018 03       		.byte	3
 735 0019 02       		.byte	2
 736 001a 02       		.byte	2
 737 001b 00       		.byte	0
 738 001c 02       		.byte	2
 739 001d 07       		.byte	7
 740              		.text
 741              		.align	1
 742              		.syntax unified
 743              		.thumb
 744              		.thumb_func
 746              	Uart_Msp_Init:
 747              	.LFB140:
 139:../src/uart.c **** 
 140:../src/uart.c **** static void Uart_Msp_Init(uart_cfg configUart, USART_TypeDef* structUart)
 141:../src/uart.c **** {
 748              		.loc 2 141 1
 749              		.cfi_startproc
 750              		@ args = 0, pretend = 0, frame = 48
 751              		@ frame_needed = 1, uses_anonymous_args = 0
 752 03c0 80B5     		push	{r7, lr}
 753              		.cfi_def_cfa_offset 8
 754              		.cfi_offset 7, -8
 755              		.cfi_offset 14, -4
 756 03c2 8CB0     		sub	sp, sp, #48
 757              		.cfi_def_cfa_offset 56
 758 03c4 00AF     		add	r7, sp, #0
 759              		.cfi_def_cfa_register 7
 760 03c6 07F10803 		add	r3, r7, #8
 761 03ca 83E80300 		stm	r3, {r0, r1}
 762 03ce 7A60     		str	r2, [r7, #4]
 142:../src/uart.c **** 	//GPIO Init
 143:../src/uart.c **** 	gpio_cfg configGpio_PA0 = {PIN_0, GPIO_MODE_ALTERNATE, OUTPUT_TYPE_NA, OUTPUT_SPEED_LOW, PULL_UP, 
 763              		.loc 2 143 11
 764 03d0 214A     		ldr	r2, .L42
 765 03d2 07F12803 		add	r3, r7, #40
 766 03d6 92E80300 		ldm	r2, {r0, r1}
 767 03da 1860     		str	r0, [r3]
 768 03dc 0433     		adds	r3, r3, #4
 769 03de 1980     		strh	r1, [r3]	@ movhi
 144:../src/uart.c **** 								//ACTIVE LOW SO SHOULD BE PULLED UP
 145:../src/uart.c **** 	gpio_cfg configGpio_PA1 = {PIN_1, GPIO_MODE_ALTERNATE, OUTPUT_PUSH_PULL, OUTPUT_SPEED_LOW, PULL_UP
 770              		.loc 2 145 11
 771 03e0 1E4A     		ldr	r2, .L42+4
 772 03e2 07F12003 		add	r3, r7, #32
 773 03e6 92E80300 		ldm	r2, {r0, r1}
 774 03ea 1860     		str	r0, [r3]
 775 03ec 0433     		adds	r3, r3, #4
 776 03ee 1980     		strh	r1, [r3]	@ movhi
 146:../src/uart.c **** 								//ACTIVE LOW SO SHOULD BE PULLED UP
 147:../src/uart.c **** 	gpio_cfg configGpio_PA2 = {PIN_2, GPIO_MODE_ALTERNATE, OUTPUT_PUSH_PULL, OUTPUT_SPEED_LOW, PULL_UP
 777              		.loc 2 147 11
 778 03f0 1B4A     		ldr	r2, .L42+8
 779 03f2 07F11803 		add	r3, r7, #24
 780 03f6 92E80300 		ldm	r2, {r0, r1}
 781 03fa 1860     		str	r0, [r3]
 782 03fc 0433     		adds	r3, r3, #4
 783 03fe 1980     		strh	r1, [r3]	@ movhi
 148:../src/uart.c **** 								//SHOULD BE PULL_UP TO BE HIGH IN IDDLE, PUSH-PULL OR OPEN-DRAIN IS OK WHEN USED WITH PULL-
 149:../src/uart.c **** 	gpio_cfg configGpio_PA3 = {PIN_3, GPIO_MODE_ALTERNATE, OUTPUT_TYPE_NA, OUTPUT_SPEED_LOW, PULL_DOWN
 784              		.loc 2 149 11
 785 0400 184A     		ldr	r2, .L42+12
 786 0402 07F11003 		add	r3, r7, #16
 787 0406 92E80300 		ldm	r2, {r0, r1}
 788 040a 1860     		str	r0, [r3]
 789 040c 0433     		adds	r3, r3, #4
 790 040e 1980     		strh	r1, [r3]	@ movhi
 150:../src/uart.c **** 								//SHOULD BE PULL_UP TO BE HIGH IN IDDLE, PUSH-PULL WILL BE SELECTED AS RESET STATE FOR OUTP
 151:../src/uart.c **** 
 152:../src/uart.c **** 	Gpio_Init(configGpio_PA0, GPIOA);
 791              		.loc 2 152 2
 792 0410 154A     		ldr	r2, .L42+16
 793 0412 07F12803 		add	r3, r7, #40
 794 0416 93E80300 		ldm	r3, {r0, r1}
 795 041a FFF7FEFF 		bl	Gpio_Init
 153:../src/uart.c **** 	Gpio_Init(configGpio_PA1, GPIOA);
 796              		.loc 2 153 2
 797 041e 124A     		ldr	r2, .L42+16
 798 0420 07F12003 		add	r3, r7, #32
 799 0424 93E80300 		ldm	r3, {r0, r1}
 800 0428 FFF7FEFF 		bl	Gpio_Init
 154:../src/uart.c **** 	Gpio_Init(configGpio_PA2, GPIOA);
 801              		.loc 2 154 2
 802 042c 0E4A     		ldr	r2, .L42+16
 803 042e 07F11803 		add	r3, r7, #24
 804 0432 93E80300 		ldm	r3, {r0, r1}
 805 0436 FFF7FEFF 		bl	Gpio_Init
 155:../src/uart.c **** 	Gpio_Init(configGpio_PA3, GPIOA);
 806              		.loc 2 155 2
 807 043a 0B4A     		ldr	r2, .L42+16
 808 043c 07F11003 		add	r3, r7, #16
 809 0440 93E80300 		ldm	r3, {r0, r1}
 810 0444 FFF7FEFF 		bl	Gpio_Init
 156:../src/uart.c **** 
 157:../src/uart.c **** 	//1. Enable Channel Clock
 158:../src/uart.c **** 	Uart_ChannelEnable(structUart);
 811              		.loc 2 158 2
 812 0448 7868     		ldr	r0, [r7, #4]
 813 044a FFF71FFE 		bl	Uart_ChannelEnable
 159:../src/uart.c **** }
 814              		.loc 2 159 1
 815 044e 00BF     		nop
 816 0450 3037     		adds	r7, r7, #48
 817              		.cfi_def_cfa_offset 8
 818 0452 BD46     		mov	sp, r7
 819              		.cfi_def_cfa_register 13
 820              		@ sp needed
 821 0454 80BD     		pop	{r7, pc}
 822              	.L43:
 823 0456 00BF     		.align	2
 824              	.L42:
 825 0458 00000000 		.word	.LC0
 826 045c 08000000 		.word	.LC1
 827 0460 10000000 		.word	.LC2
 828 0464 18000000 		.word	.LC3
 829 0468 00000240 		.word	1073872896
 830              		.cfi_endproc
 831              	.LFE140:
 833              		.align	1
 834              		.global	Uart_Init
 835              		.syntax unified
 836              		.thumb
 837              		.thumb_func
 839              	Uart_Init:
 840              	.LFB141:
 160:../src/uart.c **** 
 161:../src/uart.c **** //Global Function Definitions
 162:../src/uart.c **** 
 163:../src/uart.c **** void Uart_Init(uart_cfg configUart, USART_TypeDef* structUart)
 164:../src/uart.c **** {
 841              		.loc 2 164 1
 842              		.cfi_startproc
 843              		@ args = 0, pretend = 0, frame = 16
 844              		@ frame_needed = 1, uses_anonymous_args = 0
 845 046c 80B5     		push	{r7, lr}
 846              		.cfi_def_cfa_offset 8
 847              		.cfi_offset 7, -8
 848              		.cfi_offset 14, -4
 849 046e 84B0     		sub	sp, sp, #16
 850              		.cfi_def_cfa_offset 24
 851 0470 00AF     		add	r7, sp, #0
 852              		.cfi_def_cfa_register 7
 853 0472 07F10803 		add	r3, r7, #8
 854 0476 83E80300 		stm	r3, {r0, r1}
 855 047a 7A60     		str	r2, [r7, #4]
 165:../src/uart.c **** 	//Uart Msp_Init
 166:../src/uart.c **** 	Uart_Msp_Init(configUart, structUart);
 856              		.loc 2 166 2
 857 047c 7A68     		ldr	r2, [r7, #4]
 858 047e 07F10803 		add	r3, r7, #8
 859 0482 93E80300 		ldm	r3, {r0, r1}
 860 0486 FFF79BFF 		bl	Uart_Msp_Init
 167:../src/uart.c **** 
 168:../src/uart.c **** 	//0. Enable USART
 169:../src/uart.c **** 	structUart->CR1 |= (1 << USART_ENABLE_BIT_POSITION);
 861              		.loc 2 169 18
 862 048a 7B68     		ldr	r3, [r7, #4]
 863 048c DB68     		ldr	r3, [r3, #12]
 864 048e 43F40052 		orr	r2, r3, #8192
 865 0492 7B68     		ldr	r3, [r7, #4]
 866 0494 DA60     		str	r2, [r3, #12]
 170:../src/uart.c **** 
 171:../src/uart.c **** 	//2. Configure StopBit
 172:../src/uart.c **** 	//Clear CR2 Bit#12-13
 173:../src/uart.c **** 	structUart->CR2 &= ~(3 << STOP_BIT_POSITION);
 867              		.loc 2 173 18
 868 0496 7B68     		ldr	r3, [r7, #4]
 869 0498 1B69     		ldr	r3, [r3, #16]
 870 049a 23F44052 		bic	r2, r3, #12288
 871 049e 7B68     		ldr	r3, [r7, #4]
 872 04a0 1A61     		str	r2, [r3, #16]
 174:../src/uart.c **** 	//Set CR2 Bit#12-13 Stop Bit Config
 175:../src/uart.c **** 	structUart->CR2 |= (configUart.stopBit << STOP_BIT_POSITION);
 873              		.loc 2 175 18
 874 04a2 7B68     		ldr	r3, [r7, #4]
 875 04a4 1B69     		ldr	r3, [r3, #16]
 876              		.loc 2 175 32
 877 04a6 3A7A     		ldrb	r2, [r7, #8]	@ zero_extendqisi2
 878              		.loc 2 175 41
 879 04a8 1203     		lsls	r2, r2, #12
 880              		.loc 2 175 18
 881 04aa 1A43     		orrs	r2, r2, r3
 882 04ac 7B68     		ldr	r3, [r7, #4]
 883 04ae 1A61     		str	r2, [r3, #16]
 176:../src/uart.c **** 
 177:../src/uart.c **** 	//3. Configure MBit
 178:../src/uart.c **** 	//Clear CR1 Bit#12
 179:../src/uart.c **** 	structUart->CR1 &= ~(1 << M_BIT_POSITION);
 884              		.loc 2 179 18
 885 04b0 7B68     		ldr	r3, [r7, #4]
 886 04b2 DB68     		ldr	r3, [r3, #12]
 887 04b4 23F48052 		bic	r2, r3, #4096
 888 04b8 7B68     		ldr	r3, [r7, #4]
 889 04ba DA60     		str	r2, [r3, #12]
 180:../src/uart.c **** 	//Set CR1 Bit#12 to MBit Config
 181:../src/uart.c **** 	structUart->CR1 |= (configUart.mBit << M_BIT_POSITION);
 890              		.loc 2 181 18
 891 04bc 7B68     		ldr	r3, [r7, #4]
 892 04be DB68     		ldr	r3, [r3, #12]
 893              		.loc 2 181 32
 894 04c0 7A7A     		ldrb	r2, [r7, #9]	@ zero_extendqisi2
 895              		.loc 2 181 38
 896 04c2 1203     		lsls	r2, r2, #12
 897              		.loc 2 181 18
 898 04c4 1A43     		orrs	r2, r2, r3
 899 04c6 7B68     		ldr	r3, [r7, #4]
 900 04c8 DA60     		str	r2, [r3, #12]
 182:../src/uart.c **** 
 183:../src/uart.c **** 	//4. Configure Parity Bit
 184:../src/uart.c **** 	if(configUart.parityControl == PARITY_NO)
 901              		.loc 2 184 15
 902 04ca BB7A     		ldrb	r3, [r7, #10]	@ zero_extendqisi2
 903              		.loc 2 184 4
 904 04cc 022B     		cmp	r3, #2
 905 04ce 06D1     		bne	.L45
 185:../src/uart.c **** 	{
 186:../src/uart.c **** 		//Set CR1 Bit#10 to 0(Parity Disable)
 187:../src/uart.c **** 		structUart->CR1 &= ~(1 << PARITY_ENABLE_BIT_POSITION);
 906              		.loc 2 187 19
 907 04d0 7B68     		ldr	r3, [r7, #4]
 908 04d2 DB68     		ldr	r3, [r3, #12]
 909 04d4 23F48062 		bic	r2, r3, #1024
 910 04d8 7B68     		ldr	r3, [r7, #4]
 911 04da DA60     		str	r2, [r3, #12]
 912 04dc 18E0     		b	.L46
 913              	.L45:
 188:../src/uart.c **** 	}
 189:../src/uart.c **** 	else if((configUart.parityControl == PARITY_EVEN) || (configUart.parityControl == PARITY_ODD))
 914              		.loc 2 189 21
 915 04de BB7A     		ldrb	r3, [r7, #10]	@ zero_extendqisi2
 916              		.loc 2 189 9
 917 04e0 002B     		cmp	r3, #0
 918 04e2 02D0     		beq	.L47
 919              		.loc 2 189 66 discriminator 1
 920 04e4 BB7A     		ldrb	r3, [r7, #10]	@ zero_extendqisi2
 921              		.loc 2 189 52 discriminator 1
 922 04e6 012B     		cmp	r3, #1
 923 04e8 12D1     		bne	.L46
 924              	.L47:
 190:../src/uart.c **** 	{
 191:../src/uart.c **** 		//Set CR1 Bit#10 to 1(Parity Enable)
 192:../src/uart.c **** 		structUart->CR1 |= (1 << PARITY_ENABLE_BIT_POSITION);
 925              		.loc 2 192 19
 926 04ea 7B68     		ldr	r3, [r7, #4]
 927 04ec DB68     		ldr	r3, [r3, #12]
 928 04ee 43F48062 		orr	r2, r3, #1024
 929 04f2 7B68     		ldr	r3, [r7, #4]
 930 04f4 DA60     		str	r2, [r3, #12]
 193:../src/uart.c **** 		//Clear CR1 Bit#9
 194:../src/uart.c **** 		structUart->CR1 &= ~(1 << PARITY_SELECTION_BIT_POSITION);
 931              		.loc 2 194 19
 932 04f6 7B68     		ldr	r3, [r7, #4]
 933 04f8 DB68     		ldr	r3, [r3, #12]
 934 04fa 23F40072 		bic	r2, r3, #512
 935 04fe 7B68     		ldr	r3, [r7, #4]
 936 0500 DA60     		str	r2, [r3, #12]
 195:../src/uart.c **** 		//Set CR1 Bit#9 to Even or Odd
 196:../src/uart.c **** 		structUart->CR1 |= (configUart.parityControl << PARITY_SELECTION_BIT_POSITION);
 937              		.loc 2 196 19
 938 0502 7B68     		ldr	r3, [r7, #4]
 939 0504 DB68     		ldr	r3, [r3, #12]
 940              		.loc 2 196 33
 941 0506 BA7A     		ldrb	r2, [r7, #10]	@ zero_extendqisi2
 942              		.loc 2 196 48
 943 0508 5202     		lsls	r2, r2, #9
 944              		.loc 2 196 19
 945 050a 1A43     		orrs	r2, r2, r3
 946 050c 7B68     		ldr	r3, [r7, #4]
 947 050e DA60     		str	r2, [r3, #12]
 948              	.L46:
 197:../src/uart.c **** 	}
 198:../src/uart.c **** 	else
 199:../src/uart.c **** 	{
 200:../src/uart.c **** 		//Do Nothing
 201:../src/uart.c **** 	}
 202:../src/uart.c **** 
 203:../src/uart.c **** 
 204:../src/uart.c **** 	//5. Configure Control Flow Feature
 205:../src/uart.c **** 
 206:../src/uart.c **** 	//Clear Bit Positions
 207:../src/uart.c **** 	structUart->CR3 &= ~(3 << RTSE_BIT_POSITION);
 949              		.loc 2 207 18
 950 0510 7B68     		ldr	r3, [r7, #4]
 951 0512 5B69     		ldr	r3, [r3, #20]
 952 0514 23F44072 		bic	r2, r3, #768
 953 0518 7B68     		ldr	r3, [r7, #4]
 954 051a 5A61     		str	r2, [r3, #20]
 208:../src/uart.c **** 	//Set Bit Configuration
 209:../src/uart.c **** 	structUart->CR3 |= (configUart.controlFlow << RTSE_BIT_POSITION);
 955              		.loc 2 209 18
 956 051c 7B68     		ldr	r3, [r7, #4]
 957 051e 5B69     		ldr	r3, [r3, #20]
 958              		.loc 2 209 32
 959 0520 FA7A     		ldrb	r2, [r7, #11]	@ zero_extendqisi2
 960              		.loc 2 209 45
 961 0522 1202     		lsls	r2, r2, #8
 962              		.loc 2 209 18
 963 0524 1A43     		orrs	r2, r2, r3
 964 0526 7B68     		ldr	r3, [r7, #4]
 965 0528 5A61     		str	r2, [r3, #20]
 210:../src/uart.c **** 
 211:../src/uart.c **** 
 212:../src/uart.c **** 	//6. Configure BaudRate
 213:../src/uart.c **** 	//Set Over8 Bit
 214:../src/uart.c **** 	structUart->CR1 &= ~(1 << OVER8_BIT_POSITION);
 966              		.loc 2 214 18
 967 052a 7B68     		ldr	r3, [r7, #4]
 968 052c DB68     		ldr	r3, [r3, #12]
 969 052e 23F40042 		bic	r2, r3, #32768
 970 0532 7B68     		ldr	r3, [r7, #4]
 971 0534 DA60     		str	r2, [r3, #12]
 215:../src/uart.c **** 	structUart->CR1 |= (configUart.over8Bit << OVER8_BIT_POSITION);
 972              		.loc 2 215 18
 973 0536 7B68     		ldr	r3, [r7, #4]
 974 0538 DB68     		ldr	r3, [r3, #12]
 975              		.loc 2 215 32
 976 053a 3A7B     		ldrb	r2, [r7, #12]	@ zero_extendqisi2
 977              		.loc 2 215 42
 978 053c D203     		lsls	r2, r2, #15
 979              		.loc 2 215 18
 980 053e 1A43     		orrs	r2, r2, r3
 981 0540 7B68     		ldr	r3, [r7, #4]
 982 0542 DA60     		str	r2, [r3, #12]
 216:../src/uart.c **** 
 217:../src/uart.c **** 	Uart_SetBaudrate(configUart.baudRate, structUart);
 983              		.loc 2 217 2
 984 0544 FB89     		ldrh	r3, [r7, #14]
 985 0546 7968     		ldr	r1, [r7, #4]
 986 0548 1846     		mov	r0, r3
 987 054a FFF797FE 		bl	Uart_SetBaudrate
 218:../src/uart.c **** 
 219:../src/uart.c **** 	//7. Enable Receive Process to find Start Bit
 220:../src/uart.c **** 	structUart->CR1 |= (1 << RECEIVE_ENABLE_BIT_POSITION);
 988              		.loc 2 220 18
 989 054e 7B68     		ldr	r3, [r7, #4]
 990 0550 DB68     		ldr	r3, [r3, #12]
 991 0552 43F00402 		orr	r2, r3, #4
 992 0556 7B68     		ldr	r3, [r7, #4]
 993 0558 DA60     		str	r2, [r3, #12]
 221:../src/uart.c **** 
 222:../src/uart.c **** 	//8. Enable Transmit
 223:../src/uart.c **** 	structUart->CR1 |= (1 << TRANSMIT_ENABLE_BIT_POSITION);
 994              		.loc 2 223 18
 995 055a 7B68     		ldr	r3, [r7, #4]
 996 055c DB68     		ldr	r3, [r3, #12]
 997 055e 43F00802 		orr	r2, r3, #8
 998 0562 7B68     		ldr	r3, [r7, #4]
 999 0564 DA60     		str	r2, [r3, #12]
 224:../src/uart.c **** 
 225:../src/uart.c **** 	// PA0: USART2_CTS, PA1: USART2_RTS, PA2: USART2_TX, PA3: USART2_RX, PA4: USART2_CK
 226:../src/uart.c **** 	Uart_EnableInterrupt(USART2, RXNE);
 1000              		.loc 2 226 2
 1001 0566 0321     		movs	r1, #3
 1002 0568 0348     		ldr	r0, .L48
 1003 056a FFF7FEFF 		bl	Uart_EnableInterrupt
 227:../src/uart.c **** }
 1004              		.loc 2 227 1
 1005 056e 00BF     		nop
 1006 0570 1037     		adds	r7, r7, #16
 1007              		.cfi_def_cfa_offset 8
 1008 0572 BD46     		mov	sp, r7
 1009              		.cfi_def_cfa_register 13
 1010              		@ sp needed
 1011 0574 80BD     		pop	{r7, pc}
 1012              	.L49:
 1013 0576 00BF     		.align	2
 1014              	.L48:
 1015 0578 00440040 		.word	1073759232
 1016              		.cfi_endproc
 1017              	.LFE141:
 1019              		.align	1
 1020              		.global	Uart_Read
 1021              		.syntax unified
 1022              		.thumb
 1023              		.thumb_func
 1025              	Uart_Read:
 1026              	.LFB142:
 228:../src/uart.c **** 
 229:../src/uart.c **** void Uart_Read(uint8* readData, USART_TypeDef* structUart)
 230:../src/uart.c **** {
 1027              		.loc 2 230 1
 1028              		.cfi_startproc
 1029              		@ args = 0, pretend = 0, frame = 8
 1030              		@ frame_needed = 1, uses_anonymous_args = 0
 1031              		@ link register save eliminated.
 1032 057c 80B4     		push	{r7}
 1033              		.cfi_def_cfa_offset 4
 1034              		.cfi_offset 7, -4
 1035 057e 83B0     		sub	sp, sp, #12
 1036              		.cfi_def_cfa_offset 16
 1037 0580 00AF     		add	r7, sp, #0
 1038              		.cfi_def_cfa_register 7
 1039 0582 7860     		str	r0, [r7, #4]
 1040 0584 3960     		str	r1, [r7]
 231:../src/uart.c **** 	//Read RXNE bit
 232:../src/uart.c **** 	if((uint32)1u == ((structUart->SR >> RXNE_BIT_POSITION) & (uint32)1u))
 1041              		.loc 2 232 31
 1042 0586 3B68     		ldr	r3, [r7]
 1043 0588 1B68     		ldr	r3, [r3]
 1044              		.loc 2 232 36
 1045 058a 5B09     		lsrs	r3, r3, #5
 1046              		.loc 2 232 58
 1047 058c 03F00103 		and	r3, r3, #1
 1048              		.loc 2 232 4
 1049 0590 012B     		cmp	r3, #1
 1050 0592 56D1     		bne	.L55
 233:../src/uart.c **** 	{
 234:../src/uart.c **** 		if(((uint8)(structUart->CR1 >> M_BIT_POSITION) & 0x01) == 0x01)						//9 Bits
 1051              		.loc 2 234 25
 1052 0594 3B68     		ldr	r3, [r7]
 1053 0596 DB68     		ldr	r3, [r3, #12]
 1054              		.loc 2 234 31
 1055 0598 1B0B     		lsrs	r3, r3, #12
 1056              		.loc 2 234 7
 1057 059a DBB2     		uxtb	r3, r3
 1058              		.loc 2 234 50
 1059 059c 03F00103 		and	r3, r3, #1
 1060              		.loc 2 234 5
 1061 05a0 012B     		cmp	r3, #1
 1062 05a2 25D1     		bne	.L52
 235:../src/uart.c **** 		{
 236:../src/uart.c **** 			if(((uint8)(structUart->CR1 >> PARITY_ENABLE_BIT_POSITION) & 0x01) == 0x01)		//Parity Enable
 1063              		.loc 2 236 26
 1064 05a4 3B68     		ldr	r3, [r7]
 1065 05a6 DB68     		ldr	r3, [r3, #12]
 1066              		.loc 2 236 32
 1067 05a8 9B0A     		lsrs	r3, r3, #10
 1068              		.loc 2 236 8
 1069 05aa DBB2     		uxtb	r3, r3
 1070              		.loc 2 236 63
 1071 05ac 03F00103 		and	r3, r3, #1
 1072              		.loc 2 236 6
 1073 05b0 012B     		cmp	r3, #1
 1074 05b2 07D1     		bne	.L53
 237:../src/uart.c **** 			{
 238:../src/uart.c **** 				*readData = (uint8) (structUart->DR) >> 1;
 1075              		.loc 2 238 36
 1076 05b4 3B68     		ldr	r3, [r7]
 1077 05b6 5B68     		ldr	r3, [r3, #4]
 1078              		.loc 2 238 17
 1079 05b8 DBB2     		uxtb	r3, r3
 1080              		.loc 2 238 15
 1081 05ba 5B08     		lsrs	r3, r3, #1
 1082 05bc DAB2     		uxtb	r2, r3
 1083 05be 7B68     		ldr	r3, [r7, #4]
 1084 05c0 1A70     		strb	r2, [r3]
 239:../src/uart.c **** 			}
 240:../src/uart.c **** 			else if(((uint8)(structUart->CR1 >> PARITY_ENABLE_BIT_POSITION) & 0x01) == 0x00)	//Parity Disabl
 241:../src/uart.c **** 			{
 242:../src/uart.c **** 				*readData = (uint8) (structUart->DR);
 243:../src/uart.c **** 				*(readData + 1) = (uint8) (structUart->DR) >> 8;
 244:../src/uart.c **** 			}
 245:../src/uart.c **** 		}
 246:../src/uart.c **** 		else if(((uint8)(structUart->CR1 >> M_BIT_POSITION) & 0x01) == 0x00)					//8 Bits
 247:../src/uart.c **** 		{
 248:../src/uart.c **** 			if(((uint8)(structUart->CR1 >> PARITY_ENABLE_BIT_POSITION) & 0x01) == 0x01)		//Parity Enable
 249:../src/uart.c **** 			{
 250:../src/uart.c **** 				*readData = (uint8) (structUart->DR) & 0xFE;
 251:../src/uart.c **** 			}
 252:../src/uart.c **** 			else if(((uint8)(structUart->CR1 >> PARITY_ENABLE_BIT_POSITION) & 0x01) == 0x00)	//Parity Disabl
 253:../src/uart.c **** 			{
 254:../src/uart.c **** 				*readData = (uint8) (structUart->DR);
 255:../src/uart.c **** 				++readData;
 256:../src/uart.c **** 			}
 257:../src/uart.c **** 		}
 258:../src/uart.c **** 	}
 259:../src/uart.c **** }
 1085              		.loc 2 259 1
 1086 05c2 3EE0     		b	.L55
 1087              	.L53:
 240:../src/uart.c **** 			{
 1088              		.loc 2 240 31
 1089 05c4 3B68     		ldr	r3, [r7]
 1090 05c6 DB68     		ldr	r3, [r3, #12]
 240:../src/uart.c **** 			{
 1091              		.loc 2 240 37
 1092 05c8 9B0A     		lsrs	r3, r3, #10
 240:../src/uart.c **** 			{
 1093              		.loc 2 240 13
 1094 05ca DBB2     		uxtb	r3, r3
 240:../src/uart.c **** 			{
 1095              		.loc 2 240 68
 1096 05cc 03F00103 		and	r3, r3, #1
 240:../src/uart.c **** 			{
 1097              		.loc 2 240 11
 1098 05d0 002B     		cmp	r3, #0
 1099 05d2 36D1     		bne	.L55
 242:../src/uart.c **** 				*(readData + 1) = (uint8) (structUart->DR) >> 8;
 1100              		.loc 2 242 36
 1101 05d4 3B68     		ldr	r3, [r7]
 1102 05d6 5B68     		ldr	r3, [r3, #4]
 242:../src/uart.c **** 				*(readData + 1) = (uint8) (structUart->DR) >> 8;
 1103              		.loc 2 242 17
 1104 05d8 DAB2     		uxtb	r2, r3
 242:../src/uart.c **** 				*(readData + 1) = (uint8) (structUart->DR) >> 8;
 1105              		.loc 2 242 15
 1106 05da 7B68     		ldr	r3, [r7, #4]
 1107 05dc 1A70     		strb	r2, [r3]
 243:../src/uart.c **** 			}
 1108              		.loc 2 243 42
 1109 05de 3B68     		ldr	r3, [r7]
 1110 05e0 5B68     		ldr	r3, [r3, #4]
 243:../src/uart.c **** 			}
 1111              		.loc 2 243 23
 1112 05e2 DBB2     		uxtb	r3, r3
 243:../src/uart.c **** 			}
 1113              		.loc 2 243 48
 1114 05e4 1A12     		asrs	r2, r3, #8
 243:../src/uart.c **** 			}
 1115              		.loc 2 243 16
 1116 05e6 7B68     		ldr	r3, [r7, #4]
 1117 05e8 0133     		adds	r3, r3, #1
 243:../src/uart.c **** 			}
 1118              		.loc 2 243 21
 1119 05ea D2B2     		uxtb	r2, r2
 1120 05ec 1A70     		strb	r2, [r3]
 1121              		.loc 2 259 1
 1122 05ee 28E0     		b	.L55
 1123              	.L52:
 246:../src/uart.c **** 		{
 1124              		.loc 2 246 30
 1125 05f0 3B68     		ldr	r3, [r7]
 1126 05f2 DB68     		ldr	r3, [r3, #12]
 246:../src/uart.c **** 		{
 1127              		.loc 2 246 36
 1128 05f4 1B0B     		lsrs	r3, r3, #12
 246:../src/uart.c **** 		{
 1129              		.loc 2 246 12
 1130 05f6 DBB2     		uxtb	r3, r3
 246:../src/uart.c **** 		{
 1131              		.loc 2 246 55
 1132 05f8 03F00103 		and	r3, r3, #1
 246:../src/uart.c **** 		{
 1133              		.loc 2 246 10
 1134 05fc 002B     		cmp	r3, #0
 1135 05fe 20D1     		bne	.L55
 248:../src/uart.c **** 			{
 1136              		.loc 2 248 26
 1137 0600 3B68     		ldr	r3, [r7]
 1138 0602 DB68     		ldr	r3, [r3, #12]
 248:../src/uart.c **** 			{
 1139              		.loc 2 248 32
 1140 0604 9B0A     		lsrs	r3, r3, #10
 248:../src/uart.c **** 			{
 1141              		.loc 2 248 8
 1142 0606 DBB2     		uxtb	r3, r3
 248:../src/uart.c **** 			{
 1143              		.loc 2 248 63
 1144 0608 03F00103 		and	r3, r3, #1
 248:../src/uart.c **** 			{
 1145              		.loc 2 248 6
 1146 060c 012B     		cmp	r3, #1
 1147 060e 08D1     		bne	.L54
 250:../src/uart.c **** 			}
 1148              		.loc 2 250 36
 1149 0610 3B68     		ldr	r3, [r7]
 1150 0612 5B68     		ldr	r3, [r3, #4]
 250:../src/uart.c **** 			}
 1151              		.loc 2 250 42
 1152 0614 DBB2     		uxtb	r3, r3
 1153 0616 23F00103 		bic	r3, r3, #1
 1154 061a DAB2     		uxtb	r2, r3
 250:../src/uart.c **** 			}
 1155              		.loc 2 250 15
 1156 061c 7B68     		ldr	r3, [r7, #4]
 1157 061e 1A70     		strb	r2, [r3]
 1158              		.loc 2 259 1
 1159 0620 0FE0     		b	.L55
 1160              	.L54:
 252:../src/uart.c **** 			{
 1161              		.loc 2 252 31
 1162 0622 3B68     		ldr	r3, [r7]
 1163 0624 DB68     		ldr	r3, [r3, #12]
 252:../src/uart.c **** 			{
 1164              		.loc 2 252 37
 1165 0626 9B0A     		lsrs	r3, r3, #10
 252:../src/uart.c **** 			{
 1166              		.loc 2 252 13
 1167 0628 DBB2     		uxtb	r3, r3
 252:../src/uart.c **** 			{
 1168              		.loc 2 252 68
 1169 062a 03F00103 		and	r3, r3, #1
 252:../src/uart.c **** 			{
 1170              		.loc 2 252 11
 1171 062e 002B     		cmp	r3, #0
 1172 0630 07D1     		bne	.L55
 254:../src/uart.c **** 				++readData;
 1173              		.loc 2 254 36
 1174 0632 3B68     		ldr	r3, [r7]
 1175 0634 5B68     		ldr	r3, [r3, #4]
 254:../src/uart.c **** 				++readData;
 1176              		.loc 2 254 17
 1177 0636 DAB2     		uxtb	r2, r3
 254:../src/uart.c **** 				++readData;
 1178              		.loc 2 254 15
 1179 0638 7B68     		ldr	r3, [r7, #4]
 1180 063a 1A70     		strb	r2, [r3]
 255:../src/uart.c **** 			}
 1181              		.loc 2 255 5
 1182 063c 7B68     		ldr	r3, [r7, #4]
 1183 063e 0133     		adds	r3, r3, #1
 1184 0640 7B60     		str	r3, [r7, #4]
 1185              	.L55:
 1186              		.loc 2 259 1
 1187 0642 00BF     		nop
 1188 0644 0C37     		adds	r7, r7, #12
 1189              		.cfi_def_cfa_offset 4
 1190 0646 BD46     		mov	sp, r7
 1191              		.cfi_def_cfa_register 13
 1192              		@ sp needed
 1193 0648 80BC     		pop	{r7}
 1194              		.cfi_restore 7
 1195              		.cfi_def_cfa_offset 0
 1196 064a 7047     		bx	lr
 1197              		.cfi_endproc
 1198              	.LFE142:
 1200              		.align	1
 1201              		.global	Uart_Write
 1202              		.syntax unified
 1203              		.thumb
 1204              		.thumb_func
 1206              	Uart_Write:
 1207              	.LFB143:
 260:../src/uart.c **** 
 261:../src/uart.c **** void Uart_Write(uint8* writeDataBuffer, USART_TypeDef* structUart, uint32 size)
 262:../src/uart.c **** {
 1208              		.loc 2 262 1
 1209              		.cfi_startproc
 1210              		@ args = 0, pretend = 0, frame = 24
 1211              		@ frame_needed = 1, uses_anonymous_args = 0
 1212              		@ link register save eliminated.
 1213 064c 80B4     		push	{r7}
 1214              		.cfi_def_cfa_offset 4
 1215              		.cfi_offset 7, -4
 1216 064e 87B0     		sub	sp, sp, #28
 1217              		.cfi_def_cfa_offset 32
 1218 0650 00AF     		add	r7, sp, #0
 1219              		.cfi_def_cfa_register 7
 1220 0652 F860     		str	r0, [r7, #12]
 1221 0654 B960     		str	r1, [r7, #8]
 1222 0656 7A60     		str	r2, [r7, #4]
 263:../src/uart.c **** 	uint8 i = 0;
 1223              		.loc 2 263 8
 1224 0658 0023     		movs	r3, #0
 1225 065a FB75     		strb	r3, [r7, #23]
 264:../src/uart.c **** 	static uint8 j = 0;
 265:../src/uart.c **** 
 266:../src/uart.c **** 	while(i < size)
 1226              		.loc 2 266 7
 1227 065c 6DE0     		b	.L57
 1228              	.L64:
 267:../src/uart.c **** 	{
 268:../src/uart.c **** 		if(((uint8)(structUart->SR >> CTS_BIT_POSITION) & 0x01u) == 0x00u)			//CTS is not toggeled
 1229              		.loc 2 268 25
 1230 065e BB68     		ldr	r3, [r7, #8]
 1231 0660 1B68     		ldr	r3, [r3]
 1232              		.loc 2 268 30
 1233 0662 5B0A     		lsrs	r3, r3, #9
 1234              		.loc 2 268 7
 1235 0664 DBB2     		uxtb	r3, r3
 1236              		.loc 2 268 51
 1237 0666 03F00103 		and	r3, r3, #1
 1238              		.loc 2 268 5
 1239 066a 002B     		cmp	r3, #0
 1240 066c 5CD1     		bne	.L58
 269:../src/uart.c **** 		{
 270:../src/uart.c **** 			if(((uint8)(structUart->SR >> TXE_BIT_POSITION) & 0x01u) == 0x01u)		//if TDR is empty, TXE=1
 1241              		.loc 2 270 26
 1242 066e BB68     		ldr	r3, [r7, #8]
 1243 0670 1B68     		ldr	r3, [r3]
 1244              		.loc 2 270 31
 1245 0672 DB09     		lsrs	r3, r3, #7
 1246              		.loc 2 270 8
 1247 0674 DBB2     		uxtb	r3, r3
 1248              		.loc 2 270 52
 1249 0676 03F00103 		and	r3, r3, #1
 1250              		.loc 2 270 6
 1251 067a 012B     		cmp	r3, #1
 1252 067c 5DD1     		bne	.L57
 271:../src/uart.c **** 			{
 272:../src/uart.c **** 				if(((uint8)(structUart->CR1 >> M_BIT_POSITION) & 0x01) == 0x01)						//9 Bits
 1253              		.loc 2 272 27
 1254 067e BB68     		ldr	r3, [r7, #8]
 1255 0680 DB68     		ldr	r3, [r3, #12]
 1256              		.loc 2 272 33
 1257 0682 1B0B     		lsrs	r3, r3, #12
 1258              		.loc 2 272 9
 1259 0684 DBB2     		uxtb	r3, r3
 1260              		.loc 2 272 52
 1261 0686 03F00103 		and	r3, r3, #1
 1262              		.loc 2 272 7
 1263 068a 012B     		cmp	r3, #1
 1264 068c 1BD1     		bne	.L59
 273:../src/uart.c **** 				{
 274:../src/uart.c **** 					if(((uint8)(structUart->CR1 >> PARITY_ENABLE_BIT_POSITION) & 0x01) == 0x01)		//Parity Enable
 1265              		.loc 2 274 28
 1266 068e BB68     		ldr	r3, [r7, #8]
 1267 0690 DB68     		ldr	r3, [r3, #12]
 1268              		.loc 2 274 34
 1269 0692 9B0A     		lsrs	r3, r3, #10
 1270              		.loc 2 274 10
 1271 0694 DBB2     		uxtb	r3, r3
 1272              		.loc 2 274 65
 1273 0696 03F00103 		and	r3, r3, #1
 1274              		.loc 2 274 8
 1275 069a 012B     		cmp	r3, #1
 1276 069c 05D1     		bne	.L60
 275:../src/uart.c **** 					{
 276:../src/uart.c **** 						(structUart->DR) = *writeDataBuffer;		//8 Bits
 1277              		.loc 2 276 26
 1278 069e FB68     		ldr	r3, [r7, #12]
 1279 06a0 1B78     		ldrb	r3, [r3]	@ zero_extendqisi2
 1280 06a2 1A46     		mov	r2, r3
 1281              		.loc 2 276 24
 1282 06a4 BB68     		ldr	r3, [r7, #8]
 1283 06a6 5A60     		str	r2, [r3, #4]
 1284 06a8 30E0     		b	.L65
 1285              	.L60:
 277:../src/uart.c **** 					}
 278:../src/uart.c **** 					else if(((uint8)(structUart->CR1 >> PARITY_ENABLE_BIT_POSITION) & 0x01) == 0x00)	//Parity Disa
 1286              		.loc 2 278 33
 1287 06aa BB68     		ldr	r3, [r7, #8]
 1288 06ac DB68     		ldr	r3, [r3, #12]
 1289              		.loc 2 278 39
 1290 06ae 9B0A     		lsrs	r3, r3, #10
 1291              		.loc 2 278 15
 1292 06b0 DBB2     		uxtb	r3, r3
 1293              		.loc 2 278 70
 1294 06b2 03F00103 		and	r3, r3, #1
 1295              		.loc 2 278 13
 1296 06b6 002B     		cmp	r3, #0
 1297 06b8 28D1     		bne	.L65
 279:../src/uart.c **** 					{
 280:../src/uart.c **** 						(structUart->DR) = *writeDataBuffer;		//9 Bits
 1298              		.loc 2 280 26
 1299 06ba FB68     		ldr	r3, [r7, #12]
 1300 06bc 1B78     		ldrb	r3, [r3]	@ zero_extendqisi2
 1301 06be 1A46     		mov	r2, r3
 1302              		.loc 2 280 24
 1303 06c0 BB68     		ldr	r3, [r7, #8]
 1304 06c2 5A60     		str	r2, [r3, #4]
 1305 06c4 22E0     		b	.L65
 1306              	.L59:
 281:../src/uart.c **** 					}
 282:../src/uart.c **** 				}
 283:../src/uart.c **** 				else if(((uint8)(structUart->CR1 >> M_BIT_POSITION) & 0x01) == 0x00)					//8 Bits
 1307              		.loc 2 283 32
 1308 06c6 BB68     		ldr	r3, [r7, #8]
 1309 06c8 DB68     		ldr	r3, [r3, #12]
 1310              		.loc 2 283 38
 1311 06ca 1B0B     		lsrs	r3, r3, #12
 1312              		.loc 2 283 14
 1313 06cc DBB2     		uxtb	r3, r3
 1314              		.loc 2 283 57
 1315 06ce 03F00103 		and	r3, r3, #1
 1316              		.loc 2 283 12
 1317 06d2 002B     		cmp	r3, #0
 1318 06d4 1AD1     		bne	.L65
 284:../src/uart.c **** 				{
 285:../src/uart.c **** 					if(((uint8)(structUart->CR1 >> PARITY_ENABLE_BIT_POSITION) & 0x01) == 0x01)		//Parity Enable
 1319              		.loc 2 285 28
 1320 06d6 BB68     		ldr	r3, [r7, #8]
 1321 06d8 DB68     		ldr	r3, [r3, #12]
 1322              		.loc 2 285 34
 1323 06da 9B0A     		lsrs	r3, r3, #10
 1324              		.loc 2 285 10
 1325 06dc DBB2     		uxtb	r3, r3
 1326              		.loc 2 285 65
 1327 06de 03F00103 		and	r3, r3, #1
 1328              		.loc 2 285 8
 1329 06e2 012B     		cmp	r3, #1
 1330 06e4 05D1     		bne	.L62
 286:../src/uart.c **** 					{
 287:../src/uart.c **** 						(structUart->DR) = *writeDataBuffer;		//7 Bits
 1331              		.loc 2 287 26
 1332 06e6 FB68     		ldr	r3, [r7, #12]
 1333 06e8 1B78     		ldrb	r3, [r3]	@ zero_extendqisi2
 1334 06ea 1A46     		mov	r2, r3
 1335              		.loc 2 287 24
 1336 06ec BB68     		ldr	r3, [r7, #8]
 1337 06ee 5A60     		str	r2, [r3, #4]
 1338 06f0 0CE0     		b	.L65
 1339              	.L62:
 288:../src/uart.c **** 					}
 289:../src/uart.c **** 					else if(((uint8)(structUart->CR1 >> PARITY_ENABLE_BIT_POSITION) & 0x01) == 0x00)	//Parity Disa
 1340              		.loc 2 289 33
 1341 06f2 BB68     		ldr	r3, [r7, #8]
 1342 06f4 DB68     		ldr	r3, [r3, #12]
 1343              		.loc 2 289 39
 1344 06f6 9B0A     		lsrs	r3, r3, #10
 1345              		.loc 2 289 15
 1346 06f8 DBB2     		uxtb	r3, r3
 1347              		.loc 2 289 70
 1348 06fa 03F00103 		and	r3, r3, #1
 1349              		.loc 2 289 13
 1350 06fe 002B     		cmp	r3, #0
 1351 0700 04D1     		bne	.L65
 290:../src/uart.c **** 					{
 291:../src/uart.c **** 						(structUart->DR) = *writeDataBuffer;		//8 Bits
 1352              		.loc 2 291 26
 1353 0702 FB68     		ldr	r3, [r7, #12]
 1354 0704 1B78     		ldrb	r3, [r3]	@ zero_extendqisi2
 1355 0706 1A46     		mov	r2, r3
 1356              		.loc 2 291 24
 1357 0708 BB68     		ldr	r3, [r7, #8]
 1358 070a 5A60     		str	r2, [r3, #4]
 1359              	.L65:
 292:../src/uart.c **** 					}
 293:../src/uart.c **** 				}
 294:../src/uart.c **** 
 295:../src/uart.c **** 				while(!(uint8)(structUart->SR >> TC_BIT_POSITION) & 0x01);		//Wait for TC=1, TX completed
 1360              		.loc 2 295 10
 1361 070c 00BF     		nop
 1362              	.L63:
 1363              		.loc 2 295 30 discriminator 1
 1364 070e BB68     		ldr	r3, [r7, #8]
 1365 0710 1B68     		ldr	r3, [r3]
 1366              		.loc 2 295 35 discriminator 1
 1367 0712 9B09     		lsrs	r3, r3, #6
 1368              		.loc 2 295 12 discriminator 1
 1369 0714 DBB2     		uxtb	r3, r3
 1370              		.loc 2 295 10 discriminator 1
 1371 0716 002B     		cmp	r3, #0
 1372 0718 F9D0     		beq	.L63
 296:../src/uart.c **** 
 297:../src/uart.c **** 				++writeDataBuffer;
 1373              		.loc 2 297 5
 1374 071a FB68     		ldr	r3, [r7, #12]
 1375 071c 0133     		adds	r3, r3, #1
 1376 071e FB60     		str	r3, [r7, #12]
 298:../src/uart.c **** 				++i;
 1377              		.loc 2 298 5
 1378 0720 FB7D     		ldrb	r3, [r7, #23]
 1379 0722 0133     		adds	r3, r3, #1
 1380 0724 FB75     		strb	r3, [r7, #23]
 1381 0726 08E0     		b	.L57
 1382              	.L58:
 299:../src/uart.c **** 			}
 300:../src/uart.c **** 		}
 301:../src/uart.c **** 		else
 302:../src/uart.c **** 		{
 303:../src/uart.c **** 			(structUart->DR) = '0';
 1383              		.loc 2 303 21
 1384 0728 BB68     		ldr	r3, [r7, #8]
 1385 072a 3022     		movs	r2, #48
 1386 072c 5A60     		str	r2, [r3, #4]
 304:../src/uart.c **** 			++j;
 1387              		.loc 2 304 4
 1388 072e 084B     		ldr	r3, .L66
 1389 0730 1B78     		ldrb	r3, [r3]	@ zero_extendqisi2
 1390 0732 0133     		adds	r3, r3, #1
 1391 0734 DAB2     		uxtb	r2, r3
 1392 0736 064B     		ldr	r3, .L66
 1393 0738 1A70     		strb	r2, [r3]
 1394              	.L57:
 266:../src/uart.c **** 	{
 1395              		.loc 2 266 10
 1396 073a FB7D     		ldrb	r3, [r7, #23]	@ zero_extendqisi2
 266:../src/uart.c **** 	{
 1397              		.loc 2 266 7
 1398 073c 7A68     		ldr	r2, [r7, #4]
 1399 073e 9A42     		cmp	r2, r3
 1400 0740 8DD8     		bhi	.L64
 305:../src/uart.c **** 		}
 306:../src/uart.c **** 	}
 307:../src/uart.c **** }
 1401              		.loc 2 307 1
 1402 0742 00BF     		nop
 1403 0744 00BF     		nop
 1404 0746 1C37     		adds	r7, r7, #28
 1405              		.cfi_def_cfa_offset 4
 1406 0748 BD46     		mov	sp, r7
 1407              		.cfi_def_cfa_register 13
 1408              		@ sp needed
 1409 074a 80BC     		pop	{r7}
 1410              		.cfi_restore 7
 1411              		.cfi_def_cfa_offset 0
 1412 074c 7047     		bx	lr
 1413              	.L67:
 1414 074e 00BF     		.align	2
 1415              	.L66:
 1416 0750 21000000 		.word	j.2
 1417              		.cfi_endproc
 1418              	.LFE143:
 1420              		.align	1
 1421              		.global	Uart_Write_Inst
 1422              		.syntax unified
 1423              		.thumb
 1424              		.thumb_func
 1426              	Uart_Write_Inst:
 1427              	.LFB144:
 308:../src/uart.c **** 
 309:../src/uart.c **** void Uart_Write_Inst(uint8* writeDataBuffer, USART_TypeDef* structUart, uint32 size)
 310:../src/uart.c **** {
 1428              		.loc 2 310 1
 1429              		.cfi_startproc
 1430              		@ args = 0, pretend = 0, frame = 24
 1431              		@ frame_needed = 1, uses_anonymous_args = 0
 1432              		@ link register save eliminated.
 1433 0754 80B4     		push	{r7}
 1434              		.cfi_def_cfa_offset 4
 1435              		.cfi_offset 7, -4
 1436 0756 87B0     		sub	sp, sp, #28
 1437              		.cfi_def_cfa_offset 32
 1438 0758 00AF     		add	r7, sp, #0
 1439              		.cfi_def_cfa_register 7
 1440 075a F860     		str	r0, [r7, #12]
 1441 075c B960     		str	r1, [r7, #8]
 1442 075e 7A60     		str	r2, [r7, #4]
 311:../src/uart.c **** 	uint8 i = 0, j = 0, k = 0;
 1443              		.loc 2 311 8
 1444 0760 0023     		movs	r3, #0
 1445 0762 FB75     		strb	r3, [r7, #23]
 1446              		.loc 2 311 15
 1447 0764 0023     		movs	r3, #0
 1448 0766 7B75     		strb	r3, [r7, #21]
 1449              		.loc 2 311 22
 1450 0768 0023     		movs	r3, #0
 1451 076a BB75     		strb	r3, [r7, #22]
 312:../src/uart.c **** 
 313:../src/uart.c **** 	while(i < size)
 1452              		.loc 2 313 7
 1453 076c 14E0     		b	.L69
 1454              	.L72:
 314:../src/uart.c **** 	{
 315:../src/uart.c **** 
 316:../src/uart.c **** 		structUart->DR = *writeDataBuffer; //*writeDataBuffer;
 1455              		.loc 2 316 20
 1456 076e FB68     		ldr	r3, [r7, #12]
 1457 0770 1B78     		ldrb	r3, [r3]	@ zero_extendqisi2
 1458 0772 1A46     		mov	r2, r3
 1459              		.loc 2 316 18
 1460 0774 BB68     		ldr	r3, [r7, #8]
 1461 0776 5A60     		str	r2, [r3, #4]
 317:../src/uart.c **** 
 318:../src/uart.c **** 		//while(!(uint8)(structUart->SR >> TXE_BIT_POSITION) & 0x01)
 319:../src/uart.c **** 			//{++j;}		//Wait for TC=1, TX completed
 320:../src/uart.c **** 
 321:../src/uart.c **** 		while(!(uint8)(structUart->SR >> TC_BIT_POSITION) & 0x01)
 1462              		.loc 2 321 8
 1463 0778 02E0     		b	.L70
 1464              	.L71:
 322:../src/uart.c **** 			{++k;}		//Wait for TC=1, TX completed
 1465              		.loc 2 322 5
 1466 077a BB7D     		ldrb	r3, [r7, #22]
 1467 077c 0133     		adds	r3, r3, #1
 1468 077e BB75     		strb	r3, [r7, #22]
 1469              	.L70:
 321:../src/uart.c **** 			{++k;}		//Wait for TC=1, TX completed
 1470              		.loc 2 321 28
 1471 0780 BB68     		ldr	r3, [r7, #8]
 1472 0782 1B68     		ldr	r3, [r3]
 321:../src/uart.c **** 			{++k;}		//Wait for TC=1, TX completed
 1473              		.loc 2 321 33
 1474 0784 9B09     		lsrs	r3, r3, #6
 321:../src/uart.c **** 			{++k;}		//Wait for TC=1, TX completed
 1475              		.loc 2 321 10
 1476 0786 DBB2     		uxtb	r3, r3
 321:../src/uart.c **** 			{++k;}		//Wait for TC=1, TX completed
 1477              		.loc 2 321 8
 1478 0788 002B     		cmp	r3, #0
 1479 078a F6D0     		beq	.L71
 323:../src/uart.c **** 
 324:../src/uart.c **** 		++writeDataBuffer;
 1480              		.loc 2 324 3
 1481 078c FB68     		ldr	r3, [r7, #12]
 1482 078e 0133     		adds	r3, r3, #1
 1483 0790 FB60     		str	r3, [r7, #12]
 325:../src/uart.c **** 		++i;
 1484              		.loc 2 325 3
 1485 0792 FB7D     		ldrb	r3, [r7, #23]
 1486 0794 0133     		adds	r3, r3, #1
 1487 0796 FB75     		strb	r3, [r7, #23]
 1488              	.L69:
 313:../src/uart.c **** 	{
 1489              		.loc 2 313 10
 1490 0798 FB7D     		ldrb	r3, [r7, #23]	@ zero_extendqisi2
 313:../src/uart.c **** 	{
 1491              		.loc 2 313 7
 1492 079a 7A68     		ldr	r2, [r7, #4]
 1493 079c 9A42     		cmp	r2, r3
 1494 079e E6D8     		bhi	.L72
 326:../src/uart.c **** 	}
 327:../src/uart.c **** }
 1495              		.loc 2 327 1
 1496 07a0 00BF     		nop
 1497 07a2 00BF     		nop
 1498 07a4 1C37     		adds	r7, r7, #28
 1499              		.cfi_def_cfa_offset 4
 1500 07a6 BD46     		mov	sp, r7
 1501              		.cfi_def_cfa_register 13
 1502              		@ sp needed
 1503 07a8 80BC     		pop	{r7}
 1504              		.cfi_restore 7
 1505              		.cfi_def_cfa_offset 0
 1506 07aa 7047     		bx	lr
 1507              		.cfi_endproc
 1508              	.LFE144:
 1510              		.align	1
 1511              		.global	Uart_Read_Inst
 1512              		.syntax unified
 1513              		.thumb
 1514              		.thumb_func
 1516              	Uart_Read_Inst:
 1517              	.LFB145:
 328:../src/uart.c **** 
 329:../src/uart.c **** void Uart_Read_Inst(uint8* readDataBuffer, USART_TypeDef* structUart)
 330:../src/uart.c **** {
 1518              		.loc 2 330 1
 1519              		.cfi_startproc
 1520              		@ args = 0, pretend = 0, frame = 8
 1521              		@ frame_needed = 1, uses_anonymous_args = 0
 1522              		@ link register save eliminated.
 1523 07ac 80B4     		push	{r7}
 1524              		.cfi_def_cfa_offset 4
 1525              		.cfi_offset 7, -4
 1526 07ae 83B0     		sub	sp, sp, #12
 1527              		.cfi_def_cfa_offset 16
 1528 07b0 00AF     		add	r7, sp, #0
 1529              		.cfi_def_cfa_register 7
 1530 07b2 7860     		str	r0, [r7, #4]
 1531 07b4 3960     		str	r1, [r7]
 331:../src/uart.c **** 	static uint8 i = 0;
 332:../src/uart.c **** 
 333:../src/uart.c **** 	if(((structUart->SR >> RXNE_BIT_POSITION) & 0x01) == 0x01)
 1532              		.loc 2 333 17
 1533 07b6 3B68     		ldr	r3, [r7]
 1534 07b8 1B68     		ldr	r3, [r3]
 1535              		.loc 2 333 22
 1536 07ba 5B09     		lsrs	r3, r3, #5
 1537              		.loc 2 333 44
 1538 07bc 03F00103 		and	r3, r3, #1
 1539              		.loc 2 333 4
 1540 07c0 012B     		cmp	r3, #1
 1541 07c2 0ED1     		bne	.L75
 334:../src/uart.c **** 	{
 335:../src/uart.c **** 		*(readDataBuffer + i) = structUart->DR;
 1542              		.loc 2 335 37
 1543 07c4 3B68     		ldr	r3, [r7]
 1544 07c6 5A68     		ldr	r2, [r3, #4]
 1545              		.loc 2 335 20
 1546 07c8 084B     		ldr	r3, .L76
 1547 07ca 1B78     		ldrb	r3, [r3]	@ zero_extendqisi2
 1548 07cc 1946     		mov	r1, r3
 1549 07ce 7B68     		ldr	r3, [r7, #4]
 1550 07d0 0B44     		add	r3, r3, r1
 1551              		.loc 2 335 25
 1552 07d2 D2B2     		uxtb	r2, r2
 1553 07d4 1A70     		strb	r2, [r3]
 336:../src/uart.c **** 		++i;
 1554              		.loc 2 336 3
 1555 07d6 054B     		ldr	r3, .L76
 1556 07d8 1B78     		ldrb	r3, [r3]	@ zero_extendqisi2
 1557 07da 0133     		adds	r3, r3, #1
 1558 07dc DAB2     		uxtb	r2, r3
 1559 07de 034B     		ldr	r3, .L76
 1560 07e0 1A70     		strb	r2, [r3]
 1561              	.L75:
 337:../src/uart.c **** 	}
 338:../src/uart.c **** }
 1562              		.loc 2 338 1
 1563 07e2 00BF     		nop
 1564 07e4 0C37     		adds	r7, r7, #12
 1565              		.cfi_def_cfa_offset 4
 1566 07e6 BD46     		mov	sp, r7
 1567              		.cfi_def_cfa_register 13
 1568              		@ sp needed
 1569 07e8 80BC     		pop	{r7}
 1570              		.cfi_restore 7
 1571              		.cfi_def_cfa_offset 0
 1572 07ea 7047     		bx	lr
 1573              	.L77:
 1574              		.align	2
 1575              	.L76:
 1576 07ec 22000000 		.word	i.1
 1577              		.cfi_endproc
 1578              	.LFE145:
 1580              		.align	1
 1581              		.global	Uart_EnableInterrupt
 1582              		.syntax unified
 1583              		.thumb
 1584              		.thumb_func
 1586              	Uart_EnableInterrupt:
 1587              	.LFB146:
 339:../src/uart.c **** 
 340:../src/uart.c **** void Uart_EnableInterrupt(USART_TypeDef* structUart, Uart_interrupt eventFlag)
 341:../src/uart.c **** {
 1588              		.loc 2 341 1
 1589              		.cfi_startproc
 1590              		@ args = 0, pretend = 0, frame = 8
 1591              		@ frame_needed = 1, uses_anonymous_args = 0
 1592 07f0 80B5     		push	{r7, lr}
 1593              		.cfi_def_cfa_offset 8
 1594              		.cfi_offset 7, -8
 1595              		.cfi_offset 14, -4
 1596 07f2 82B0     		sub	sp, sp, #8
 1597              		.cfi_def_cfa_offset 16
 1598 07f4 00AF     		add	r7, sp, #0
 1599              		.cfi_def_cfa_register 7
 1600 07f6 7860     		str	r0, [r7, #4]
 1601 07f8 0B46     		mov	r3, r1
 1602 07fa FB70     		strb	r3, [r7, #3]
 342:../src/uart.c **** 
 343:../src/uart.c **** //Enable Interrupt in NVIC and set Priority
 344:../src/uart.c **** 	if(USART1 == structUart)
 1603              		.loc 2 344 4
 1604 07fc 7B68     		ldr	r3, [r7, #4]
 1605 07fe 484A     		ldr	r2, .L97
 1606 0800 9342     		cmp	r3, r2
 1607 0802 07D1     		bne	.L79
 345:../src/uart.c **** 	{
 346:../src/uart.c **** 		NVIC_SetPriority(USART1_IRQn, 0);
 1608              		.loc 2 346 3
 1609 0804 0021     		movs	r1, #0
 1610 0806 2520     		movs	r0, #37
 1611 0808 FFF716FC 		bl	__NVIC_SetPriority
 347:../src/uart.c **** 		NVIC_EnableIRQ(USART1_IRQn);
 1612              		.loc 2 347 3
 1613 080c 2520     		movs	r0, #37
 1614 080e FFF7F7FB 		bl	__NVIC_EnableIRQ
 1615 0812 2EE0     		b	.L80
 1616              	.L79:
 348:../src/uart.c **** 	}
 349:../src/uart.c **** 	else if(USART2 == structUart)
 1617              		.loc 2 349 9
 1618 0814 7B68     		ldr	r3, [r7, #4]
 1619 0816 434A     		ldr	r2, .L97+4
 1620 0818 9342     		cmp	r3, r2
 1621 081a 07D1     		bne	.L81
 350:../src/uart.c **** 	{
 351:../src/uart.c **** 		NVIC_SetPriority(USART2_IRQn, 0);
 1622              		.loc 2 351 3
 1623 081c 0021     		movs	r1, #0
 1624 081e 2620     		movs	r0, #38
 1625 0820 FFF70AFC 		bl	__NVIC_SetPriority
 352:../src/uart.c **** 		NVIC_EnableIRQ(USART2_IRQn);
 1626              		.loc 2 352 3
 1627 0824 2620     		movs	r0, #38
 1628 0826 FFF7EBFB 		bl	__NVIC_EnableIRQ
 1629 082a 22E0     		b	.L80
 1630              	.L81:
 353:../src/uart.c **** 	}
 354:../src/uart.c **** 	else if(USART3 == structUart)
 1631              		.loc 2 354 9
 1632 082c 7B68     		ldr	r3, [r7, #4]
 1633 082e 3E4A     		ldr	r2, .L97+8
 1634 0830 9342     		cmp	r3, r2
 1635 0832 07D1     		bne	.L82
 355:../src/uart.c **** 	{
 356:../src/uart.c **** 		NVIC_SetPriority(USART3_IRQn, 0);
 1636              		.loc 2 356 3
 1637 0834 0021     		movs	r1, #0
 1638 0836 2720     		movs	r0, #39
 1639 0838 FFF7FEFB 		bl	__NVIC_SetPriority
 357:../src/uart.c **** 		NVIC_EnableIRQ(USART3_IRQn);
 1640              		.loc 2 357 3
 1641 083c 2720     		movs	r0, #39
 1642 083e FFF7DFFB 		bl	__NVIC_EnableIRQ
 1643 0842 16E0     		b	.L80
 1644              	.L82:
 358:../src/uart.c **** 	}
 359:../src/uart.c **** 	else if(UART4 == structUart)
 1645              		.loc 2 359 9
 1646 0844 7B68     		ldr	r3, [r7, #4]
 1647 0846 394A     		ldr	r2, .L97+12
 1648 0848 9342     		cmp	r3, r2
 1649 084a 07D1     		bne	.L83
 360:../src/uart.c **** 	{
 361:../src/uart.c **** 		NVIC_SetPriority(UART4_IRQn, 0);
 1650              		.loc 2 361 3
 1651 084c 0021     		movs	r1, #0
 1652 084e 3420     		movs	r0, #52
 1653 0850 FFF7F2FB 		bl	__NVIC_SetPriority
 362:../src/uart.c **** 		NVIC_EnableIRQ(UART4_IRQn);
 1654              		.loc 2 362 3
 1655 0854 3420     		movs	r0, #52
 1656 0856 FFF7D3FB 		bl	__NVIC_EnableIRQ
 1657 085a 0AE0     		b	.L80
 1658              	.L83:
 363:../src/uart.c **** 	}
 364:../src/uart.c **** 	else if(UART5 == structUart)
 1659              		.loc 2 364 9
 1660 085c 7B68     		ldr	r3, [r7, #4]
 1661 085e 344A     		ldr	r2, .L97+16
 1662 0860 9342     		cmp	r3, r2
 1663 0862 06D1     		bne	.L80
 365:../src/uart.c **** 	{
 366:../src/uart.c **** 		NVIC_SetPriority(UART5_IRQn, 0);
 1664              		.loc 2 366 3
 1665 0864 0021     		movs	r1, #0
 1666 0866 3520     		movs	r0, #53
 1667 0868 FFF7E6FB 		bl	__NVIC_SetPriority
 367:../src/uart.c **** 		NVIC_EnableIRQ(UART5_IRQn);
 1668              		.loc 2 367 3
 1669 086c 3520     		movs	r0, #53
 1670 086e FFF7C7FB 		bl	__NVIC_EnableIRQ
 1671              	.L80:
 368:../src/uart.c **** 	}
 369:../src/uart.c **** 
 370:../src/uart.c **** //Enable Interrupt Trigger
 371:../src/uart.c **** 	switch(eventFlag)
 1672              		.loc 2 371 2
 1673 0872 FB78     		ldrb	r3, [r7, #3]	@ zero_extendqisi2
 1674 0874 082B     		cmp	r3, #8
 1675 0876 4DD8     		bhi	.L96
 1676 0878 01A2     		adr	r2, .L86
 1677 087a 52F823F0 		ldr	pc, [r2, r3, lsl #2]
 1678 087e 00BF     		.p2align 2
 1679              	.L86:
 1680 0880 A5080000 		.word	.L94+1
 1681 0884 B3080000 		.word	.L93+1
 1682 0888 C1080000 		.word	.L92+1
 1683 088c CF080000 		.word	.L91+1
 1684 0890 DD080000 		.word	.L90+1
 1685 0894 EB080000 		.word	.L89+1
 1686 0898 F9080000 		.word	.L88+1
 1687 089c 15090000 		.word	.L96+1
 1688 08a0 07090000 		.word	.L85+1
 1689              		.p2align 1
 1690              	.L94:
 372:../src/uart.c **** 	{
 373:../src/uart.c **** 		case TXE:
 374:../src/uart.c **** 			structUart->CR1 |= (1 << TXEIE_BIT_POSITION);
 1691              		.loc 2 374 20
 1692 08a4 7B68     		ldr	r3, [r7, #4]
 1693 08a6 DB68     		ldr	r3, [r3, #12]
 1694 08a8 43F08002 		orr	r2, r3, #128
 1695 08ac 7B68     		ldr	r3, [r7, #4]
 1696 08ae DA60     		str	r2, [r3, #12]
 375:../src/uart.c **** 			break;
 1697              		.loc 2 375 4
 1698 08b0 31E0     		b	.L95
 1699              	.L93:
 376:../src/uart.c **** 		case CTS:
 377:../src/uart.c **** 			structUart->CR3 |= (1 << CTSIE_BIT_POSITION);
 1700              		.loc 2 377 20
 1701 08b2 7B68     		ldr	r3, [r7, #4]
 1702 08b4 5B69     		ldr	r3, [r3, #20]
 1703 08b6 43F48062 		orr	r2, r3, #1024
 1704 08ba 7B68     		ldr	r3, [r7, #4]
 1705 08bc 5A61     		str	r2, [r3, #20]
 378:../src/uart.c **** 			break;
 1706              		.loc 2 378 4
 1707 08be 2AE0     		b	.L95
 1708              	.L92:
 379:../src/uart.c **** 		case TC:
 380:../src/uart.c **** 			structUart->CR1 |= (1 << TCIE_BIT_POSITION);
 1709              		.loc 2 380 20
 1710 08c0 7B68     		ldr	r3, [r7, #4]
 1711 08c2 DB68     		ldr	r3, [r3, #12]
 1712 08c4 43F04002 		orr	r2, r3, #64
 1713 08c8 7B68     		ldr	r3, [r7, #4]
 1714 08ca DA60     		str	r2, [r3, #12]
 381:../src/uart.c **** 			break;
 1715              		.loc 2 381 4
 1716 08cc 23E0     		b	.L95
 1717              	.L91:
 382:../src/uart.c **** 		case RXNE:
 383:../src/uart.c **** 			structUart->CR1 |= (1 << RXNEIE_BIT_POSITION);
 1718              		.loc 2 383 20
 1719 08ce 7B68     		ldr	r3, [r7, #4]
 1720 08d0 DB68     		ldr	r3, [r3, #12]
 1721 08d2 43F02002 		orr	r2, r3, #32
 1722 08d6 7B68     		ldr	r3, [r7, #4]
 1723 08d8 DA60     		str	r2, [r3, #12]
 384:../src/uart.c **** 			break;
 1724              		.loc 2 384 4
 1725 08da 1CE0     		b	.L95
 1726              	.L90:
 385:../src/uart.c **** 		case ORE:
 386:../src/uart.c **** 			structUart->CR1 |= (1 << RXNEIE_BIT_POSITION);
 1727              		.loc 2 386 20
 1728 08dc 7B68     		ldr	r3, [r7, #4]
 1729 08de DB68     		ldr	r3, [r3, #12]
 1730 08e0 43F02002 		orr	r2, r3, #32
 1731 08e4 7B68     		ldr	r3, [r7, #4]
 1732 08e6 DA60     		str	r2, [r3, #12]
 387:../src/uart.c **** 			break;
 1733              		.loc 2 387 4
 1734 08e8 15E0     		b	.L95
 1735              	.L89:
 388:../src/uart.c **** 		case IDLE:
 389:../src/uart.c **** 			structUart->CR1 |= (1 << IDLEIE_BIT_POSITION);
 1736              		.loc 2 389 20
 1737 08ea 7B68     		ldr	r3, [r7, #4]
 1738 08ec DB68     		ldr	r3, [r3, #12]
 1739 08ee 43F01002 		orr	r2, r3, #16
 1740 08f2 7B68     		ldr	r3, [r7, #4]
 1741 08f4 DA60     		str	r2, [r3, #12]
 390:../src/uart.c **** 			break;
 1742              		.loc 2 390 4
 1743 08f6 0EE0     		b	.L95
 1744              	.L88:
 391:../src/uart.c **** 		case PE:
 392:../src/uart.c **** 			structUart->CR1 |= (1 << PEIE_BIT_POSITION);
 1745              		.loc 2 392 20
 1746 08f8 7B68     		ldr	r3, [r7, #4]
 1747 08fa DB68     		ldr	r3, [r3, #12]
 1748 08fc 43F48072 		orr	r2, r3, #256
 1749 0900 7B68     		ldr	r3, [r7, #4]
 1750 0902 DA60     		str	r2, [r3, #12]
 393:../src/uart.c **** 		case LBD:
 394:../src/uart.c **** 			break;
 1751              		.loc 2 394 4
 1752 0904 07E0     		b	.L95
 1753              	.L85:
 395:../src/uart.c **** 		case NF_ORE_FE:
 396:../src/uart.c **** 			structUart->CR3 |= (1 << EIE_BIT_POSITION);
 1754              		.loc 2 396 20
 1755 0906 7B68     		ldr	r3, [r7, #4]
 1756 0908 5B69     		ldr	r3, [r3, #20]
 1757 090a 43F00102 		orr	r2, r3, #1
 1758 090e 7B68     		ldr	r3, [r7, #4]
 1759 0910 5A61     		str	r2, [r3, #20]
 397:../src/uart.c **** 			break;
 1760              		.loc 2 397 4
 1761 0912 00E0     		b	.L95
 1762              	.L96:
 398:../src/uart.c **** 		default:
 399:../src/uart.c **** 			break;
 1763              		.loc 2 399 4
 1764 0914 00BF     		nop
 1765              	.L95:
 400:../src/uart.c **** 	}
 401:../src/uart.c **** }
 1766              		.loc 2 401 1
 1767 0916 00BF     		nop
 1768 0918 0837     		adds	r7, r7, #8
 1769              		.cfi_def_cfa_offset 8
 1770 091a BD46     		mov	sp, r7
 1771              		.cfi_def_cfa_register 13
 1772              		@ sp needed
 1773 091c 80BD     		pop	{r7, pc}
 1774              	.L98:
 1775 091e 00BF     		.align	2
 1776              	.L97:
 1777 0920 00100140 		.word	1073811456
 1778 0924 00440040 		.word	1073759232
 1779 0928 00480040 		.word	1073760256
 1780 092c 004C0040 		.word	1073761280
 1781 0930 00500040 		.word	1073762304
 1782              		.cfi_endproc
 1783              	.LFE146:
 1785              		.align	1
 1786              		.global	Uart_IRQHandler
 1787              		.syntax unified
 1788              		.thumb
 1789              		.thumb_func
 1791              	Uart_IRQHandler:
 1792              	.LFB147:
 402:../src/uart.c **** 
 403:../src/uart.c **** void Uart_IRQHandler(void)
 404:../src/uart.c **** {
 1793              		.loc 2 404 1
 1794              		.cfi_startproc
 1795              		@ args = 0, pretend = 0, frame = 0
 1796              		@ frame_needed = 1, uses_anonymous_args = 0
 1797 0934 80B5     		push	{r7, lr}
 1798              		.cfi_def_cfa_offset 8
 1799              		.cfi_offset 7, -8
 1800              		.cfi_offset 14, -4
 1801 0936 00AF     		add	r7, sp, #0
 1802              		.cfi_def_cfa_register 7
 405:../src/uart.c **** 	static uint8 index = 0;
 406:../src/uart.c **** 
 407:../src/uart.c **** 	//Check the source of the Interrupt
 408:../src/uart.c **** 
 409:../src/uart.c **** 	if((uint32)USART2->SR & SR_MASK(PE_BIT_POSITION))
 1803              		.loc 2 409 19
 1804 0938 264B     		ldr	r3, .L103
 1805 093a 1B68     		ldr	r3, [r3]
 1806              		.loc 2 409 24
 1807 093c 03F00103 		and	r3, r3, #1
 1808              		.loc 2 409 4
 1809 0940 002B     		cmp	r3, #0
 1810 0942 44D1     		bne	.L102
 410:../src/uart.c **** 	{
 411:../src/uart.c **** 		//Handle PE
 412:../src/uart.c **** 	}
 413:../src/uart.c **** 	else if((uint32)USART2->SR & SR_MASK(FE_BIT_POSITION))
 1811              		.loc 2 413 24
 1812 0944 234B     		ldr	r3, .L103
 1813 0946 1B68     		ldr	r3, [r3]
 1814              		.loc 2 413 29
 1815 0948 03F00203 		and	r3, r3, #2
 1816              		.loc 2 413 9
 1817 094c 002B     		cmp	r3, #0
 1818 094e 3ED1     		bne	.L102
 414:../src/uart.c **** 	{
 415:../src/uart.c **** 		//Handle FE
 416:../src/uart.c **** 	}
 417:../src/uart.c **** 	else if((uint32)USART2->SR & SR_MASK(NF_BIT_POSITION))
 1819              		.loc 2 417 24
 1820 0950 204B     		ldr	r3, .L103
 1821 0952 1B68     		ldr	r3, [r3]
 1822              		.loc 2 417 29
 1823 0954 03F00403 		and	r3, r3, #4
 1824              		.loc 2 417 9
 1825 0958 002B     		cmp	r3, #0
 1826 095a 38D1     		bne	.L102
 418:../src/uart.c **** 	{
 419:../src/uart.c **** 		//Handle NF
 420:../src/uart.c **** 	}
 421:../src/uart.c **** 	else if((uint32)USART2->SR & SR_MASK(ORE_BIT_POSITION))
 1827              		.loc 2 421 24
 1828 095c 1D4B     		ldr	r3, .L103
 1829 095e 1B68     		ldr	r3, [r3]
 1830              		.loc 2 421 29
 1831 0960 03F00803 		and	r3, r3, #8
 1832              		.loc 2 421 9
 1833 0964 002B     		cmp	r3, #0
 1834 0966 32D1     		bne	.L102
 422:../src/uart.c **** 	{
 423:../src/uart.c **** 		//Handle ORE
 424:../src/uart.c **** 	}
 425:../src/uart.c **** 	else if((uint32)USART2->SR & SR_MASK(IDLE_BIT_POSITION))
 1835              		.loc 2 425 24
 1836 0968 1A4B     		ldr	r3, .L103
 1837 096a 1B68     		ldr	r3, [r3]
 1838              		.loc 2 425 29
 1839 096c 03F01003 		and	r3, r3, #16
 1840              		.loc 2 425 9
 1841 0970 002B     		cmp	r3, #0
 1842 0972 2CD1     		bne	.L102
 426:../src/uart.c **** 	{
 427:../src/uart.c **** 		//Handle IDLE
 428:../src/uart.c **** 	}
 429:../src/uart.c **** 	else if((uint32)USART2->SR & SR_MASK(RXNE_BIT_POSITION))
 1843              		.loc 2 429 24
 1844 0974 174B     		ldr	r3, .L103
 1845 0976 1B68     		ldr	r3, [r3]
 1846              		.loc 2 429 29
 1847 0978 03F02003 		and	r3, r3, #32
 1848              		.loc 2 429 9
 1849 097c 002B     		cmp	r3, #0
 1850 097e 12D0     		beq	.L101
 430:../src/uart.c **** 	{
 431:../src/uart.c **** 		//Handle RXNE
 432:../src/uart.c **** 		Uart_Read((uint8*)readData + index , USART2);
 1851              		.loc 2 432 3
 1852 0980 154B     		ldr	r3, .L103+4
 1853 0982 1B78     		ldrb	r3, [r3]	@ zero_extendqisi2
 1854 0984 1A46     		mov	r2, r3
 1855 0986 154B     		ldr	r3, .L103+8
 1856 0988 1344     		add	r3, r3, r2
 1857 098a 1249     		ldr	r1, .L103
 1858 098c 1846     		mov	r0, r3
 1859 098e FFF7FEFF 		bl	Uart_Read
 433:../src/uart.c **** 		index = (index + 1) % sizeof(readData); 	//ringbuffer
 1860              		.loc 2 433 18
 1861 0992 114B     		ldr	r3, .L103+4
 1862 0994 1B78     		ldrb	r3, [r3]	@ zero_extendqisi2
 1863 0996 0133     		adds	r3, r3, #1
 1864 0998 DBB2     		uxtb	r3, r3
 1865              		.loc 2 433 23
 1866 099a 03F01F03 		and	r3, r3, #31
 1867 099e DAB2     		uxtb	r2, r3
 1868              		.loc 2 433 9
 1869 09a0 0D4B     		ldr	r3, .L103+4
 1870 09a2 1A70     		strb	r2, [r3]
 434:../src/uart.c **** 		//DataReceived_flag = FALSE;
 435:../src/uart.c **** 	}
 436:../src/uart.c **** 	else if((uint32)USART2->SR & SR_MASK(TC_BIT_POSITION))
 437:../src/uart.c **** 	{
 438:../src/uart.c **** 		//Handle TC
 439:../src/uart.c **** 	}
 440:../src/uart.c **** 	else if((uint32)USART2->SR & SR_MASK(TXE_BIT_POSITION))
 441:../src/uart.c **** 	{
 442:../src/uart.c **** 		//Handle TXE
 443:../src/uart.c **** 	}
 444:../src/uart.c **** 	else if((uint32)USART2->SR & SR_MASK(LBD_BIT_POSITION))
 445:../src/uart.c **** 	{
 446:../src/uart.c **** 		//Handle LBD
 447:../src/uart.c **** 	}
 448:../src/uart.c **** 	else if((uint32)USART2->SR & SR_MASK(CTS_BIT_POSITION))
 449:../src/uart.c **** 	{
 450:../src/uart.c **** 		//Handle CTS
 451:../src/uart.c **** 	}
 452:../src/uart.c **** 	else
 453:../src/uart.c **** 	{
 454:../src/uart.c **** 		// do nothing
 455:../src/uart.c **** 	}
 456:../src/uart.c **** }
 1871              		.loc 2 456 1
 1872 09a4 13E0     		b	.L102
 1873              	.L101:
 436:../src/uart.c **** 	{
 1874              		.loc 2 436 24
 1875 09a6 0B4B     		ldr	r3, .L103
 1876 09a8 1B68     		ldr	r3, [r3]
 436:../src/uart.c **** 	{
 1877              		.loc 2 436 29
 1878 09aa 03F04003 		and	r3, r3, #64
 436:../src/uart.c **** 	{
 1879              		.loc 2 436 9
 1880 09ae 002B     		cmp	r3, #0
 1881 09b0 0DD1     		bne	.L102
 440:../src/uart.c **** 	{
 1882              		.loc 2 440 24
 1883 09b2 084B     		ldr	r3, .L103
 1884 09b4 1B68     		ldr	r3, [r3]
 440:../src/uart.c **** 	{
 1885              		.loc 2 440 29
 1886 09b6 03F08003 		and	r3, r3, #128
 440:../src/uart.c **** 	{
 1887              		.loc 2 440 9
 1888 09ba 002B     		cmp	r3, #0
 1889 09bc 07D1     		bne	.L102
 444:../src/uart.c **** 	{
 1890              		.loc 2 444 24
 1891 09be 054B     		ldr	r3, .L103
 1892 09c0 1B68     		ldr	r3, [r3]
 444:../src/uart.c **** 	{
 1893              		.loc 2 444 29
 1894 09c2 03F48073 		and	r3, r3, #256
 444:../src/uart.c **** 	{
 1895              		.loc 2 444 9
 1896 09c6 002B     		cmp	r3, #0
 1897 09c8 01D1     		bne	.L102
 448:../src/uart.c **** 	{
 1898              		.loc 2 448 24
 1899 09ca 024B     		ldr	r3, .L103
 1900 09cc 1B68     		ldr	r3, [r3]
 1901              	.L102:
 1902              		.loc 2 456 1
 1903 09ce 00BF     		nop
 1904 09d0 80BD     		pop	{r7, pc}
 1905              	.L104:
 1906 09d2 00BF     		.align	2
 1907              	.L103:
 1908 09d4 00440040 		.word	1073759232
 1909 09d8 23000000 		.word	index.0
 1910 09dc 00000000 		.word	readData
 1911              		.cfi_endproc
 1912              	.LFE147:
 1914              		.bss
 1915              	j.2:
 1916 0021 00       		.space	1
 1918              	i.1:
 1919 0022 00       		.space	1
 1921              	index.0:
 1922 0023 00       		.space	1
 1924              		.text
 1925              	.Letext0:
 1926              		.file 3 "C:\\Users\\bahri\\GitHub\\VirtualKeypad\\Eclipse_USBProject_WS\\Project_USB_CrossCompile\
 1927              		.file 4 "c:\\program files (x86)\\gnu arm embedded toolchain\\10 2021.10\\arm-none-eabi\\include\\
 1928              		.file 5 "c:\\program files (x86)\\gnu arm embedded toolchain\\10 2021.10\\arm-none-eabi\\include\\
 1929              		.file 6 "C:\\Users\\bahri\\GitHub\\VirtualKeypad\\Eclipse_USBProject_WS\\Project_USB_CrossCompile\
 1930              		.file 7 "C:\\Users\\bahri\\GitHub\\VirtualKeypad\\Eclipse_USBProject_WS\\Project_USB_CrossCompile\
 1931              		.file 8 "C:\\Users\\bahri\\GitHub\\VirtualKeypad\\Eclipse_USBProject_WS\\Project_USB_CrossCompile\
 1932              		.file 9 "C:\\Users\\bahri\\GitHub\\VirtualKeypad\\Eclipse_USBProject_WS\\Project_USB_CrossCompile\
DEFINED SYMBOLS
                            *ABS*:00000000 uart.c
C:\Users\bahri\AppData\Local\Temp\cc4ndcl5.s:17     .text:00000000 $t
C:\Users\bahri\AppData\Local\Temp\cc4ndcl5.s:22     .text:00000000 __NVIC_EnableIRQ
C:\Users\bahri\AppData\Local\Temp\cc4ndcl5.s:74     .text:00000034 $d
C:\Users\bahri\AppData\Local\Temp\cc4ndcl5.s:78     .text:00000038 $t
C:\Users\bahri\AppData\Local\Temp\cc4ndcl5.s:83     .text:00000038 __NVIC_SetPriority
C:\Users\bahri\AppData\Local\Temp\cc4ndcl5.s:151    .text:00000084 $d
C:\Users\bahri\AppData\Local\Temp\cc4ndcl5.s:161    .bss:00000000 readData
C:\Users\bahri\AppData\Local\Temp\cc4ndcl5.s:158    .bss:00000000 $d
C:\Users\bahri\AppData\Local\Temp\cc4ndcl5.s:166    .bss:00000020 DataReceived_flag
C:\Users\bahri\AppData\Local\Temp\cc4ndcl5.s:169    .text:0000008c $t
C:\Users\bahri\AppData\Local\Temp\cc4ndcl5.s:174    .text:0000008c Uart_ChannelEnable
C:\Users\bahri\AppData\Local\Temp\cc4ndcl5.s:322    .text:00000168 $d
C:\Users\bahri\AppData\Local\Temp\cc4ndcl5.s:332    .text:00000184 $t
C:\Users\bahri\AppData\Local\Temp\cc4ndcl5.s:337    .text:00000184 Uart_ChannelReset
C:\Users\bahri\AppData\Local\Temp\cc4ndcl5.s:484    .text:00000260 $d
C:\Users\bahri\AppData\Local\Temp\cc4ndcl5.s:494    .text:0000027c $t
C:\Users\bahri\AppData\Local\Temp\cc4ndcl5.s:499    .text:0000027c Uart_SetBaudrate
C:\Users\bahri\AppData\Local\Temp\cc4ndcl5.s:697    .text:000003a4 $d
C:\Users\bahri\AppData\Local\Temp\cc4ndcl5.s:708    .rodata:00000000 $d
C:\Users\bahri\AppData\Local\Temp\cc4ndcl5.s:741    .text:000003c0 $t
C:\Users\bahri\AppData\Local\Temp\cc4ndcl5.s:746    .text:000003c0 Uart_Msp_Init
C:\Users\bahri\AppData\Local\Temp\cc4ndcl5.s:825    .text:00000458 $d
C:\Users\bahri\AppData\Local\Temp\cc4ndcl5.s:833    .text:0000046c $t
C:\Users\bahri\AppData\Local\Temp\cc4ndcl5.s:839    .text:0000046c Uart_Init
C:\Users\bahri\AppData\Local\Temp\cc4ndcl5.s:1586   .text:000007f0 Uart_EnableInterrupt
C:\Users\bahri\AppData\Local\Temp\cc4ndcl5.s:1015   .text:00000578 $d
C:\Users\bahri\AppData\Local\Temp\cc4ndcl5.s:1019   .text:0000057c $t
C:\Users\bahri\AppData\Local\Temp\cc4ndcl5.s:1025   .text:0000057c Uart_Read
C:\Users\bahri\AppData\Local\Temp\cc4ndcl5.s:1206   .text:0000064c Uart_Write
C:\Users\bahri\AppData\Local\Temp\cc4ndcl5.s:1416   .text:00000750 $d
C:\Users\bahri\AppData\Local\Temp\cc4ndcl5.s:1915   .bss:00000021 j.2
C:\Users\bahri\AppData\Local\Temp\cc4ndcl5.s:1420   .text:00000754 $t
C:\Users\bahri\AppData\Local\Temp\cc4ndcl5.s:1426   .text:00000754 Uart_Write_Inst
C:\Users\bahri\AppData\Local\Temp\cc4ndcl5.s:1516   .text:000007ac Uart_Read_Inst
C:\Users\bahri\AppData\Local\Temp\cc4ndcl5.s:1576   .text:000007ec $d
C:\Users\bahri\AppData\Local\Temp\cc4ndcl5.s:1918   .bss:00000022 i.1
C:\Users\bahri\AppData\Local\Temp\cc4ndcl5.s:1580   .text:000007f0 $t
C:\Users\bahri\AppData\Local\Temp\cc4ndcl5.s:1680   .text:00000880 $d
C:\Users\bahri\AppData\Local\Temp\cc4ndcl5.s:1689   .text:000008a4 $t
C:\Users\bahri\AppData\Local\Temp\cc4ndcl5.s:1777   .text:00000920 $d
C:\Users\bahri\AppData\Local\Temp\cc4ndcl5.s:1785   .text:00000934 $t
C:\Users\bahri\AppData\Local\Temp\cc4ndcl5.s:1791   .text:00000934 Uart_IRQHandler
C:\Users\bahri\AppData\Local\Temp\cc4ndcl5.s:1908   .text:000009d4 $d
C:\Users\bahri\AppData\Local\Temp\cc4ndcl5.s:1921   .bss:00000023 index.0
                           .group:00000000 wm4.0.ce81f7773bc3d72bdddc828fc28d3a81
                           .group:00000000 wm4.stm32f407xx.h.34.dfd2ea1697b5c77f46734fce8e0379c1
                           .group:00000000 wm4._newlib_version.h.4.bfdf54b0af045d4a71376ae00f63a22c
                           .group:00000000 wm4.features.h.33.d0b7f3cd6ee95f610104014bb3ed522a
                           .group:00000000 wm4._default_types.h.15.247e5cd201eca3442cbf5404108c4935
                           .group:00000000 wm4._intsup.h.10.48bafbb683905c4daa4565a85aeeb264
                           .group:00000000 wm4._stdint.h.10.c24fa3af3bc1706662bb5593a907e841
                           .group:00000000 wm4.stdint.h.23.d53047a68f4a85177f80b422d52785ed
                           .group:00000000 wm4.cmsis_version.h.32.0ac195c83bb4537824e6ad1c47474b79
                           .group:00000000 wm4.core_cm4.h.66.e9ec14ff72395df130e3e13849031638
                           .group:00000000 wm4.cmsis_gcc.h.26.498d0ad17a45fc9ef20fdc01caf02259
                           .group:00000000 wm4.core_cm4.h.174.62be9b4588d49bed18171771001331df
                           .group:00000000 wm4.mpu_armv7.h.32.83326921a797fa9d6f70449916b4b839
                           .group:00000000 wm4.stm32f407xx.h.906.b83b06aeff1423f0cb818f8b4e776e34
                           .group:00000000 wm4.newlib.h.8.7cb3972cd43265932d4782d5eb589854
                           .group:00000000 wm4.ieeefp.h.77.25247dc27dbe3b23bfe98c2dc18f6ac5
                           .group:00000000 wm4.config.h.224.c701144a7b0518c6ee9b9b5465b79f81
                           .group:00000000 wm4._ansi.h.31.de524f58584151836e90d8620a16f8e8
                           .group:00000000 wm4.stdio.h.31.7c0e28c411445f3f9c5b11accf882760
                           .group:00000000 wm4.stddef.h.181.c3f52a3b0f4c288bddb5dda1562858e2
                           .group:00000000 wm4.cdefs.h.49.39045112216f6a021dbdffe3bf5accce
                           .group:00000000 wm4.stddef.h.39.b727a6c3269d9d6ef9fc646b721a8287
                           .group:00000000 wm4.stdarg.h.34.3a23a216c0c293b3d2ea2e89281481e6
                           .group:00000000 wm4._types.h.20.dd0d04dca3800a0d2a6129b87f3adbb2
                           .group:00000000 wm4.stddef.h.155.3588ebfdd1e8c7ede80509bb9c3b8009
                           .group:00000000 wm4._types.h.127.34941de1b2539d59d5cac00e0dd27a45
                           .group:00000000 wm4.reent.h.17.e292bf8b0bec6c96e131a54347145a30
                           .group:00000000 wm4.lock.h.2.1461d1fff82dffe8bfddc23307f6484f
                           .group:00000000 wm4.reent.h.77.dcd6129ff07fe81bd5636db29abe53b2
                           .group:00000000 wm4.types.h.40.c2dcbbb5c1f4f0e5cb716ebf7776da48
                           .group:00000000 wm4.stdio.h.2.4aa87247282eca6c8f36f9de33d8df1a
                           .group:00000000 wm4.stdio.h.81.2a55589bfa3ee24eeb84e3c79458e4a9
                           .group:00000000 wm4.types.h.12.bce82e9f7fdaaedfc4e7f8871bae11e3
                           .group:00000000 wm4.uart.h.20.084eeaaa3a349f245ba87602851525a8
                           .group:00000000 wm4.SystemInit.h.5.20c4b263e99965427f2e2ddfcfbaedc4
                           .group:00000000 wm4.gpio.h.18.77da79a3ceda5540898855cda93efab2

UNDEFINED SYMBOLS
RCC_ReadClock
Gpio_Init
