   1              		.cpu cortex-m4
   2              		.arch armv7e-m
   3              		.fpu softvfp
   4              		.eabi_attribute 20, 1
   5              		.eabi_attribute 21, 1
   6              		.eabi_attribute 23, 3
   7              		.eabi_attribute 24, 1
   8              		.eabi_attribute 25, 1
   9              		.eabi_attribute 26, 1
  10              		.eabi_attribute 30, 6
  11              		.eabi_attribute 34, 1
  12              		.eabi_attribute 18, 4
  13              		.file	"uart.c"
  14              		.text
  15              	.Ltext0:
  16              		.cfi_sections	.debug_frame
  17              		.align	1
  18              		.syntax unified
  19              		.thumb
  20              		.thumb_func
  22              	__NVIC_EnableIRQ:
  23              	.LFB108:
  24              		.file 1 "C:\\Users\\bahri\\eclipse-workspace\\Project_USB_CrossCompile\\system\\include\\cmsis/cor
   1:C:\Users\bahri\eclipse-workspace\Project_USB_CrossCompile\system\include\cmsis\core_cm4.h **** /**************************************************************************//**
   2:C:\Users\bahri\eclipse-workspace\Project_USB_CrossCompile\system\include\cmsis\core_cm4.h ****  * @file     core_cm4.h
   3:C:\Users\bahri\eclipse-workspace\Project_USB_CrossCompile\system\include\cmsis\core_cm4.h ****  * @brief    CMSIS Cortex-M4 Core Peripheral Access Layer Header File
   4:C:\Users\bahri\eclipse-workspace\Project_USB_CrossCompile\system\include\cmsis\core_cm4.h ****  * @version  V5.1.2
   5:C:\Users\bahri\eclipse-workspace\Project_USB_CrossCompile\system\include\cmsis\core_cm4.h ****  * @date     04. June 2021
   6:C:\Users\bahri\eclipse-workspace\Project_USB_CrossCompile\system\include\cmsis\core_cm4.h ****  ******************************************************************************/
   7:C:\Users\bahri\eclipse-workspace\Project_USB_CrossCompile\system\include\cmsis\core_cm4.h **** /*
   8:C:\Users\bahri\eclipse-workspace\Project_USB_CrossCompile\system\include\cmsis\core_cm4.h ****  * Copyright (c) 2009-2020 Arm Limited. All rights reserved.
   9:C:\Users\bahri\eclipse-workspace\Project_USB_CrossCompile\system\include\cmsis\core_cm4.h ****  *
  10:C:\Users\bahri\eclipse-workspace\Project_USB_CrossCompile\system\include\cmsis\core_cm4.h ****  * SPDX-License-Identifier: Apache-2.0
  11:C:\Users\bahri\eclipse-workspace\Project_USB_CrossCompile\system\include\cmsis\core_cm4.h ****  *
  12:C:\Users\bahri\eclipse-workspace\Project_USB_CrossCompile\system\include\cmsis\core_cm4.h ****  * Licensed under the Apache License, Version 2.0 (the License); you may
  13:C:\Users\bahri\eclipse-workspace\Project_USB_CrossCompile\system\include\cmsis\core_cm4.h ****  * not use this file except in compliance with the License.
  14:C:\Users\bahri\eclipse-workspace\Project_USB_CrossCompile\system\include\cmsis\core_cm4.h ****  * You may obtain a copy of the License at
  15:C:\Users\bahri\eclipse-workspace\Project_USB_CrossCompile\system\include\cmsis\core_cm4.h ****  *
  16:C:\Users\bahri\eclipse-workspace\Project_USB_CrossCompile\system\include\cmsis\core_cm4.h ****  * www.apache.org/licenses/LICENSE-2.0
  17:C:\Users\bahri\eclipse-workspace\Project_USB_CrossCompile\system\include\cmsis\core_cm4.h ****  *
  18:C:\Users\bahri\eclipse-workspace\Project_USB_CrossCompile\system\include\cmsis\core_cm4.h ****  * Unless required by applicable law or agreed to in writing, software
  19:C:\Users\bahri\eclipse-workspace\Project_USB_CrossCompile\system\include\cmsis\core_cm4.h ****  * distributed under the License is distributed on an AS IS BASIS, WITHOUT
  20:C:\Users\bahri\eclipse-workspace\Project_USB_CrossCompile\system\include\cmsis\core_cm4.h ****  * WARRANTIES OR CONDITIONS OF ANY KIND, either express or implied.
  21:C:\Users\bahri\eclipse-workspace\Project_USB_CrossCompile\system\include\cmsis\core_cm4.h ****  * See the License for the specific language governing permissions and
  22:C:\Users\bahri\eclipse-workspace\Project_USB_CrossCompile\system\include\cmsis\core_cm4.h ****  * limitations under the License.
  23:C:\Users\bahri\eclipse-workspace\Project_USB_CrossCompile\system\include\cmsis\core_cm4.h ****  */
  24:C:\Users\bahri\eclipse-workspace\Project_USB_CrossCompile\system\include\cmsis\core_cm4.h **** 
  25:C:\Users\bahri\eclipse-workspace\Project_USB_CrossCompile\system\include\cmsis\core_cm4.h **** #if   defined ( __ICCARM__ )
  26:C:\Users\bahri\eclipse-workspace\Project_USB_CrossCompile\system\include\cmsis\core_cm4.h ****   #pragma system_include         /* treat file as system include file for MISRA check */
  27:C:\Users\bahri\eclipse-workspace\Project_USB_CrossCompile\system\include\cmsis\core_cm4.h **** #elif defined (__clang__)
  28:C:\Users\bahri\eclipse-workspace\Project_USB_CrossCompile\system\include\cmsis\core_cm4.h ****   #pragma clang system_header   /* treat file as system include file */
  29:C:\Users\bahri\eclipse-workspace\Project_USB_CrossCompile\system\include\cmsis\core_cm4.h **** #endif
  30:C:\Users\bahri\eclipse-workspace\Project_USB_CrossCompile\system\include\cmsis\core_cm4.h **** 
  31:C:\Users\bahri\eclipse-workspace\Project_USB_CrossCompile\system\include\cmsis\core_cm4.h **** #ifndef __CORE_CM4_H_GENERIC
  32:C:\Users\bahri\eclipse-workspace\Project_USB_CrossCompile\system\include\cmsis\core_cm4.h **** #define __CORE_CM4_H_GENERIC
  33:C:\Users\bahri\eclipse-workspace\Project_USB_CrossCompile\system\include\cmsis\core_cm4.h **** 
  34:C:\Users\bahri\eclipse-workspace\Project_USB_CrossCompile\system\include\cmsis\core_cm4.h **** #include <stdint.h>
  35:C:\Users\bahri\eclipse-workspace\Project_USB_CrossCompile\system\include\cmsis\core_cm4.h **** 
  36:C:\Users\bahri\eclipse-workspace\Project_USB_CrossCompile\system\include\cmsis\core_cm4.h **** #ifdef __cplusplus
  37:C:\Users\bahri\eclipse-workspace\Project_USB_CrossCompile\system\include\cmsis\core_cm4.h ****  extern "C" {
  38:C:\Users\bahri\eclipse-workspace\Project_USB_CrossCompile\system\include\cmsis\core_cm4.h **** #endif
  39:C:\Users\bahri\eclipse-workspace\Project_USB_CrossCompile\system\include\cmsis\core_cm4.h **** 
  40:C:\Users\bahri\eclipse-workspace\Project_USB_CrossCompile\system\include\cmsis\core_cm4.h **** /**
  41:C:\Users\bahri\eclipse-workspace\Project_USB_CrossCompile\system\include\cmsis\core_cm4.h ****   \page CMSIS_MISRA_Exceptions  MISRA-C:2004 Compliance Exceptions
  42:C:\Users\bahri\eclipse-workspace\Project_USB_CrossCompile\system\include\cmsis\core_cm4.h ****   CMSIS violates the following MISRA-C:2004 rules:
  43:C:\Users\bahri\eclipse-workspace\Project_USB_CrossCompile\system\include\cmsis\core_cm4.h **** 
  44:C:\Users\bahri\eclipse-workspace\Project_USB_CrossCompile\system\include\cmsis\core_cm4.h ****    \li Required Rule 8.5, object/function definition in header file.<br>
  45:C:\Users\bahri\eclipse-workspace\Project_USB_CrossCompile\system\include\cmsis\core_cm4.h ****      Function definitions in header files are used to allow 'inlining'.
  46:C:\Users\bahri\eclipse-workspace\Project_USB_CrossCompile\system\include\cmsis\core_cm4.h **** 
  47:C:\Users\bahri\eclipse-workspace\Project_USB_CrossCompile\system\include\cmsis\core_cm4.h ****    \li Required Rule 18.4, declaration of union type or object of union type: '{...}'.<br>
  48:C:\Users\bahri\eclipse-workspace\Project_USB_CrossCompile\system\include\cmsis\core_cm4.h ****      Unions are used for effective representation of core registers.
  49:C:\Users\bahri\eclipse-workspace\Project_USB_CrossCompile\system\include\cmsis\core_cm4.h **** 
  50:C:\Users\bahri\eclipse-workspace\Project_USB_CrossCompile\system\include\cmsis\core_cm4.h ****    \li Advisory Rule 19.7, Function-like macro defined.<br>
  51:C:\Users\bahri\eclipse-workspace\Project_USB_CrossCompile\system\include\cmsis\core_cm4.h ****      Function-like macros are used to allow more efficient code.
  52:C:\Users\bahri\eclipse-workspace\Project_USB_CrossCompile\system\include\cmsis\core_cm4.h ****  */
  53:C:\Users\bahri\eclipse-workspace\Project_USB_CrossCompile\system\include\cmsis\core_cm4.h **** 
  54:C:\Users\bahri\eclipse-workspace\Project_USB_CrossCompile\system\include\cmsis\core_cm4.h **** 
  55:C:\Users\bahri\eclipse-workspace\Project_USB_CrossCompile\system\include\cmsis\core_cm4.h **** /*******************************************************************************
  56:C:\Users\bahri\eclipse-workspace\Project_USB_CrossCompile\system\include\cmsis\core_cm4.h ****  *                 CMSIS definitions
  57:C:\Users\bahri\eclipse-workspace\Project_USB_CrossCompile\system\include\cmsis\core_cm4.h ****  ******************************************************************************/
  58:C:\Users\bahri\eclipse-workspace\Project_USB_CrossCompile\system\include\cmsis\core_cm4.h **** /**
  59:C:\Users\bahri\eclipse-workspace\Project_USB_CrossCompile\system\include\cmsis\core_cm4.h ****   \ingroup Cortex_M4
  60:C:\Users\bahri\eclipse-workspace\Project_USB_CrossCompile\system\include\cmsis\core_cm4.h ****   @{
  61:C:\Users\bahri\eclipse-workspace\Project_USB_CrossCompile\system\include\cmsis\core_cm4.h ****  */
  62:C:\Users\bahri\eclipse-workspace\Project_USB_CrossCompile\system\include\cmsis\core_cm4.h **** 
  63:C:\Users\bahri\eclipse-workspace\Project_USB_CrossCompile\system\include\cmsis\core_cm4.h **** #include "cmsis_version.h"
  64:C:\Users\bahri\eclipse-workspace\Project_USB_CrossCompile\system\include\cmsis\core_cm4.h **** 
  65:C:\Users\bahri\eclipse-workspace\Project_USB_CrossCompile\system\include\cmsis\core_cm4.h **** /* CMSIS CM4 definitions */
  66:C:\Users\bahri\eclipse-workspace\Project_USB_CrossCompile\system\include\cmsis\core_cm4.h **** #define __CM4_CMSIS_VERSION_MAIN  (__CM_CMSIS_VERSION_MAIN)              /*!< \deprecated [31:16] C
  67:C:\Users\bahri\eclipse-workspace\Project_USB_CrossCompile\system\include\cmsis\core_cm4.h **** #define __CM4_CMSIS_VERSION_SUB   (__CM_CMSIS_VERSION_SUB)               /*!< \deprecated [15:0]  C
  68:C:\Users\bahri\eclipse-workspace\Project_USB_CrossCompile\system\include\cmsis\core_cm4.h **** #define __CM4_CMSIS_VERSION       ((__CM4_CMSIS_VERSION_MAIN << 16U) | \
  69:C:\Users\bahri\eclipse-workspace\Project_USB_CrossCompile\system\include\cmsis\core_cm4.h ****                                     __CM4_CMSIS_VERSION_SUB           )  /*!< \deprecated CMSIS HAL
  70:C:\Users\bahri\eclipse-workspace\Project_USB_CrossCompile\system\include\cmsis\core_cm4.h **** 
  71:C:\Users\bahri\eclipse-workspace\Project_USB_CrossCompile\system\include\cmsis\core_cm4.h **** #define __CORTEX_M                (4U)                                   /*!< Cortex-M Core */
  72:C:\Users\bahri\eclipse-workspace\Project_USB_CrossCompile\system\include\cmsis\core_cm4.h **** 
  73:C:\Users\bahri\eclipse-workspace\Project_USB_CrossCompile\system\include\cmsis\core_cm4.h **** /** __FPU_USED indicates whether an FPU is used or not.
  74:C:\Users\bahri\eclipse-workspace\Project_USB_CrossCompile\system\include\cmsis\core_cm4.h ****     For this, __FPU_PRESENT has to be checked prior to making use of FPU specific registers and fun
  75:C:\Users\bahri\eclipse-workspace\Project_USB_CrossCompile\system\include\cmsis\core_cm4.h **** */
  76:C:\Users\bahri\eclipse-workspace\Project_USB_CrossCompile\system\include\cmsis\core_cm4.h **** #if defined ( __CC_ARM )
  77:C:\Users\bahri\eclipse-workspace\Project_USB_CrossCompile\system\include\cmsis\core_cm4.h ****   #if defined __TARGET_FPU_VFP
  78:C:\Users\bahri\eclipse-workspace\Project_USB_CrossCompile\system\include\cmsis\core_cm4.h ****     #if defined (__FPU_PRESENT) && (__FPU_PRESENT == 1U)
  79:C:\Users\bahri\eclipse-workspace\Project_USB_CrossCompile\system\include\cmsis\core_cm4.h ****       #define __FPU_USED       1U
  80:C:\Users\bahri\eclipse-workspace\Project_USB_CrossCompile\system\include\cmsis\core_cm4.h ****     #else
  81:C:\Users\bahri\eclipse-workspace\Project_USB_CrossCompile\system\include\cmsis\core_cm4.h ****       #error "Compiler generates FPU instructions for a device without an FPU (check __FPU_PRESENT)
  82:C:\Users\bahri\eclipse-workspace\Project_USB_CrossCompile\system\include\cmsis\core_cm4.h ****       #define __FPU_USED       0U
  83:C:\Users\bahri\eclipse-workspace\Project_USB_CrossCompile\system\include\cmsis\core_cm4.h ****     #endif
  84:C:\Users\bahri\eclipse-workspace\Project_USB_CrossCompile\system\include\cmsis\core_cm4.h ****   #else
  85:C:\Users\bahri\eclipse-workspace\Project_USB_CrossCompile\system\include\cmsis\core_cm4.h ****     #define __FPU_USED         0U
  86:C:\Users\bahri\eclipse-workspace\Project_USB_CrossCompile\system\include\cmsis\core_cm4.h ****   #endif
  87:C:\Users\bahri\eclipse-workspace\Project_USB_CrossCompile\system\include\cmsis\core_cm4.h **** 
  88:C:\Users\bahri\eclipse-workspace\Project_USB_CrossCompile\system\include\cmsis\core_cm4.h **** #elif defined (__ARMCC_VERSION) && (__ARMCC_VERSION >= 6010050)
  89:C:\Users\bahri\eclipse-workspace\Project_USB_CrossCompile\system\include\cmsis\core_cm4.h ****   #if defined __ARM_FP
  90:C:\Users\bahri\eclipse-workspace\Project_USB_CrossCompile\system\include\cmsis\core_cm4.h ****     #if defined (__FPU_PRESENT) && (__FPU_PRESENT == 1U)
  91:C:\Users\bahri\eclipse-workspace\Project_USB_CrossCompile\system\include\cmsis\core_cm4.h ****       #define __FPU_USED       1U
  92:C:\Users\bahri\eclipse-workspace\Project_USB_CrossCompile\system\include\cmsis\core_cm4.h ****     #else
  93:C:\Users\bahri\eclipse-workspace\Project_USB_CrossCompile\system\include\cmsis\core_cm4.h ****       #warning "Compiler generates FPU instructions for a device without an FPU (check __FPU_PRESEN
  94:C:\Users\bahri\eclipse-workspace\Project_USB_CrossCompile\system\include\cmsis\core_cm4.h ****       #define __FPU_USED       0U
  95:C:\Users\bahri\eclipse-workspace\Project_USB_CrossCompile\system\include\cmsis\core_cm4.h ****     #endif
  96:C:\Users\bahri\eclipse-workspace\Project_USB_CrossCompile\system\include\cmsis\core_cm4.h ****   #else
  97:C:\Users\bahri\eclipse-workspace\Project_USB_CrossCompile\system\include\cmsis\core_cm4.h ****     #define __FPU_USED         0U
  98:C:\Users\bahri\eclipse-workspace\Project_USB_CrossCompile\system\include\cmsis\core_cm4.h ****   #endif
  99:C:\Users\bahri\eclipse-workspace\Project_USB_CrossCompile\system\include\cmsis\core_cm4.h **** 
 100:C:\Users\bahri\eclipse-workspace\Project_USB_CrossCompile\system\include\cmsis\core_cm4.h **** #elif defined ( __GNUC__ )
 101:C:\Users\bahri\eclipse-workspace\Project_USB_CrossCompile\system\include\cmsis\core_cm4.h ****   #if defined (__VFP_FP__) && !defined(__SOFTFP__)
 102:C:\Users\bahri\eclipse-workspace\Project_USB_CrossCompile\system\include\cmsis\core_cm4.h ****     #if defined (__FPU_PRESENT) && (__FPU_PRESENT == 1U)
 103:C:\Users\bahri\eclipse-workspace\Project_USB_CrossCompile\system\include\cmsis\core_cm4.h ****       #define __FPU_USED       1U
 104:C:\Users\bahri\eclipse-workspace\Project_USB_CrossCompile\system\include\cmsis\core_cm4.h ****     #else
 105:C:\Users\bahri\eclipse-workspace\Project_USB_CrossCompile\system\include\cmsis\core_cm4.h ****       #error "Compiler generates FPU instructions for a device without an FPU (check __FPU_PRESENT)
 106:C:\Users\bahri\eclipse-workspace\Project_USB_CrossCompile\system\include\cmsis\core_cm4.h ****       #define __FPU_USED       0U
 107:C:\Users\bahri\eclipse-workspace\Project_USB_CrossCompile\system\include\cmsis\core_cm4.h ****     #endif
 108:C:\Users\bahri\eclipse-workspace\Project_USB_CrossCompile\system\include\cmsis\core_cm4.h ****   #else
 109:C:\Users\bahri\eclipse-workspace\Project_USB_CrossCompile\system\include\cmsis\core_cm4.h ****     #define __FPU_USED         0U
 110:C:\Users\bahri\eclipse-workspace\Project_USB_CrossCompile\system\include\cmsis\core_cm4.h ****   #endif
 111:C:\Users\bahri\eclipse-workspace\Project_USB_CrossCompile\system\include\cmsis\core_cm4.h **** 
 112:C:\Users\bahri\eclipse-workspace\Project_USB_CrossCompile\system\include\cmsis\core_cm4.h **** #elif defined ( __ICCARM__ )
 113:C:\Users\bahri\eclipse-workspace\Project_USB_CrossCompile\system\include\cmsis\core_cm4.h ****   #if defined __ARMVFP__
 114:C:\Users\bahri\eclipse-workspace\Project_USB_CrossCompile\system\include\cmsis\core_cm4.h ****     #if defined (__FPU_PRESENT) && (__FPU_PRESENT == 1U)
 115:C:\Users\bahri\eclipse-workspace\Project_USB_CrossCompile\system\include\cmsis\core_cm4.h ****       #define __FPU_USED       1U
 116:C:\Users\bahri\eclipse-workspace\Project_USB_CrossCompile\system\include\cmsis\core_cm4.h ****     #else
 117:C:\Users\bahri\eclipse-workspace\Project_USB_CrossCompile\system\include\cmsis\core_cm4.h ****       #error "Compiler generates FPU instructions for a device without an FPU (check __FPU_PRESENT)
 118:C:\Users\bahri\eclipse-workspace\Project_USB_CrossCompile\system\include\cmsis\core_cm4.h ****       #define __FPU_USED       0U
 119:C:\Users\bahri\eclipse-workspace\Project_USB_CrossCompile\system\include\cmsis\core_cm4.h ****     #endif
 120:C:\Users\bahri\eclipse-workspace\Project_USB_CrossCompile\system\include\cmsis\core_cm4.h ****   #else
 121:C:\Users\bahri\eclipse-workspace\Project_USB_CrossCompile\system\include\cmsis\core_cm4.h ****     #define __FPU_USED         0U
 122:C:\Users\bahri\eclipse-workspace\Project_USB_CrossCompile\system\include\cmsis\core_cm4.h ****   #endif
 123:C:\Users\bahri\eclipse-workspace\Project_USB_CrossCompile\system\include\cmsis\core_cm4.h **** 
 124:C:\Users\bahri\eclipse-workspace\Project_USB_CrossCompile\system\include\cmsis\core_cm4.h **** #elif defined ( __TI_ARM__ )
 125:C:\Users\bahri\eclipse-workspace\Project_USB_CrossCompile\system\include\cmsis\core_cm4.h ****   #if defined __TI_VFP_SUPPORT__
 126:C:\Users\bahri\eclipse-workspace\Project_USB_CrossCompile\system\include\cmsis\core_cm4.h ****     #if defined (__FPU_PRESENT) && (__FPU_PRESENT == 1U)
 127:C:\Users\bahri\eclipse-workspace\Project_USB_CrossCompile\system\include\cmsis\core_cm4.h ****       #define __FPU_USED       1U
 128:C:\Users\bahri\eclipse-workspace\Project_USB_CrossCompile\system\include\cmsis\core_cm4.h ****     #else
 129:C:\Users\bahri\eclipse-workspace\Project_USB_CrossCompile\system\include\cmsis\core_cm4.h ****       #error "Compiler generates FPU instructions for a device without an FPU (check __FPU_PRESENT)
 130:C:\Users\bahri\eclipse-workspace\Project_USB_CrossCompile\system\include\cmsis\core_cm4.h ****       #define __FPU_USED       0U
 131:C:\Users\bahri\eclipse-workspace\Project_USB_CrossCompile\system\include\cmsis\core_cm4.h ****     #endif
 132:C:\Users\bahri\eclipse-workspace\Project_USB_CrossCompile\system\include\cmsis\core_cm4.h ****   #else
 133:C:\Users\bahri\eclipse-workspace\Project_USB_CrossCompile\system\include\cmsis\core_cm4.h ****     #define __FPU_USED         0U
 134:C:\Users\bahri\eclipse-workspace\Project_USB_CrossCompile\system\include\cmsis\core_cm4.h ****   #endif
 135:C:\Users\bahri\eclipse-workspace\Project_USB_CrossCompile\system\include\cmsis\core_cm4.h **** 
 136:C:\Users\bahri\eclipse-workspace\Project_USB_CrossCompile\system\include\cmsis\core_cm4.h **** #elif defined ( __TASKING__ )
 137:C:\Users\bahri\eclipse-workspace\Project_USB_CrossCompile\system\include\cmsis\core_cm4.h ****   #if defined __FPU_VFP__
 138:C:\Users\bahri\eclipse-workspace\Project_USB_CrossCompile\system\include\cmsis\core_cm4.h ****     #if defined (__FPU_PRESENT) && (__FPU_PRESENT == 1U)
 139:C:\Users\bahri\eclipse-workspace\Project_USB_CrossCompile\system\include\cmsis\core_cm4.h ****       #define __FPU_USED       1U
 140:C:\Users\bahri\eclipse-workspace\Project_USB_CrossCompile\system\include\cmsis\core_cm4.h ****     #else
 141:C:\Users\bahri\eclipse-workspace\Project_USB_CrossCompile\system\include\cmsis\core_cm4.h ****       #error "Compiler generates FPU instructions for a device without an FPU (check __FPU_PRESENT)
 142:C:\Users\bahri\eclipse-workspace\Project_USB_CrossCompile\system\include\cmsis\core_cm4.h ****       #define __FPU_USED       0U
 143:C:\Users\bahri\eclipse-workspace\Project_USB_CrossCompile\system\include\cmsis\core_cm4.h ****     #endif
 144:C:\Users\bahri\eclipse-workspace\Project_USB_CrossCompile\system\include\cmsis\core_cm4.h ****   #else
 145:C:\Users\bahri\eclipse-workspace\Project_USB_CrossCompile\system\include\cmsis\core_cm4.h ****     #define __FPU_USED         0U
 146:C:\Users\bahri\eclipse-workspace\Project_USB_CrossCompile\system\include\cmsis\core_cm4.h ****   #endif
 147:C:\Users\bahri\eclipse-workspace\Project_USB_CrossCompile\system\include\cmsis\core_cm4.h **** 
 148:C:\Users\bahri\eclipse-workspace\Project_USB_CrossCompile\system\include\cmsis\core_cm4.h **** #elif defined ( __CSMC__ )
 149:C:\Users\bahri\eclipse-workspace\Project_USB_CrossCompile\system\include\cmsis\core_cm4.h ****   #if ( __CSMC__ & 0x400U)
 150:C:\Users\bahri\eclipse-workspace\Project_USB_CrossCompile\system\include\cmsis\core_cm4.h ****     #if defined (__FPU_PRESENT) && (__FPU_PRESENT == 1U)
 151:C:\Users\bahri\eclipse-workspace\Project_USB_CrossCompile\system\include\cmsis\core_cm4.h ****       #define __FPU_USED       1U
 152:C:\Users\bahri\eclipse-workspace\Project_USB_CrossCompile\system\include\cmsis\core_cm4.h ****     #else
 153:C:\Users\bahri\eclipse-workspace\Project_USB_CrossCompile\system\include\cmsis\core_cm4.h ****       #error "Compiler generates FPU instructions for a device without an FPU (check __FPU_PRESENT)
 154:C:\Users\bahri\eclipse-workspace\Project_USB_CrossCompile\system\include\cmsis\core_cm4.h ****       #define __FPU_USED       0U
 155:C:\Users\bahri\eclipse-workspace\Project_USB_CrossCompile\system\include\cmsis\core_cm4.h ****     #endif
 156:C:\Users\bahri\eclipse-workspace\Project_USB_CrossCompile\system\include\cmsis\core_cm4.h ****   #else
 157:C:\Users\bahri\eclipse-workspace\Project_USB_CrossCompile\system\include\cmsis\core_cm4.h ****     #define __FPU_USED         0U
 158:C:\Users\bahri\eclipse-workspace\Project_USB_CrossCompile\system\include\cmsis\core_cm4.h ****   #endif
 159:C:\Users\bahri\eclipse-workspace\Project_USB_CrossCompile\system\include\cmsis\core_cm4.h **** 
 160:C:\Users\bahri\eclipse-workspace\Project_USB_CrossCompile\system\include\cmsis\core_cm4.h **** #endif
 161:C:\Users\bahri\eclipse-workspace\Project_USB_CrossCompile\system\include\cmsis\core_cm4.h **** 
 162:C:\Users\bahri\eclipse-workspace\Project_USB_CrossCompile\system\include\cmsis\core_cm4.h **** #include "cmsis_compiler.h"               /* CMSIS compiler specific defines */
 163:C:\Users\bahri\eclipse-workspace\Project_USB_CrossCompile\system\include\cmsis\core_cm4.h **** 
 164:C:\Users\bahri\eclipse-workspace\Project_USB_CrossCompile\system\include\cmsis\core_cm4.h **** 
 165:C:\Users\bahri\eclipse-workspace\Project_USB_CrossCompile\system\include\cmsis\core_cm4.h **** #ifdef __cplusplus
 166:C:\Users\bahri\eclipse-workspace\Project_USB_CrossCompile\system\include\cmsis\core_cm4.h **** }
 167:C:\Users\bahri\eclipse-workspace\Project_USB_CrossCompile\system\include\cmsis\core_cm4.h **** #endif
 168:C:\Users\bahri\eclipse-workspace\Project_USB_CrossCompile\system\include\cmsis\core_cm4.h **** 
 169:C:\Users\bahri\eclipse-workspace\Project_USB_CrossCompile\system\include\cmsis\core_cm4.h **** #endif /* __CORE_CM4_H_GENERIC */
 170:C:\Users\bahri\eclipse-workspace\Project_USB_CrossCompile\system\include\cmsis\core_cm4.h **** 
 171:C:\Users\bahri\eclipse-workspace\Project_USB_CrossCompile\system\include\cmsis\core_cm4.h **** #ifndef __CMSIS_GENERIC
 172:C:\Users\bahri\eclipse-workspace\Project_USB_CrossCompile\system\include\cmsis\core_cm4.h **** 
 173:C:\Users\bahri\eclipse-workspace\Project_USB_CrossCompile\system\include\cmsis\core_cm4.h **** #ifndef __CORE_CM4_H_DEPENDANT
 174:C:\Users\bahri\eclipse-workspace\Project_USB_CrossCompile\system\include\cmsis\core_cm4.h **** #define __CORE_CM4_H_DEPENDANT
 175:C:\Users\bahri\eclipse-workspace\Project_USB_CrossCompile\system\include\cmsis\core_cm4.h **** 
 176:C:\Users\bahri\eclipse-workspace\Project_USB_CrossCompile\system\include\cmsis\core_cm4.h **** #ifdef __cplusplus
 177:C:\Users\bahri\eclipse-workspace\Project_USB_CrossCompile\system\include\cmsis\core_cm4.h ****  extern "C" {
 178:C:\Users\bahri\eclipse-workspace\Project_USB_CrossCompile\system\include\cmsis\core_cm4.h **** #endif
 179:C:\Users\bahri\eclipse-workspace\Project_USB_CrossCompile\system\include\cmsis\core_cm4.h **** 
 180:C:\Users\bahri\eclipse-workspace\Project_USB_CrossCompile\system\include\cmsis\core_cm4.h **** /* check device defines and use defaults */
 181:C:\Users\bahri\eclipse-workspace\Project_USB_CrossCompile\system\include\cmsis\core_cm4.h **** #if defined __CHECK_DEVICE_DEFINES
 182:C:\Users\bahri\eclipse-workspace\Project_USB_CrossCompile\system\include\cmsis\core_cm4.h ****   #ifndef __CM4_REV
 183:C:\Users\bahri\eclipse-workspace\Project_USB_CrossCompile\system\include\cmsis\core_cm4.h ****     #define __CM4_REV               0x0000U
 184:C:\Users\bahri\eclipse-workspace\Project_USB_CrossCompile\system\include\cmsis\core_cm4.h ****     #warning "__CM4_REV not defined in device header file; using default!"
 185:C:\Users\bahri\eclipse-workspace\Project_USB_CrossCompile\system\include\cmsis\core_cm4.h ****   #endif
 186:C:\Users\bahri\eclipse-workspace\Project_USB_CrossCompile\system\include\cmsis\core_cm4.h **** 
 187:C:\Users\bahri\eclipse-workspace\Project_USB_CrossCompile\system\include\cmsis\core_cm4.h ****   #ifndef __FPU_PRESENT
 188:C:\Users\bahri\eclipse-workspace\Project_USB_CrossCompile\system\include\cmsis\core_cm4.h ****     #define __FPU_PRESENT             0U
 189:C:\Users\bahri\eclipse-workspace\Project_USB_CrossCompile\system\include\cmsis\core_cm4.h ****     #warning "__FPU_PRESENT not defined in device header file; using default!"
 190:C:\Users\bahri\eclipse-workspace\Project_USB_CrossCompile\system\include\cmsis\core_cm4.h ****   #endif
 191:C:\Users\bahri\eclipse-workspace\Project_USB_CrossCompile\system\include\cmsis\core_cm4.h **** 
 192:C:\Users\bahri\eclipse-workspace\Project_USB_CrossCompile\system\include\cmsis\core_cm4.h ****   #ifndef __MPU_PRESENT
 193:C:\Users\bahri\eclipse-workspace\Project_USB_CrossCompile\system\include\cmsis\core_cm4.h ****     #define __MPU_PRESENT             0U
 194:C:\Users\bahri\eclipse-workspace\Project_USB_CrossCompile\system\include\cmsis\core_cm4.h ****     #warning "__MPU_PRESENT not defined in device header file; using default!"
 195:C:\Users\bahri\eclipse-workspace\Project_USB_CrossCompile\system\include\cmsis\core_cm4.h ****   #endif
 196:C:\Users\bahri\eclipse-workspace\Project_USB_CrossCompile\system\include\cmsis\core_cm4.h **** 
 197:C:\Users\bahri\eclipse-workspace\Project_USB_CrossCompile\system\include\cmsis\core_cm4.h ****   #ifndef __VTOR_PRESENT
 198:C:\Users\bahri\eclipse-workspace\Project_USB_CrossCompile\system\include\cmsis\core_cm4.h ****     #define __VTOR_PRESENT             1U
 199:C:\Users\bahri\eclipse-workspace\Project_USB_CrossCompile\system\include\cmsis\core_cm4.h ****     #warning "__VTOR_PRESENT not defined in device header file; using default!"
 200:C:\Users\bahri\eclipse-workspace\Project_USB_CrossCompile\system\include\cmsis\core_cm4.h ****   #endif
 201:C:\Users\bahri\eclipse-workspace\Project_USB_CrossCompile\system\include\cmsis\core_cm4.h **** 
 202:C:\Users\bahri\eclipse-workspace\Project_USB_CrossCompile\system\include\cmsis\core_cm4.h ****   #ifndef __NVIC_PRIO_BITS
 203:C:\Users\bahri\eclipse-workspace\Project_USB_CrossCompile\system\include\cmsis\core_cm4.h ****     #define __NVIC_PRIO_BITS          3U
 204:C:\Users\bahri\eclipse-workspace\Project_USB_CrossCompile\system\include\cmsis\core_cm4.h ****     #warning "__NVIC_PRIO_BITS not defined in device header file; using default!"
 205:C:\Users\bahri\eclipse-workspace\Project_USB_CrossCompile\system\include\cmsis\core_cm4.h ****   #endif
 206:C:\Users\bahri\eclipse-workspace\Project_USB_CrossCompile\system\include\cmsis\core_cm4.h **** 
 207:C:\Users\bahri\eclipse-workspace\Project_USB_CrossCompile\system\include\cmsis\core_cm4.h ****   #ifndef __Vendor_SysTickConfig
 208:C:\Users\bahri\eclipse-workspace\Project_USB_CrossCompile\system\include\cmsis\core_cm4.h ****     #define __Vendor_SysTickConfig    0U
 209:C:\Users\bahri\eclipse-workspace\Project_USB_CrossCompile\system\include\cmsis\core_cm4.h ****     #warning "__Vendor_SysTickConfig not defined in device header file; using default!"
 210:C:\Users\bahri\eclipse-workspace\Project_USB_CrossCompile\system\include\cmsis\core_cm4.h ****   #endif
 211:C:\Users\bahri\eclipse-workspace\Project_USB_CrossCompile\system\include\cmsis\core_cm4.h **** #endif
 212:C:\Users\bahri\eclipse-workspace\Project_USB_CrossCompile\system\include\cmsis\core_cm4.h **** 
 213:C:\Users\bahri\eclipse-workspace\Project_USB_CrossCompile\system\include\cmsis\core_cm4.h **** /* IO definitions (access restrictions to peripheral registers) */
 214:C:\Users\bahri\eclipse-workspace\Project_USB_CrossCompile\system\include\cmsis\core_cm4.h **** /**
 215:C:\Users\bahri\eclipse-workspace\Project_USB_CrossCompile\system\include\cmsis\core_cm4.h ****     \defgroup CMSIS_glob_defs CMSIS Global Defines
 216:C:\Users\bahri\eclipse-workspace\Project_USB_CrossCompile\system\include\cmsis\core_cm4.h **** 
 217:C:\Users\bahri\eclipse-workspace\Project_USB_CrossCompile\system\include\cmsis\core_cm4.h ****     <strong>IO Type Qualifiers</strong> are used
 218:C:\Users\bahri\eclipse-workspace\Project_USB_CrossCompile\system\include\cmsis\core_cm4.h ****     \li to specify the access to peripheral variables.
 219:C:\Users\bahri\eclipse-workspace\Project_USB_CrossCompile\system\include\cmsis\core_cm4.h ****     \li for automatic generation of peripheral register debug information.
 220:C:\Users\bahri\eclipse-workspace\Project_USB_CrossCompile\system\include\cmsis\core_cm4.h **** */
 221:C:\Users\bahri\eclipse-workspace\Project_USB_CrossCompile\system\include\cmsis\core_cm4.h **** #ifdef __cplusplus
 222:C:\Users\bahri\eclipse-workspace\Project_USB_CrossCompile\system\include\cmsis\core_cm4.h ****   #define   __I     volatile             /*!< Defines 'read only' permissions */
 223:C:\Users\bahri\eclipse-workspace\Project_USB_CrossCompile\system\include\cmsis\core_cm4.h **** #else
 224:C:\Users\bahri\eclipse-workspace\Project_USB_CrossCompile\system\include\cmsis\core_cm4.h ****   #define   __I     volatile const       /*!< Defines 'read only' permissions */
 225:C:\Users\bahri\eclipse-workspace\Project_USB_CrossCompile\system\include\cmsis\core_cm4.h **** #endif
 226:C:\Users\bahri\eclipse-workspace\Project_USB_CrossCompile\system\include\cmsis\core_cm4.h **** #define     __O     volatile             /*!< Defines 'write only' permissions */
 227:C:\Users\bahri\eclipse-workspace\Project_USB_CrossCompile\system\include\cmsis\core_cm4.h **** #define     __IO    volatile             /*!< Defines 'read / write' permissions */
 228:C:\Users\bahri\eclipse-workspace\Project_USB_CrossCompile\system\include\cmsis\core_cm4.h **** 
 229:C:\Users\bahri\eclipse-workspace\Project_USB_CrossCompile\system\include\cmsis\core_cm4.h **** /* following defines should be used for structure members */
 230:C:\Users\bahri\eclipse-workspace\Project_USB_CrossCompile\system\include\cmsis\core_cm4.h **** #define     __IM     volatile const      /*! Defines 'read only' structure member permissions */
 231:C:\Users\bahri\eclipse-workspace\Project_USB_CrossCompile\system\include\cmsis\core_cm4.h **** #define     __OM     volatile            /*! Defines 'write only' structure member permissions */
 232:C:\Users\bahri\eclipse-workspace\Project_USB_CrossCompile\system\include\cmsis\core_cm4.h **** #define     __IOM    volatile            /*! Defines 'read / write' structure member permissions */
 233:C:\Users\bahri\eclipse-workspace\Project_USB_CrossCompile\system\include\cmsis\core_cm4.h **** 
 234:C:\Users\bahri\eclipse-workspace\Project_USB_CrossCompile\system\include\cmsis\core_cm4.h **** /*@} end of group Cortex_M4 */
 235:C:\Users\bahri\eclipse-workspace\Project_USB_CrossCompile\system\include\cmsis\core_cm4.h **** 
 236:C:\Users\bahri\eclipse-workspace\Project_USB_CrossCompile\system\include\cmsis\core_cm4.h **** 
 237:C:\Users\bahri\eclipse-workspace\Project_USB_CrossCompile\system\include\cmsis\core_cm4.h **** 
 238:C:\Users\bahri\eclipse-workspace\Project_USB_CrossCompile\system\include\cmsis\core_cm4.h **** /*******************************************************************************
 239:C:\Users\bahri\eclipse-workspace\Project_USB_CrossCompile\system\include\cmsis\core_cm4.h ****  *                 Register Abstraction
 240:C:\Users\bahri\eclipse-workspace\Project_USB_CrossCompile\system\include\cmsis\core_cm4.h ****   Core Register contain:
 241:C:\Users\bahri\eclipse-workspace\Project_USB_CrossCompile\system\include\cmsis\core_cm4.h ****   - Core Register
 242:C:\Users\bahri\eclipse-workspace\Project_USB_CrossCompile\system\include\cmsis\core_cm4.h ****   - Core NVIC Register
 243:C:\Users\bahri\eclipse-workspace\Project_USB_CrossCompile\system\include\cmsis\core_cm4.h ****   - Core SCB Register
 244:C:\Users\bahri\eclipse-workspace\Project_USB_CrossCompile\system\include\cmsis\core_cm4.h ****   - Core SysTick Register
 245:C:\Users\bahri\eclipse-workspace\Project_USB_CrossCompile\system\include\cmsis\core_cm4.h ****   - Core Debug Register
 246:C:\Users\bahri\eclipse-workspace\Project_USB_CrossCompile\system\include\cmsis\core_cm4.h ****   - Core MPU Register
 247:C:\Users\bahri\eclipse-workspace\Project_USB_CrossCompile\system\include\cmsis\core_cm4.h ****   - Core FPU Register
 248:C:\Users\bahri\eclipse-workspace\Project_USB_CrossCompile\system\include\cmsis\core_cm4.h ****  ******************************************************************************/
 249:C:\Users\bahri\eclipse-workspace\Project_USB_CrossCompile\system\include\cmsis\core_cm4.h **** /**
 250:C:\Users\bahri\eclipse-workspace\Project_USB_CrossCompile\system\include\cmsis\core_cm4.h ****   \defgroup CMSIS_core_register Defines and Type Definitions
 251:C:\Users\bahri\eclipse-workspace\Project_USB_CrossCompile\system\include\cmsis\core_cm4.h ****   \brief Type definitions and defines for Cortex-M processor based devices.
 252:C:\Users\bahri\eclipse-workspace\Project_USB_CrossCompile\system\include\cmsis\core_cm4.h **** */
 253:C:\Users\bahri\eclipse-workspace\Project_USB_CrossCompile\system\include\cmsis\core_cm4.h **** 
 254:C:\Users\bahri\eclipse-workspace\Project_USB_CrossCompile\system\include\cmsis\core_cm4.h **** /**
 255:C:\Users\bahri\eclipse-workspace\Project_USB_CrossCompile\system\include\cmsis\core_cm4.h ****   \ingroup    CMSIS_core_register
 256:C:\Users\bahri\eclipse-workspace\Project_USB_CrossCompile\system\include\cmsis\core_cm4.h ****   \defgroup   CMSIS_CORE  Status and Control Registers
 257:C:\Users\bahri\eclipse-workspace\Project_USB_CrossCompile\system\include\cmsis\core_cm4.h ****   \brief      Core Register type definitions.
 258:C:\Users\bahri\eclipse-workspace\Project_USB_CrossCompile\system\include\cmsis\core_cm4.h ****   @{
 259:C:\Users\bahri\eclipse-workspace\Project_USB_CrossCompile\system\include\cmsis\core_cm4.h ****  */
 260:C:\Users\bahri\eclipse-workspace\Project_USB_CrossCompile\system\include\cmsis\core_cm4.h **** 
 261:C:\Users\bahri\eclipse-workspace\Project_USB_CrossCompile\system\include\cmsis\core_cm4.h **** /**
 262:C:\Users\bahri\eclipse-workspace\Project_USB_CrossCompile\system\include\cmsis\core_cm4.h ****   \brief  Union type to access the Application Program Status Register (APSR).
 263:C:\Users\bahri\eclipse-workspace\Project_USB_CrossCompile\system\include\cmsis\core_cm4.h ****  */
 264:C:\Users\bahri\eclipse-workspace\Project_USB_CrossCompile\system\include\cmsis\core_cm4.h **** typedef union
 265:C:\Users\bahri\eclipse-workspace\Project_USB_CrossCompile\system\include\cmsis\core_cm4.h **** {
 266:C:\Users\bahri\eclipse-workspace\Project_USB_CrossCompile\system\include\cmsis\core_cm4.h ****   struct
 267:C:\Users\bahri\eclipse-workspace\Project_USB_CrossCompile\system\include\cmsis\core_cm4.h ****   {
 268:C:\Users\bahri\eclipse-workspace\Project_USB_CrossCompile\system\include\cmsis\core_cm4.h ****     uint32_t _reserved0:16;              /*!< bit:  0..15  Reserved */
 269:C:\Users\bahri\eclipse-workspace\Project_USB_CrossCompile\system\include\cmsis\core_cm4.h ****     uint32_t GE:4;                       /*!< bit: 16..19  Greater than or Equal flags */
 270:C:\Users\bahri\eclipse-workspace\Project_USB_CrossCompile\system\include\cmsis\core_cm4.h ****     uint32_t _reserved1:7;               /*!< bit: 20..26  Reserved */
 271:C:\Users\bahri\eclipse-workspace\Project_USB_CrossCompile\system\include\cmsis\core_cm4.h ****     uint32_t Q:1;                        /*!< bit:     27  Saturation condition flag */
 272:C:\Users\bahri\eclipse-workspace\Project_USB_CrossCompile\system\include\cmsis\core_cm4.h ****     uint32_t V:1;                        /*!< bit:     28  Overflow condition code flag */
 273:C:\Users\bahri\eclipse-workspace\Project_USB_CrossCompile\system\include\cmsis\core_cm4.h ****     uint32_t C:1;                        /*!< bit:     29  Carry condition code flag */
 274:C:\Users\bahri\eclipse-workspace\Project_USB_CrossCompile\system\include\cmsis\core_cm4.h ****     uint32_t Z:1;                        /*!< bit:     30  Zero condition code flag */
 275:C:\Users\bahri\eclipse-workspace\Project_USB_CrossCompile\system\include\cmsis\core_cm4.h ****     uint32_t N:1;                        /*!< bit:     31  Negative condition code flag */
 276:C:\Users\bahri\eclipse-workspace\Project_USB_CrossCompile\system\include\cmsis\core_cm4.h ****   } b;                                   /*!< Structure used for bit  access */
 277:C:\Users\bahri\eclipse-workspace\Project_USB_CrossCompile\system\include\cmsis\core_cm4.h ****   uint32_t w;                            /*!< Type      used for word access */
 278:C:\Users\bahri\eclipse-workspace\Project_USB_CrossCompile\system\include\cmsis\core_cm4.h **** } APSR_Type;
 279:C:\Users\bahri\eclipse-workspace\Project_USB_CrossCompile\system\include\cmsis\core_cm4.h **** 
 280:C:\Users\bahri\eclipse-workspace\Project_USB_CrossCompile\system\include\cmsis\core_cm4.h **** /* APSR Register Definitions */
 281:C:\Users\bahri\eclipse-workspace\Project_USB_CrossCompile\system\include\cmsis\core_cm4.h **** #define APSR_N_Pos                         31U                                            /*!< APSR
 282:C:\Users\bahri\eclipse-workspace\Project_USB_CrossCompile\system\include\cmsis\core_cm4.h **** #define APSR_N_Msk                         (1UL << APSR_N_Pos)                            /*!< APSR
 283:C:\Users\bahri\eclipse-workspace\Project_USB_CrossCompile\system\include\cmsis\core_cm4.h **** 
 284:C:\Users\bahri\eclipse-workspace\Project_USB_CrossCompile\system\include\cmsis\core_cm4.h **** #define APSR_Z_Pos                         30U                                            /*!< APSR
 285:C:\Users\bahri\eclipse-workspace\Project_USB_CrossCompile\system\include\cmsis\core_cm4.h **** #define APSR_Z_Msk                         (1UL << APSR_Z_Pos)                            /*!< APSR
 286:C:\Users\bahri\eclipse-workspace\Project_USB_CrossCompile\system\include\cmsis\core_cm4.h **** 
 287:C:\Users\bahri\eclipse-workspace\Project_USB_CrossCompile\system\include\cmsis\core_cm4.h **** #define APSR_C_Pos                         29U                                            /*!< APSR
 288:C:\Users\bahri\eclipse-workspace\Project_USB_CrossCompile\system\include\cmsis\core_cm4.h **** #define APSR_C_Msk                         (1UL << APSR_C_Pos)                            /*!< APSR
 289:C:\Users\bahri\eclipse-workspace\Project_USB_CrossCompile\system\include\cmsis\core_cm4.h **** 
 290:C:\Users\bahri\eclipse-workspace\Project_USB_CrossCompile\system\include\cmsis\core_cm4.h **** #define APSR_V_Pos                         28U                                            /*!< APSR
 291:C:\Users\bahri\eclipse-workspace\Project_USB_CrossCompile\system\include\cmsis\core_cm4.h **** #define APSR_V_Msk                         (1UL << APSR_V_Pos)                            /*!< APSR
 292:C:\Users\bahri\eclipse-workspace\Project_USB_CrossCompile\system\include\cmsis\core_cm4.h **** 
 293:C:\Users\bahri\eclipse-workspace\Project_USB_CrossCompile\system\include\cmsis\core_cm4.h **** #define APSR_Q_Pos                         27U                                            /*!< APSR
 294:C:\Users\bahri\eclipse-workspace\Project_USB_CrossCompile\system\include\cmsis\core_cm4.h **** #define APSR_Q_Msk                         (1UL << APSR_Q_Pos)                            /*!< APSR
 295:C:\Users\bahri\eclipse-workspace\Project_USB_CrossCompile\system\include\cmsis\core_cm4.h **** 
 296:C:\Users\bahri\eclipse-workspace\Project_USB_CrossCompile\system\include\cmsis\core_cm4.h **** #define APSR_GE_Pos                        16U                                            /*!< APSR
 297:C:\Users\bahri\eclipse-workspace\Project_USB_CrossCompile\system\include\cmsis\core_cm4.h **** #define APSR_GE_Msk                        (0xFUL << APSR_GE_Pos)                         /*!< APSR
 298:C:\Users\bahri\eclipse-workspace\Project_USB_CrossCompile\system\include\cmsis\core_cm4.h **** 
 299:C:\Users\bahri\eclipse-workspace\Project_USB_CrossCompile\system\include\cmsis\core_cm4.h **** 
 300:C:\Users\bahri\eclipse-workspace\Project_USB_CrossCompile\system\include\cmsis\core_cm4.h **** /**
 301:C:\Users\bahri\eclipse-workspace\Project_USB_CrossCompile\system\include\cmsis\core_cm4.h ****   \brief  Union type to access the Interrupt Program Status Register (IPSR).
 302:C:\Users\bahri\eclipse-workspace\Project_USB_CrossCompile\system\include\cmsis\core_cm4.h ****  */
 303:C:\Users\bahri\eclipse-workspace\Project_USB_CrossCompile\system\include\cmsis\core_cm4.h **** typedef union
 304:C:\Users\bahri\eclipse-workspace\Project_USB_CrossCompile\system\include\cmsis\core_cm4.h **** {
 305:C:\Users\bahri\eclipse-workspace\Project_USB_CrossCompile\system\include\cmsis\core_cm4.h ****   struct
 306:C:\Users\bahri\eclipse-workspace\Project_USB_CrossCompile\system\include\cmsis\core_cm4.h ****   {
 307:C:\Users\bahri\eclipse-workspace\Project_USB_CrossCompile\system\include\cmsis\core_cm4.h ****     uint32_t ISR:9;                      /*!< bit:  0.. 8  Exception number */
 308:C:\Users\bahri\eclipse-workspace\Project_USB_CrossCompile\system\include\cmsis\core_cm4.h ****     uint32_t _reserved0:23;              /*!< bit:  9..31  Reserved */
 309:C:\Users\bahri\eclipse-workspace\Project_USB_CrossCompile\system\include\cmsis\core_cm4.h ****   } b;                                   /*!< Structure used for bit  access */
 310:C:\Users\bahri\eclipse-workspace\Project_USB_CrossCompile\system\include\cmsis\core_cm4.h ****   uint32_t w;                            /*!< Type      used for word access */
 311:C:\Users\bahri\eclipse-workspace\Project_USB_CrossCompile\system\include\cmsis\core_cm4.h **** } IPSR_Type;
 312:C:\Users\bahri\eclipse-workspace\Project_USB_CrossCompile\system\include\cmsis\core_cm4.h **** 
 313:C:\Users\bahri\eclipse-workspace\Project_USB_CrossCompile\system\include\cmsis\core_cm4.h **** /* IPSR Register Definitions */
 314:C:\Users\bahri\eclipse-workspace\Project_USB_CrossCompile\system\include\cmsis\core_cm4.h **** #define IPSR_ISR_Pos                        0U                                            /*!< IPSR
 315:C:\Users\bahri\eclipse-workspace\Project_USB_CrossCompile\system\include\cmsis\core_cm4.h **** #define IPSR_ISR_Msk                       (0x1FFUL /*<< IPSR_ISR_Pos*/)                  /*!< IPSR
 316:C:\Users\bahri\eclipse-workspace\Project_USB_CrossCompile\system\include\cmsis\core_cm4.h **** 
 317:C:\Users\bahri\eclipse-workspace\Project_USB_CrossCompile\system\include\cmsis\core_cm4.h **** 
 318:C:\Users\bahri\eclipse-workspace\Project_USB_CrossCompile\system\include\cmsis\core_cm4.h **** /**
 319:C:\Users\bahri\eclipse-workspace\Project_USB_CrossCompile\system\include\cmsis\core_cm4.h ****   \brief  Union type to access the Special-Purpose Program Status Registers (xPSR).
 320:C:\Users\bahri\eclipse-workspace\Project_USB_CrossCompile\system\include\cmsis\core_cm4.h ****  */
 321:C:\Users\bahri\eclipse-workspace\Project_USB_CrossCompile\system\include\cmsis\core_cm4.h **** typedef union
 322:C:\Users\bahri\eclipse-workspace\Project_USB_CrossCompile\system\include\cmsis\core_cm4.h **** {
 323:C:\Users\bahri\eclipse-workspace\Project_USB_CrossCompile\system\include\cmsis\core_cm4.h ****   struct
 324:C:\Users\bahri\eclipse-workspace\Project_USB_CrossCompile\system\include\cmsis\core_cm4.h ****   {
 325:C:\Users\bahri\eclipse-workspace\Project_USB_CrossCompile\system\include\cmsis\core_cm4.h ****     uint32_t ISR:9;                      /*!< bit:  0.. 8  Exception number */
 326:C:\Users\bahri\eclipse-workspace\Project_USB_CrossCompile\system\include\cmsis\core_cm4.h ****     uint32_t _reserved0:1;               /*!< bit:      9  Reserved */
 327:C:\Users\bahri\eclipse-workspace\Project_USB_CrossCompile\system\include\cmsis\core_cm4.h ****     uint32_t ICI_IT_1:6;                 /*!< bit: 10..15  ICI/IT part 1 */
 328:C:\Users\bahri\eclipse-workspace\Project_USB_CrossCompile\system\include\cmsis\core_cm4.h ****     uint32_t GE:4;                       /*!< bit: 16..19  Greater than or Equal flags */
 329:C:\Users\bahri\eclipse-workspace\Project_USB_CrossCompile\system\include\cmsis\core_cm4.h ****     uint32_t _reserved1:4;               /*!< bit: 20..23  Reserved */
 330:C:\Users\bahri\eclipse-workspace\Project_USB_CrossCompile\system\include\cmsis\core_cm4.h ****     uint32_t T:1;                        /*!< bit:     24  Thumb bit */
 331:C:\Users\bahri\eclipse-workspace\Project_USB_CrossCompile\system\include\cmsis\core_cm4.h ****     uint32_t ICI_IT_2:2;                 /*!< bit: 25..26  ICI/IT part 2 */
 332:C:\Users\bahri\eclipse-workspace\Project_USB_CrossCompile\system\include\cmsis\core_cm4.h ****     uint32_t Q:1;                        /*!< bit:     27  Saturation condition flag */
 333:C:\Users\bahri\eclipse-workspace\Project_USB_CrossCompile\system\include\cmsis\core_cm4.h ****     uint32_t V:1;                        /*!< bit:     28  Overflow condition code flag */
 334:C:\Users\bahri\eclipse-workspace\Project_USB_CrossCompile\system\include\cmsis\core_cm4.h ****     uint32_t C:1;                        /*!< bit:     29  Carry condition code flag */
 335:C:\Users\bahri\eclipse-workspace\Project_USB_CrossCompile\system\include\cmsis\core_cm4.h ****     uint32_t Z:1;                        /*!< bit:     30  Zero condition code flag */
 336:C:\Users\bahri\eclipse-workspace\Project_USB_CrossCompile\system\include\cmsis\core_cm4.h ****     uint32_t N:1;                        /*!< bit:     31  Negative condition code flag */
 337:C:\Users\bahri\eclipse-workspace\Project_USB_CrossCompile\system\include\cmsis\core_cm4.h ****   } b;                                   /*!< Structure used for bit  access */
 338:C:\Users\bahri\eclipse-workspace\Project_USB_CrossCompile\system\include\cmsis\core_cm4.h ****   uint32_t w;                            /*!< Type      used for word access */
 339:C:\Users\bahri\eclipse-workspace\Project_USB_CrossCompile\system\include\cmsis\core_cm4.h **** } xPSR_Type;
 340:C:\Users\bahri\eclipse-workspace\Project_USB_CrossCompile\system\include\cmsis\core_cm4.h **** 
 341:C:\Users\bahri\eclipse-workspace\Project_USB_CrossCompile\system\include\cmsis\core_cm4.h **** /* xPSR Register Definitions */
 342:C:\Users\bahri\eclipse-workspace\Project_USB_CrossCompile\system\include\cmsis\core_cm4.h **** #define xPSR_N_Pos                         31U                                            /*!< xPSR
 343:C:\Users\bahri\eclipse-workspace\Project_USB_CrossCompile\system\include\cmsis\core_cm4.h **** #define xPSR_N_Msk                         (1UL << xPSR_N_Pos)                            /*!< xPSR
 344:C:\Users\bahri\eclipse-workspace\Project_USB_CrossCompile\system\include\cmsis\core_cm4.h **** 
 345:C:\Users\bahri\eclipse-workspace\Project_USB_CrossCompile\system\include\cmsis\core_cm4.h **** #define xPSR_Z_Pos                         30U                                            /*!< xPSR
 346:C:\Users\bahri\eclipse-workspace\Project_USB_CrossCompile\system\include\cmsis\core_cm4.h **** #define xPSR_Z_Msk                         (1UL << xPSR_Z_Pos)                            /*!< xPSR
 347:C:\Users\bahri\eclipse-workspace\Project_USB_CrossCompile\system\include\cmsis\core_cm4.h **** 
 348:C:\Users\bahri\eclipse-workspace\Project_USB_CrossCompile\system\include\cmsis\core_cm4.h **** #define xPSR_C_Pos                         29U                                            /*!< xPSR
 349:C:\Users\bahri\eclipse-workspace\Project_USB_CrossCompile\system\include\cmsis\core_cm4.h **** #define xPSR_C_Msk                         (1UL << xPSR_C_Pos)                            /*!< xPSR
 350:C:\Users\bahri\eclipse-workspace\Project_USB_CrossCompile\system\include\cmsis\core_cm4.h **** 
 351:C:\Users\bahri\eclipse-workspace\Project_USB_CrossCompile\system\include\cmsis\core_cm4.h **** #define xPSR_V_Pos                         28U                                            /*!< xPSR
 352:C:\Users\bahri\eclipse-workspace\Project_USB_CrossCompile\system\include\cmsis\core_cm4.h **** #define xPSR_V_Msk                         (1UL << xPSR_V_Pos)                            /*!< xPSR
 353:C:\Users\bahri\eclipse-workspace\Project_USB_CrossCompile\system\include\cmsis\core_cm4.h **** 
 354:C:\Users\bahri\eclipse-workspace\Project_USB_CrossCompile\system\include\cmsis\core_cm4.h **** #define xPSR_Q_Pos                         27U                                            /*!< xPSR
 355:C:\Users\bahri\eclipse-workspace\Project_USB_CrossCompile\system\include\cmsis\core_cm4.h **** #define xPSR_Q_Msk                         (1UL << xPSR_Q_Pos)                            /*!< xPSR
 356:C:\Users\bahri\eclipse-workspace\Project_USB_CrossCompile\system\include\cmsis\core_cm4.h **** 
 357:C:\Users\bahri\eclipse-workspace\Project_USB_CrossCompile\system\include\cmsis\core_cm4.h **** #define xPSR_ICI_IT_2_Pos                  25U                                            /*!< xPSR
 358:C:\Users\bahri\eclipse-workspace\Project_USB_CrossCompile\system\include\cmsis\core_cm4.h **** #define xPSR_ICI_IT_2_Msk                  (3UL << xPSR_ICI_IT_2_Pos)                     /*!< xPSR
 359:C:\Users\bahri\eclipse-workspace\Project_USB_CrossCompile\system\include\cmsis\core_cm4.h **** 
 360:C:\Users\bahri\eclipse-workspace\Project_USB_CrossCompile\system\include\cmsis\core_cm4.h **** #define xPSR_T_Pos                         24U                                            /*!< xPSR
 361:C:\Users\bahri\eclipse-workspace\Project_USB_CrossCompile\system\include\cmsis\core_cm4.h **** #define xPSR_T_Msk                         (1UL << xPSR_T_Pos)                            /*!< xPSR
 362:C:\Users\bahri\eclipse-workspace\Project_USB_CrossCompile\system\include\cmsis\core_cm4.h **** 
 363:C:\Users\bahri\eclipse-workspace\Project_USB_CrossCompile\system\include\cmsis\core_cm4.h **** #define xPSR_GE_Pos                        16U                                            /*!< xPSR
 364:C:\Users\bahri\eclipse-workspace\Project_USB_CrossCompile\system\include\cmsis\core_cm4.h **** #define xPSR_GE_Msk                        (0xFUL << xPSR_GE_Pos)                         /*!< xPSR
 365:C:\Users\bahri\eclipse-workspace\Project_USB_CrossCompile\system\include\cmsis\core_cm4.h **** 
 366:C:\Users\bahri\eclipse-workspace\Project_USB_CrossCompile\system\include\cmsis\core_cm4.h **** #define xPSR_ICI_IT_1_Pos                  10U                                            /*!< xPSR
 367:C:\Users\bahri\eclipse-workspace\Project_USB_CrossCompile\system\include\cmsis\core_cm4.h **** #define xPSR_ICI_IT_1_Msk                  (0x3FUL << xPSR_ICI_IT_1_Pos)                  /*!< xPSR
 368:C:\Users\bahri\eclipse-workspace\Project_USB_CrossCompile\system\include\cmsis\core_cm4.h **** 
 369:C:\Users\bahri\eclipse-workspace\Project_USB_CrossCompile\system\include\cmsis\core_cm4.h **** #define xPSR_ISR_Pos                        0U                                            /*!< xPSR
 370:C:\Users\bahri\eclipse-workspace\Project_USB_CrossCompile\system\include\cmsis\core_cm4.h **** #define xPSR_ISR_Msk                       (0x1FFUL /*<< xPSR_ISR_Pos*/)                  /*!< xPSR
 371:C:\Users\bahri\eclipse-workspace\Project_USB_CrossCompile\system\include\cmsis\core_cm4.h **** 
 372:C:\Users\bahri\eclipse-workspace\Project_USB_CrossCompile\system\include\cmsis\core_cm4.h **** 
 373:C:\Users\bahri\eclipse-workspace\Project_USB_CrossCompile\system\include\cmsis\core_cm4.h **** /**
 374:C:\Users\bahri\eclipse-workspace\Project_USB_CrossCompile\system\include\cmsis\core_cm4.h ****   \brief  Union type to access the Control Registers (CONTROL).
 375:C:\Users\bahri\eclipse-workspace\Project_USB_CrossCompile\system\include\cmsis\core_cm4.h ****  */
 376:C:\Users\bahri\eclipse-workspace\Project_USB_CrossCompile\system\include\cmsis\core_cm4.h **** typedef union
 377:C:\Users\bahri\eclipse-workspace\Project_USB_CrossCompile\system\include\cmsis\core_cm4.h **** {
 378:C:\Users\bahri\eclipse-workspace\Project_USB_CrossCompile\system\include\cmsis\core_cm4.h ****   struct
 379:C:\Users\bahri\eclipse-workspace\Project_USB_CrossCompile\system\include\cmsis\core_cm4.h ****   {
 380:C:\Users\bahri\eclipse-workspace\Project_USB_CrossCompile\system\include\cmsis\core_cm4.h ****     uint32_t nPRIV:1;                    /*!< bit:      0  Execution privilege in Thread mode */
 381:C:\Users\bahri\eclipse-workspace\Project_USB_CrossCompile\system\include\cmsis\core_cm4.h ****     uint32_t SPSEL:1;                    /*!< bit:      1  Stack to be used */
 382:C:\Users\bahri\eclipse-workspace\Project_USB_CrossCompile\system\include\cmsis\core_cm4.h ****     uint32_t FPCA:1;                     /*!< bit:      2  FP extension active flag */
 383:C:\Users\bahri\eclipse-workspace\Project_USB_CrossCompile\system\include\cmsis\core_cm4.h ****     uint32_t _reserved0:29;              /*!< bit:  3..31  Reserved */
 384:C:\Users\bahri\eclipse-workspace\Project_USB_CrossCompile\system\include\cmsis\core_cm4.h ****   } b;                                   /*!< Structure used for bit  access */
 385:C:\Users\bahri\eclipse-workspace\Project_USB_CrossCompile\system\include\cmsis\core_cm4.h ****   uint32_t w;                            /*!< Type      used for word access */
 386:C:\Users\bahri\eclipse-workspace\Project_USB_CrossCompile\system\include\cmsis\core_cm4.h **** } CONTROL_Type;
 387:C:\Users\bahri\eclipse-workspace\Project_USB_CrossCompile\system\include\cmsis\core_cm4.h **** 
 388:C:\Users\bahri\eclipse-workspace\Project_USB_CrossCompile\system\include\cmsis\core_cm4.h **** /* CONTROL Register Definitions */
 389:C:\Users\bahri\eclipse-workspace\Project_USB_CrossCompile\system\include\cmsis\core_cm4.h **** #define CONTROL_FPCA_Pos                    2U                                            /*!< CONT
 390:C:\Users\bahri\eclipse-workspace\Project_USB_CrossCompile\system\include\cmsis\core_cm4.h **** #define CONTROL_FPCA_Msk                   (1UL << CONTROL_FPCA_Pos)                      /*!< CONT
 391:C:\Users\bahri\eclipse-workspace\Project_USB_CrossCompile\system\include\cmsis\core_cm4.h **** 
 392:C:\Users\bahri\eclipse-workspace\Project_USB_CrossCompile\system\include\cmsis\core_cm4.h **** #define CONTROL_SPSEL_Pos                   1U                                            /*!< CONT
 393:C:\Users\bahri\eclipse-workspace\Project_USB_CrossCompile\system\include\cmsis\core_cm4.h **** #define CONTROL_SPSEL_Msk                  (1UL << CONTROL_SPSEL_Pos)                     /*!< CONT
 394:C:\Users\bahri\eclipse-workspace\Project_USB_CrossCompile\system\include\cmsis\core_cm4.h **** 
 395:C:\Users\bahri\eclipse-workspace\Project_USB_CrossCompile\system\include\cmsis\core_cm4.h **** #define CONTROL_nPRIV_Pos                   0U                                            /*!< CONT
 396:C:\Users\bahri\eclipse-workspace\Project_USB_CrossCompile\system\include\cmsis\core_cm4.h **** #define CONTROL_nPRIV_Msk                  (1UL /*<< CONTROL_nPRIV_Pos*/)                 /*!< CONT
 397:C:\Users\bahri\eclipse-workspace\Project_USB_CrossCompile\system\include\cmsis\core_cm4.h **** 
 398:C:\Users\bahri\eclipse-workspace\Project_USB_CrossCompile\system\include\cmsis\core_cm4.h **** /*@} end of group CMSIS_CORE */
 399:C:\Users\bahri\eclipse-workspace\Project_USB_CrossCompile\system\include\cmsis\core_cm4.h **** 
 400:C:\Users\bahri\eclipse-workspace\Project_USB_CrossCompile\system\include\cmsis\core_cm4.h **** 
 401:C:\Users\bahri\eclipse-workspace\Project_USB_CrossCompile\system\include\cmsis\core_cm4.h **** /**
 402:C:\Users\bahri\eclipse-workspace\Project_USB_CrossCompile\system\include\cmsis\core_cm4.h ****   \ingroup    CMSIS_core_register
 403:C:\Users\bahri\eclipse-workspace\Project_USB_CrossCompile\system\include\cmsis\core_cm4.h ****   \defgroup   CMSIS_NVIC  Nested Vectored Interrupt Controller (NVIC)
 404:C:\Users\bahri\eclipse-workspace\Project_USB_CrossCompile\system\include\cmsis\core_cm4.h ****   \brief      Type definitions for the NVIC Registers
 405:C:\Users\bahri\eclipse-workspace\Project_USB_CrossCompile\system\include\cmsis\core_cm4.h ****   @{
 406:C:\Users\bahri\eclipse-workspace\Project_USB_CrossCompile\system\include\cmsis\core_cm4.h ****  */
 407:C:\Users\bahri\eclipse-workspace\Project_USB_CrossCompile\system\include\cmsis\core_cm4.h **** 
 408:C:\Users\bahri\eclipse-workspace\Project_USB_CrossCompile\system\include\cmsis\core_cm4.h **** /**
 409:C:\Users\bahri\eclipse-workspace\Project_USB_CrossCompile\system\include\cmsis\core_cm4.h ****   \brief  Structure type to access the Nested Vectored Interrupt Controller (NVIC).
 410:C:\Users\bahri\eclipse-workspace\Project_USB_CrossCompile\system\include\cmsis\core_cm4.h ****  */
 411:C:\Users\bahri\eclipse-workspace\Project_USB_CrossCompile\system\include\cmsis\core_cm4.h **** typedef struct
 412:C:\Users\bahri\eclipse-workspace\Project_USB_CrossCompile\system\include\cmsis\core_cm4.h **** {
 413:C:\Users\bahri\eclipse-workspace\Project_USB_CrossCompile\system\include\cmsis\core_cm4.h ****   __IOM uint32_t ISER[8U];               /*!< Offset: 0x000 (R/W)  Interrupt Set Enable Register */
 414:C:\Users\bahri\eclipse-workspace\Project_USB_CrossCompile\system\include\cmsis\core_cm4.h ****         uint32_t RESERVED0[24U];
 415:C:\Users\bahri\eclipse-workspace\Project_USB_CrossCompile\system\include\cmsis\core_cm4.h ****   __IOM uint32_t ICER[8U];               /*!< Offset: 0x080 (R/W)  Interrupt Clear Enable Register 
 416:C:\Users\bahri\eclipse-workspace\Project_USB_CrossCompile\system\include\cmsis\core_cm4.h ****         uint32_t RESERVED1[24U];
 417:C:\Users\bahri\eclipse-workspace\Project_USB_CrossCompile\system\include\cmsis\core_cm4.h ****   __IOM uint32_t ISPR[8U];               /*!< Offset: 0x100 (R/W)  Interrupt Set Pending Register *
 418:C:\Users\bahri\eclipse-workspace\Project_USB_CrossCompile\system\include\cmsis\core_cm4.h ****         uint32_t RESERVED2[24U];
 419:C:\Users\bahri\eclipse-workspace\Project_USB_CrossCompile\system\include\cmsis\core_cm4.h ****   __IOM uint32_t ICPR[8U];               /*!< Offset: 0x180 (R/W)  Interrupt Clear Pending Register
 420:C:\Users\bahri\eclipse-workspace\Project_USB_CrossCompile\system\include\cmsis\core_cm4.h ****         uint32_t RESERVED3[24U];
 421:C:\Users\bahri\eclipse-workspace\Project_USB_CrossCompile\system\include\cmsis\core_cm4.h ****   __IOM uint32_t IABR[8U];               /*!< Offset: 0x200 (R/W)  Interrupt Active bit Register */
 422:C:\Users\bahri\eclipse-workspace\Project_USB_CrossCompile\system\include\cmsis\core_cm4.h ****         uint32_t RESERVED4[56U];
 423:C:\Users\bahri\eclipse-workspace\Project_USB_CrossCompile\system\include\cmsis\core_cm4.h ****   __IOM uint8_t  IP[240U];               /*!< Offset: 0x300 (R/W)  Interrupt Priority Register (8Bi
 424:C:\Users\bahri\eclipse-workspace\Project_USB_CrossCompile\system\include\cmsis\core_cm4.h ****         uint32_t RESERVED5[644U];
 425:C:\Users\bahri\eclipse-workspace\Project_USB_CrossCompile\system\include\cmsis\core_cm4.h ****   __OM  uint32_t STIR;                   /*!< Offset: 0xE00 ( /W)  Software Trigger Interrupt Regis
 426:C:\Users\bahri\eclipse-workspace\Project_USB_CrossCompile\system\include\cmsis\core_cm4.h **** }  NVIC_Type;
 427:C:\Users\bahri\eclipse-workspace\Project_USB_CrossCompile\system\include\cmsis\core_cm4.h **** 
 428:C:\Users\bahri\eclipse-workspace\Project_USB_CrossCompile\system\include\cmsis\core_cm4.h **** /* Software Triggered Interrupt Register Definitions */
 429:C:\Users\bahri\eclipse-workspace\Project_USB_CrossCompile\system\include\cmsis\core_cm4.h **** #define NVIC_STIR_INTID_Pos                 0U                                         /*!< STIR: I
 430:C:\Users\bahri\eclipse-workspace\Project_USB_CrossCompile\system\include\cmsis\core_cm4.h **** #define NVIC_STIR_INTID_Msk                (0x1FFUL /*<< NVIC_STIR_INTID_Pos*/)        /*!< STIR: I
 431:C:\Users\bahri\eclipse-workspace\Project_USB_CrossCompile\system\include\cmsis\core_cm4.h **** 
 432:C:\Users\bahri\eclipse-workspace\Project_USB_CrossCompile\system\include\cmsis\core_cm4.h **** /*@} end of group CMSIS_NVIC */
 433:C:\Users\bahri\eclipse-workspace\Project_USB_CrossCompile\system\include\cmsis\core_cm4.h **** 
 434:C:\Users\bahri\eclipse-workspace\Project_USB_CrossCompile\system\include\cmsis\core_cm4.h **** 
 435:C:\Users\bahri\eclipse-workspace\Project_USB_CrossCompile\system\include\cmsis\core_cm4.h **** /**
 436:C:\Users\bahri\eclipse-workspace\Project_USB_CrossCompile\system\include\cmsis\core_cm4.h ****   \ingroup  CMSIS_core_register
 437:C:\Users\bahri\eclipse-workspace\Project_USB_CrossCompile\system\include\cmsis\core_cm4.h ****   \defgroup CMSIS_SCB     System Control Block (SCB)
 438:C:\Users\bahri\eclipse-workspace\Project_USB_CrossCompile\system\include\cmsis\core_cm4.h ****   \brief    Type definitions for the System Control Block Registers
 439:C:\Users\bahri\eclipse-workspace\Project_USB_CrossCompile\system\include\cmsis\core_cm4.h ****   @{
 440:C:\Users\bahri\eclipse-workspace\Project_USB_CrossCompile\system\include\cmsis\core_cm4.h ****  */
 441:C:\Users\bahri\eclipse-workspace\Project_USB_CrossCompile\system\include\cmsis\core_cm4.h **** 
 442:C:\Users\bahri\eclipse-workspace\Project_USB_CrossCompile\system\include\cmsis\core_cm4.h **** /**
 443:C:\Users\bahri\eclipse-workspace\Project_USB_CrossCompile\system\include\cmsis\core_cm4.h ****   \brief  Structure type to access the System Control Block (SCB).
 444:C:\Users\bahri\eclipse-workspace\Project_USB_CrossCompile\system\include\cmsis\core_cm4.h ****  */
 445:C:\Users\bahri\eclipse-workspace\Project_USB_CrossCompile\system\include\cmsis\core_cm4.h **** typedef struct
 446:C:\Users\bahri\eclipse-workspace\Project_USB_CrossCompile\system\include\cmsis\core_cm4.h **** {
 447:C:\Users\bahri\eclipse-workspace\Project_USB_CrossCompile\system\include\cmsis\core_cm4.h ****   __IM  uint32_t CPUID;                  /*!< Offset: 0x000 (R/ )  CPUID Base Register */
 448:C:\Users\bahri\eclipse-workspace\Project_USB_CrossCompile\system\include\cmsis\core_cm4.h ****   __IOM uint32_t ICSR;                   /*!< Offset: 0x004 (R/W)  Interrupt Control and State Regi
 449:C:\Users\bahri\eclipse-workspace\Project_USB_CrossCompile\system\include\cmsis\core_cm4.h ****   __IOM uint32_t VTOR;                   /*!< Offset: 0x008 (R/W)  Vector Table Offset Register */
 450:C:\Users\bahri\eclipse-workspace\Project_USB_CrossCompile\system\include\cmsis\core_cm4.h ****   __IOM uint32_t AIRCR;                  /*!< Offset: 0x00C (R/W)  Application Interrupt and Reset 
 451:C:\Users\bahri\eclipse-workspace\Project_USB_CrossCompile\system\include\cmsis\core_cm4.h ****   __IOM uint32_t SCR;                    /*!< Offset: 0x010 (R/W)  System Control Register */
 452:C:\Users\bahri\eclipse-workspace\Project_USB_CrossCompile\system\include\cmsis\core_cm4.h ****   __IOM uint32_t CCR;                    /*!< Offset: 0x014 (R/W)  Configuration Control Register *
 453:C:\Users\bahri\eclipse-workspace\Project_USB_CrossCompile\system\include\cmsis\core_cm4.h ****   __IOM uint8_t  SHP[12U];               /*!< Offset: 0x018 (R/W)  System Handlers Priority Registe
 454:C:\Users\bahri\eclipse-workspace\Project_USB_CrossCompile\system\include\cmsis\core_cm4.h ****   __IOM uint32_t SHCSR;                  /*!< Offset: 0x024 (R/W)  System Handler Control and State
 455:C:\Users\bahri\eclipse-workspace\Project_USB_CrossCompile\system\include\cmsis\core_cm4.h ****   __IOM uint32_t CFSR;                   /*!< Offset: 0x028 (R/W)  Configurable Fault Status Regist
 456:C:\Users\bahri\eclipse-workspace\Project_USB_CrossCompile\system\include\cmsis\core_cm4.h ****   __IOM uint32_t HFSR;                   /*!< Offset: 0x02C (R/W)  HardFault Status Register */
 457:C:\Users\bahri\eclipse-workspace\Project_USB_CrossCompile\system\include\cmsis\core_cm4.h ****   __IOM uint32_t DFSR;                   /*!< Offset: 0x030 (R/W)  Debug Fault Status Register */
 458:C:\Users\bahri\eclipse-workspace\Project_USB_CrossCompile\system\include\cmsis\core_cm4.h ****   __IOM uint32_t MMFAR;                  /*!< Offset: 0x034 (R/W)  MemManage Fault Address Register
 459:C:\Users\bahri\eclipse-workspace\Project_USB_CrossCompile\system\include\cmsis\core_cm4.h ****   __IOM uint32_t BFAR;                   /*!< Offset: 0x038 (R/W)  BusFault Address Register */
 460:C:\Users\bahri\eclipse-workspace\Project_USB_CrossCompile\system\include\cmsis\core_cm4.h ****   __IOM uint32_t AFSR;                   /*!< Offset: 0x03C (R/W)  Auxiliary Fault Status Register 
 461:C:\Users\bahri\eclipse-workspace\Project_USB_CrossCompile\system\include\cmsis\core_cm4.h ****   __IM  uint32_t PFR[2U];                /*!< Offset: 0x040 (R/ )  Processor Feature Register */
 462:C:\Users\bahri\eclipse-workspace\Project_USB_CrossCompile\system\include\cmsis\core_cm4.h ****   __IM  uint32_t DFR;                    /*!< Offset: 0x048 (R/ )  Debug Feature Register */
 463:C:\Users\bahri\eclipse-workspace\Project_USB_CrossCompile\system\include\cmsis\core_cm4.h ****   __IM  uint32_t ADR;                    /*!< Offset: 0x04C (R/ )  Auxiliary Feature Register */
 464:C:\Users\bahri\eclipse-workspace\Project_USB_CrossCompile\system\include\cmsis\core_cm4.h ****   __IM  uint32_t MMFR[4U];               /*!< Offset: 0x050 (R/ )  Memory Model Feature Register */
 465:C:\Users\bahri\eclipse-workspace\Project_USB_CrossCompile\system\include\cmsis\core_cm4.h ****   __IM  uint32_t ISAR[5U];               /*!< Offset: 0x060 (R/ )  Instruction Set Attributes Regis
 466:C:\Users\bahri\eclipse-workspace\Project_USB_CrossCompile\system\include\cmsis\core_cm4.h ****         uint32_t RESERVED0[5U];
 467:C:\Users\bahri\eclipse-workspace\Project_USB_CrossCompile\system\include\cmsis\core_cm4.h ****   __IOM uint32_t CPACR;                  /*!< Offset: 0x088 (R/W)  Coprocessor Access Control Regis
 468:C:\Users\bahri\eclipse-workspace\Project_USB_CrossCompile\system\include\cmsis\core_cm4.h **** } SCB_Type;
 469:C:\Users\bahri\eclipse-workspace\Project_USB_CrossCompile\system\include\cmsis\core_cm4.h **** 
 470:C:\Users\bahri\eclipse-workspace\Project_USB_CrossCompile\system\include\cmsis\core_cm4.h **** /* SCB CPUID Register Definitions */
 471:C:\Users\bahri\eclipse-workspace\Project_USB_CrossCompile\system\include\cmsis\core_cm4.h **** #define SCB_CPUID_IMPLEMENTER_Pos          24U                                            /*!< SCB 
 472:C:\Users\bahri\eclipse-workspace\Project_USB_CrossCompile\system\include\cmsis\core_cm4.h **** #define SCB_CPUID_IMPLEMENTER_Msk          (0xFFUL << SCB_CPUID_IMPLEMENTER_Pos)          /*!< SCB 
 473:C:\Users\bahri\eclipse-workspace\Project_USB_CrossCompile\system\include\cmsis\core_cm4.h **** 
 474:C:\Users\bahri\eclipse-workspace\Project_USB_CrossCompile\system\include\cmsis\core_cm4.h **** #define SCB_CPUID_VARIANT_Pos              20U                                            /*!< SCB 
 475:C:\Users\bahri\eclipse-workspace\Project_USB_CrossCompile\system\include\cmsis\core_cm4.h **** #define SCB_CPUID_VARIANT_Msk              (0xFUL << SCB_CPUID_VARIANT_Pos)               /*!< SCB 
 476:C:\Users\bahri\eclipse-workspace\Project_USB_CrossCompile\system\include\cmsis\core_cm4.h **** 
 477:C:\Users\bahri\eclipse-workspace\Project_USB_CrossCompile\system\include\cmsis\core_cm4.h **** #define SCB_CPUID_ARCHITECTURE_Pos         16U                                            /*!< SCB 
 478:C:\Users\bahri\eclipse-workspace\Project_USB_CrossCompile\system\include\cmsis\core_cm4.h **** #define SCB_CPUID_ARCHITECTURE_Msk         (0xFUL << SCB_CPUID_ARCHITECTURE_Pos)          /*!< SCB 
 479:C:\Users\bahri\eclipse-workspace\Project_USB_CrossCompile\system\include\cmsis\core_cm4.h **** 
 480:C:\Users\bahri\eclipse-workspace\Project_USB_CrossCompile\system\include\cmsis\core_cm4.h **** #define SCB_CPUID_PARTNO_Pos                4U                                            /*!< SCB 
 481:C:\Users\bahri\eclipse-workspace\Project_USB_CrossCompile\system\include\cmsis\core_cm4.h **** #define SCB_CPUID_PARTNO_Msk               (0xFFFUL << SCB_CPUID_PARTNO_Pos)              /*!< SCB 
 482:C:\Users\bahri\eclipse-workspace\Project_USB_CrossCompile\system\include\cmsis\core_cm4.h **** 
 483:C:\Users\bahri\eclipse-workspace\Project_USB_CrossCompile\system\include\cmsis\core_cm4.h **** #define SCB_CPUID_REVISION_Pos              0U                                            /*!< SCB 
 484:C:\Users\bahri\eclipse-workspace\Project_USB_CrossCompile\system\include\cmsis\core_cm4.h **** #define SCB_CPUID_REVISION_Msk             (0xFUL /*<< SCB_CPUID_REVISION_Pos*/)          /*!< SCB 
 485:C:\Users\bahri\eclipse-workspace\Project_USB_CrossCompile\system\include\cmsis\core_cm4.h **** 
 486:C:\Users\bahri\eclipse-workspace\Project_USB_CrossCompile\system\include\cmsis\core_cm4.h **** /* SCB Interrupt Control State Register Definitions */
 487:C:\Users\bahri\eclipse-workspace\Project_USB_CrossCompile\system\include\cmsis\core_cm4.h **** #define SCB_ICSR_NMIPENDSET_Pos            31U                                            /*!< SCB 
 488:C:\Users\bahri\eclipse-workspace\Project_USB_CrossCompile\system\include\cmsis\core_cm4.h **** #define SCB_ICSR_NMIPENDSET_Msk            (1UL << SCB_ICSR_NMIPENDSET_Pos)               /*!< SCB 
 489:C:\Users\bahri\eclipse-workspace\Project_USB_CrossCompile\system\include\cmsis\core_cm4.h **** 
 490:C:\Users\bahri\eclipse-workspace\Project_USB_CrossCompile\system\include\cmsis\core_cm4.h **** #define SCB_ICSR_PENDSVSET_Pos             28U                                            /*!< SCB 
 491:C:\Users\bahri\eclipse-workspace\Project_USB_CrossCompile\system\include\cmsis\core_cm4.h **** #define SCB_ICSR_PENDSVSET_Msk             (1UL << SCB_ICSR_PENDSVSET_Pos)                /*!< SCB 
 492:C:\Users\bahri\eclipse-workspace\Project_USB_CrossCompile\system\include\cmsis\core_cm4.h **** 
 493:C:\Users\bahri\eclipse-workspace\Project_USB_CrossCompile\system\include\cmsis\core_cm4.h **** #define SCB_ICSR_PENDSVCLR_Pos             27U                                            /*!< SCB 
 494:C:\Users\bahri\eclipse-workspace\Project_USB_CrossCompile\system\include\cmsis\core_cm4.h **** #define SCB_ICSR_PENDSVCLR_Msk             (1UL << SCB_ICSR_PENDSVCLR_Pos)                /*!< SCB 
 495:C:\Users\bahri\eclipse-workspace\Project_USB_CrossCompile\system\include\cmsis\core_cm4.h **** 
 496:C:\Users\bahri\eclipse-workspace\Project_USB_CrossCompile\system\include\cmsis\core_cm4.h **** #define SCB_ICSR_PENDSTSET_Pos             26U                                            /*!< SCB 
 497:C:\Users\bahri\eclipse-workspace\Project_USB_CrossCompile\system\include\cmsis\core_cm4.h **** #define SCB_ICSR_PENDSTSET_Msk             (1UL << SCB_ICSR_PENDSTSET_Pos)                /*!< SCB 
 498:C:\Users\bahri\eclipse-workspace\Project_USB_CrossCompile\system\include\cmsis\core_cm4.h **** 
 499:C:\Users\bahri\eclipse-workspace\Project_USB_CrossCompile\system\include\cmsis\core_cm4.h **** #define SCB_ICSR_PENDSTCLR_Pos             25U                                            /*!< SCB 
 500:C:\Users\bahri\eclipse-workspace\Project_USB_CrossCompile\system\include\cmsis\core_cm4.h **** #define SCB_ICSR_PENDSTCLR_Msk             (1UL << SCB_ICSR_PENDSTCLR_Pos)                /*!< SCB 
 501:C:\Users\bahri\eclipse-workspace\Project_USB_CrossCompile\system\include\cmsis\core_cm4.h **** 
 502:C:\Users\bahri\eclipse-workspace\Project_USB_CrossCompile\system\include\cmsis\core_cm4.h **** #define SCB_ICSR_ISRPREEMPT_Pos            23U                                            /*!< SCB 
 503:C:\Users\bahri\eclipse-workspace\Project_USB_CrossCompile\system\include\cmsis\core_cm4.h **** #define SCB_ICSR_ISRPREEMPT_Msk            (1UL << SCB_ICSR_ISRPREEMPT_Pos)               /*!< SCB 
 504:C:\Users\bahri\eclipse-workspace\Project_USB_CrossCompile\system\include\cmsis\core_cm4.h **** 
 505:C:\Users\bahri\eclipse-workspace\Project_USB_CrossCompile\system\include\cmsis\core_cm4.h **** #define SCB_ICSR_ISRPENDING_Pos            22U                                            /*!< SCB 
 506:C:\Users\bahri\eclipse-workspace\Project_USB_CrossCompile\system\include\cmsis\core_cm4.h **** #define SCB_ICSR_ISRPENDING_Msk            (1UL << SCB_ICSR_ISRPENDING_Pos)               /*!< SCB 
 507:C:\Users\bahri\eclipse-workspace\Project_USB_CrossCompile\system\include\cmsis\core_cm4.h **** 
 508:C:\Users\bahri\eclipse-workspace\Project_USB_CrossCompile\system\include\cmsis\core_cm4.h **** #define SCB_ICSR_VECTPENDING_Pos           12U                                            /*!< SCB 
 509:C:\Users\bahri\eclipse-workspace\Project_USB_CrossCompile\system\include\cmsis\core_cm4.h **** #define SCB_ICSR_VECTPENDING_Msk           (0x1FFUL << SCB_ICSR_VECTPENDING_Pos)          /*!< SCB 
 510:C:\Users\bahri\eclipse-workspace\Project_USB_CrossCompile\system\include\cmsis\core_cm4.h **** 
 511:C:\Users\bahri\eclipse-workspace\Project_USB_CrossCompile\system\include\cmsis\core_cm4.h **** #define SCB_ICSR_RETTOBASE_Pos             11U                                            /*!< SCB 
 512:C:\Users\bahri\eclipse-workspace\Project_USB_CrossCompile\system\include\cmsis\core_cm4.h **** #define SCB_ICSR_RETTOBASE_Msk             (1UL << SCB_ICSR_RETTOBASE_Pos)                /*!< SCB 
 513:C:\Users\bahri\eclipse-workspace\Project_USB_CrossCompile\system\include\cmsis\core_cm4.h **** 
 514:C:\Users\bahri\eclipse-workspace\Project_USB_CrossCompile\system\include\cmsis\core_cm4.h **** #define SCB_ICSR_VECTACTIVE_Pos             0U                                            /*!< SCB 
 515:C:\Users\bahri\eclipse-workspace\Project_USB_CrossCompile\system\include\cmsis\core_cm4.h **** #define SCB_ICSR_VECTACTIVE_Msk            (0x1FFUL /*<< SCB_ICSR_VECTACTIVE_Pos*/)       /*!< SCB 
 516:C:\Users\bahri\eclipse-workspace\Project_USB_CrossCompile\system\include\cmsis\core_cm4.h **** 
 517:C:\Users\bahri\eclipse-workspace\Project_USB_CrossCompile\system\include\cmsis\core_cm4.h **** /* SCB Vector Table Offset Register Definitions */
 518:C:\Users\bahri\eclipse-workspace\Project_USB_CrossCompile\system\include\cmsis\core_cm4.h **** #define SCB_VTOR_TBLOFF_Pos                 7U                                            /*!< SCB 
 519:C:\Users\bahri\eclipse-workspace\Project_USB_CrossCompile\system\include\cmsis\core_cm4.h **** #define SCB_VTOR_TBLOFF_Msk                (0x1FFFFFFUL << SCB_VTOR_TBLOFF_Pos)           /*!< SCB 
 520:C:\Users\bahri\eclipse-workspace\Project_USB_CrossCompile\system\include\cmsis\core_cm4.h **** 
 521:C:\Users\bahri\eclipse-workspace\Project_USB_CrossCompile\system\include\cmsis\core_cm4.h **** /* SCB Application Interrupt and Reset Control Register Definitions */
 522:C:\Users\bahri\eclipse-workspace\Project_USB_CrossCompile\system\include\cmsis\core_cm4.h **** #define SCB_AIRCR_VECTKEY_Pos              16U                                            /*!< SCB 
 523:C:\Users\bahri\eclipse-workspace\Project_USB_CrossCompile\system\include\cmsis\core_cm4.h **** #define SCB_AIRCR_VECTKEY_Msk              (0xFFFFUL << SCB_AIRCR_VECTKEY_Pos)            /*!< SCB 
 524:C:\Users\bahri\eclipse-workspace\Project_USB_CrossCompile\system\include\cmsis\core_cm4.h **** 
 525:C:\Users\bahri\eclipse-workspace\Project_USB_CrossCompile\system\include\cmsis\core_cm4.h **** #define SCB_AIRCR_VECTKEYSTAT_Pos          16U                                            /*!< SCB 
 526:C:\Users\bahri\eclipse-workspace\Project_USB_CrossCompile\system\include\cmsis\core_cm4.h **** #define SCB_AIRCR_VECTKEYSTAT_Msk          (0xFFFFUL << SCB_AIRCR_VECTKEYSTAT_Pos)        /*!< SCB 
 527:C:\Users\bahri\eclipse-workspace\Project_USB_CrossCompile\system\include\cmsis\core_cm4.h **** 
 528:C:\Users\bahri\eclipse-workspace\Project_USB_CrossCompile\system\include\cmsis\core_cm4.h **** #define SCB_AIRCR_ENDIANESS_Pos            15U                                            /*!< SCB 
 529:C:\Users\bahri\eclipse-workspace\Project_USB_CrossCompile\system\include\cmsis\core_cm4.h **** #define SCB_AIRCR_ENDIANESS_Msk            (1UL << SCB_AIRCR_ENDIANESS_Pos)               /*!< SCB 
 530:C:\Users\bahri\eclipse-workspace\Project_USB_CrossCompile\system\include\cmsis\core_cm4.h **** 
 531:C:\Users\bahri\eclipse-workspace\Project_USB_CrossCompile\system\include\cmsis\core_cm4.h **** #define SCB_AIRCR_PRIGROUP_Pos              8U                                            /*!< SCB 
 532:C:\Users\bahri\eclipse-workspace\Project_USB_CrossCompile\system\include\cmsis\core_cm4.h **** #define SCB_AIRCR_PRIGROUP_Msk             (7UL << SCB_AIRCR_PRIGROUP_Pos)                /*!< SCB 
 533:C:\Users\bahri\eclipse-workspace\Project_USB_CrossCompile\system\include\cmsis\core_cm4.h **** 
 534:C:\Users\bahri\eclipse-workspace\Project_USB_CrossCompile\system\include\cmsis\core_cm4.h **** #define SCB_AIRCR_SYSRESETREQ_Pos           2U                                            /*!< SCB 
 535:C:\Users\bahri\eclipse-workspace\Project_USB_CrossCompile\system\include\cmsis\core_cm4.h **** #define SCB_AIRCR_SYSRESETREQ_Msk          (1UL << SCB_AIRCR_SYSRESETREQ_Pos)             /*!< SCB 
 536:C:\Users\bahri\eclipse-workspace\Project_USB_CrossCompile\system\include\cmsis\core_cm4.h **** 
 537:C:\Users\bahri\eclipse-workspace\Project_USB_CrossCompile\system\include\cmsis\core_cm4.h **** #define SCB_AIRCR_VECTCLRACTIVE_Pos         1U                                            /*!< SCB 
 538:C:\Users\bahri\eclipse-workspace\Project_USB_CrossCompile\system\include\cmsis\core_cm4.h **** #define SCB_AIRCR_VECTCLRACTIVE_Msk        (1UL << SCB_AIRCR_VECTCLRACTIVE_Pos)           /*!< SCB 
 539:C:\Users\bahri\eclipse-workspace\Project_USB_CrossCompile\system\include\cmsis\core_cm4.h **** 
 540:C:\Users\bahri\eclipse-workspace\Project_USB_CrossCompile\system\include\cmsis\core_cm4.h **** #define SCB_AIRCR_VECTRESET_Pos             0U                                            /*!< SCB 
 541:C:\Users\bahri\eclipse-workspace\Project_USB_CrossCompile\system\include\cmsis\core_cm4.h **** #define SCB_AIRCR_VECTRESET_Msk            (1UL /*<< SCB_AIRCR_VECTRESET_Pos*/)           /*!< SCB 
 542:C:\Users\bahri\eclipse-workspace\Project_USB_CrossCompile\system\include\cmsis\core_cm4.h **** 
 543:C:\Users\bahri\eclipse-workspace\Project_USB_CrossCompile\system\include\cmsis\core_cm4.h **** /* SCB System Control Register Definitions */
 544:C:\Users\bahri\eclipse-workspace\Project_USB_CrossCompile\system\include\cmsis\core_cm4.h **** #define SCB_SCR_SEVONPEND_Pos               4U                                            /*!< SCB 
 545:C:\Users\bahri\eclipse-workspace\Project_USB_CrossCompile\system\include\cmsis\core_cm4.h **** #define SCB_SCR_SEVONPEND_Msk              (1UL << SCB_SCR_SEVONPEND_Pos)                 /*!< SCB 
 546:C:\Users\bahri\eclipse-workspace\Project_USB_CrossCompile\system\include\cmsis\core_cm4.h **** 
 547:C:\Users\bahri\eclipse-workspace\Project_USB_CrossCompile\system\include\cmsis\core_cm4.h **** #define SCB_SCR_SLEEPDEEP_Pos               2U                                            /*!< SCB 
 548:C:\Users\bahri\eclipse-workspace\Project_USB_CrossCompile\system\include\cmsis\core_cm4.h **** #define SCB_SCR_SLEEPDEEP_Msk              (1UL << SCB_SCR_SLEEPDEEP_Pos)                 /*!< SCB 
 549:C:\Users\bahri\eclipse-workspace\Project_USB_CrossCompile\system\include\cmsis\core_cm4.h **** 
 550:C:\Users\bahri\eclipse-workspace\Project_USB_CrossCompile\system\include\cmsis\core_cm4.h **** #define SCB_SCR_SLEEPONEXIT_Pos             1U                                            /*!< SCB 
 551:C:\Users\bahri\eclipse-workspace\Project_USB_CrossCompile\system\include\cmsis\core_cm4.h **** #define SCB_SCR_SLEEPONEXIT_Msk            (1UL << SCB_SCR_SLEEPONEXIT_Pos)               /*!< SCB 
 552:C:\Users\bahri\eclipse-workspace\Project_USB_CrossCompile\system\include\cmsis\core_cm4.h **** 
 553:C:\Users\bahri\eclipse-workspace\Project_USB_CrossCompile\system\include\cmsis\core_cm4.h **** /* SCB Configuration Control Register Definitions */
 554:C:\Users\bahri\eclipse-workspace\Project_USB_CrossCompile\system\include\cmsis\core_cm4.h **** #define SCB_CCR_STKALIGN_Pos                9U                                            /*!< SCB 
 555:C:\Users\bahri\eclipse-workspace\Project_USB_CrossCompile\system\include\cmsis\core_cm4.h **** #define SCB_CCR_STKALIGN_Msk               (1UL << SCB_CCR_STKALIGN_Pos)                  /*!< SCB 
 556:C:\Users\bahri\eclipse-workspace\Project_USB_CrossCompile\system\include\cmsis\core_cm4.h **** 
 557:C:\Users\bahri\eclipse-workspace\Project_USB_CrossCompile\system\include\cmsis\core_cm4.h **** #define SCB_CCR_BFHFNMIGN_Pos               8U                                            /*!< SCB 
 558:C:\Users\bahri\eclipse-workspace\Project_USB_CrossCompile\system\include\cmsis\core_cm4.h **** #define SCB_CCR_BFHFNMIGN_Msk              (1UL << SCB_CCR_BFHFNMIGN_Pos)                 /*!< SCB 
 559:C:\Users\bahri\eclipse-workspace\Project_USB_CrossCompile\system\include\cmsis\core_cm4.h **** 
 560:C:\Users\bahri\eclipse-workspace\Project_USB_CrossCompile\system\include\cmsis\core_cm4.h **** #define SCB_CCR_DIV_0_TRP_Pos               4U                                            /*!< SCB 
 561:C:\Users\bahri\eclipse-workspace\Project_USB_CrossCompile\system\include\cmsis\core_cm4.h **** #define SCB_CCR_DIV_0_TRP_Msk              (1UL << SCB_CCR_DIV_0_TRP_Pos)                 /*!< SCB 
 562:C:\Users\bahri\eclipse-workspace\Project_USB_CrossCompile\system\include\cmsis\core_cm4.h **** 
 563:C:\Users\bahri\eclipse-workspace\Project_USB_CrossCompile\system\include\cmsis\core_cm4.h **** #define SCB_CCR_UNALIGN_TRP_Pos             3U                                            /*!< SCB 
 564:C:\Users\bahri\eclipse-workspace\Project_USB_CrossCompile\system\include\cmsis\core_cm4.h **** #define SCB_CCR_UNALIGN_TRP_Msk            (1UL << SCB_CCR_UNALIGN_TRP_Pos)               /*!< SCB 
 565:C:\Users\bahri\eclipse-workspace\Project_USB_CrossCompile\system\include\cmsis\core_cm4.h **** 
 566:C:\Users\bahri\eclipse-workspace\Project_USB_CrossCompile\system\include\cmsis\core_cm4.h **** #define SCB_CCR_USERSETMPEND_Pos            1U                                            /*!< SCB 
 567:C:\Users\bahri\eclipse-workspace\Project_USB_CrossCompile\system\include\cmsis\core_cm4.h **** #define SCB_CCR_USERSETMPEND_Msk           (1UL << SCB_CCR_USERSETMPEND_Pos)              /*!< SCB 
 568:C:\Users\bahri\eclipse-workspace\Project_USB_CrossCompile\system\include\cmsis\core_cm4.h **** 
 569:C:\Users\bahri\eclipse-workspace\Project_USB_CrossCompile\system\include\cmsis\core_cm4.h **** #define SCB_CCR_NONBASETHRDENA_Pos          0U                                            /*!< SCB 
 570:C:\Users\bahri\eclipse-workspace\Project_USB_CrossCompile\system\include\cmsis\core_cm4.h **** #define SCB_CCR_NONBASETHRDENA_Msk         (1UL /*<< SCB_CCR_NONBASETHRDENA_Pos*/)        /*!< SCB 
 571:C:\Users\bahri\eclipse-workspace\Project_USB_CrossCompile\system\include\cmsis\core_cm4.h **** 
 572:C:\Users\bahri\eclipse-workspace\Project_USB_CrossCompile\system\include\cmsis\core_cm4.h **** /* SCB System Handler Control and State Register Definitions */
 573:C:\Users\bahri\eclipse-workspace\Project_USB_CrossCompile\system\include\cmsis\core_cm4.h **** #define SCB_SHCSR_USGFAULTENA_Pos          18U                                            /*!< SCB 
 574:C:\Users\bahri\eclipse-workspace\Project_USB_CrossCompile\system\include\cmsis\core_cm4.h **** #define SCB_SHCSR_USGFAULTENA_Msk          (1UL << SCB_SHCSR_USGFAULTENA_Pos)             /*!< SCB 
 575:C:\Users\bahri\eclipse-workspace\Project_USB_CrossCompile\system\include\cmsis\core_cm4.h **** 
 576:C:\Users\bahri\eclipse-workspace\Project_USB_CrossCompile\system\include\cmsis\core_cm4.h **** #define SCB_SHCSR_BUSFAULTENA_Pos          17U                                            /*!< SCB 
 577:C:\Users\bahri\eclipse-workspace\Project_USB_CrossCompile\system\include\cmsis\core_cm4.h **** #define SCB_SHCSR_BUSFAULTENA_Msk          (1UL << SCB_SHCSR_BUSFAULTENA_Pos)             /*!< SCB 
 578:C:\Users\bahri\eclipse-workspace\Project_USB_CrossCompile\system\include\cmsis\core_cm4.h **** 
 579:C:\Users\bahri\eclipse-workspace\Project_USB_CrossCompile\system\include\cmsis\core_cm4.h **** #define SCB_SHCSR_MEMFAULTENA_Pos          16U                                            /*!< SCB 
 580:C:\Users\bahri\eclipse-workspace\Project_USB_CrossCompile\system\include\cmsis\core_cm4.h **** #define SCB_SHCSR_MEMFAULTENA_Msk          (1UL << SCB_SHCSR_MEMFAULTENA_Pos)             /*!< SCB 
 581:C:\Users\bahri\eclipse-workspace\Project_USB_CrossCompile\system\include\cmsis\core_cm4.h **** 
 582:C:\Users\bahri\eclipse-workspace\Project_USB_CrossCompile\system\include\cmsis\core_cm4.h **** #define SCB_SHCSR_SVCALLPENDED_Pos         15U                                            /*!< SCB 
 583:C:\Users\bahri\eclipse-workspace\Project_USB_CrossCompile\system\include\cmsis\core_cm4.h **** #define SCB_SHCSR_SVCALLPENDED_Msk         (1UL << SCB_SHCSR_SVCALLPENDED_Pos)            /*!< SCB 
 584:C:\Users\bahri\eclipse-workspace\Project_USB_CrossCompile\system\include\cmsis\core_cm4.h **** 
 585:C:\Users\bahri\eclipse-workspace\Project_USB_CrossCompile\system\include\cmsis\core_cm4.h **** #define SCB_SHCSR_BUSFAULTPENDED_Pos       14U                                            /*!< SCB 
 586:C:\Users\bahri\eclipse-workspace\Project_USB_CrossCompile\system\include\cmsis\core_cm4.h **** #define SCB_SHCSR_BUSFAULTPENDED_Msk       (1UL << SCB_SHCSR_BUSFAULTPENDED_Pos)          /*!< SCB 
 587:C:\Users\bahri\eclipse-workspace\Project_USB_CrossCompile\system\include\cmsis\core_cm4.h **** 
 588:C:\Users\bahri\eclipse-workspace\Project_USB_CrossCompile\system\include\cmsis\core_cm4.h **** #define SCB_SHCSR_MEMFAULTPENDED_Pos       13U                                            /*!< SCB 
 589:C:\Users\bahri\eclipse-workspace\Project_USB_CrossCompile\system\include\cmsis\core_cm4.h **** #define SCB_SHCSR_MEMFAULTPENDED_Msk       (1UL << SCB_SHCSR_MEMFAULTPENDED_Pos)          /*!< SCB 
 590:C:\Users\bahri\eclipse-workspace\Project_USB_CrossCompile\system\include\cmsis\core_cm4.h **** 
 591:C:\Users\bahri\eclipse-workspace\Project_USB_CrossCompile\system\include\cmsis\core_cm4.h **** #define SCB_SHCSR_USGFAULTPENDED_Pos       12U                                            /*!< SCB 
 592:C:\Users\bahri\eclipse-workspace\Project_USB_CrossCompile\system\include\cmsis\core_cm4.h **** #define SCB_SHCSR_USGFAULTPENDED_Msk       (1UL << SCB_SHCSR_USGFAULTPENDED_Pos)          /*!< SCB 
 593:C:\Users\bahri\eclipse-workspace\Project_USB_CrossCompile\system\include\cmsis\core_cm4.h **** 
 594:C:\Users\bahri\eclipse-workspace\Project_USB_CrossCompile\system\include\cmsis\core_cm4.h **** #define SCB_SHCSR_SYSTICKACT_Pos           11U                                            /*!< SCB 
 595:C:\Users\bahri\eclipse-workspace\Project_USB_CrossCompile\system\include\cmsis\core_cm4.h **** #define SCB_SHCSR_SYSTICKACT_Msk           (1UL << SCB_SHCSR_SYSTICKACT_Pos)              /*!< SCB 
 596:C:\Users\bahri\eclipse-workspace\Project_USB_CrossCompile\system\include\cmsis\core_cm4.h **** 
 597:C:\Users\bahri\eclipse-workspace\Project_USB_CrossCompile\system\include\cmsis\core_cm4.h **** #define SCB_SHCSR_PENDSVACT_Pos            10U                                            /*!< SCB 
 598:C:\Users\bahri\eclipse-workspace\Project_USB_CrossCompile\system\include\cmsis\core_cm4.h **** #define SCB_SHCSR_PENDSVACT_Msk            (1UL << SCB_SHCSR_PENDSVACT_Pos)               /*!< SCB 
 599:C:\Users\bahri\eclipse-workspace\Project_USB_CrossCompile\system\include\cmsis\core_cm4.h **** 
 600:C:\Users\bahri\eclipse-workspace\Project_USB_CrossCompile\system\include\cmsis\core_cm4.h **** #define SCB_SHCSR_MONITORACT_Pos            8U                                            /*!< SCB 
 601:C:\Users\bahri\eclipse-workspace\Project_USB_CrossCompile\system\include\cmsis\core_cm4.h **** #define SCB_SHCSR_MONITORACT_Msk           (1UL << SCB_SHCSR_MONITORACT_Pos)              /*!< SCB 
 602:C:\Users\bahri\eclipse-workspace\Project_USB_CrossCompile\system\include\cmsis\core_cm4.h **** 
 603:C:\Users\bahri\eclipse-workspace\Project_USB_CrossCompile\system\include\cmsis\core_cm4.h **** #define SCB_SHCSR_SVCALLACT_Pos             7U                                            /*!< SCB 
 604:C:\Users\bahri\eclipse-workspace\Project_USB_CrossCompile\system\include\cmsis\core_cm4.h **** #define SCB_SHCSR_SVCALLACT_Msk            (1UL << SCB_SHCSR_SVCALLACT_Pos)               /*!< SCB 
 605:C:\Users\bahri\eclipse-workspace\Project_USB_CrossCompile\system\include\cmsis\core_cm4.h **** 
 606:C:\Users\bahri\eclipse-workspace\Project_USB_CrossCompile\system\include\cmsis\core_cm4.h **** #define SCB_SHCSR_USGFAULTACT_Pos           3U                                            /*!< SCB 
 607:C:\Users\bahri\eclipse-workspace\Project_USB_CrossCompile\system\include\cmsis\core_cm4.h **** #define SCB_SHCSR_USGFAULTACT_Msk          (1UL << SCB_SHCSR_USGFAULTACT_Pos)             /*!< SCB 
 608:C:\Users\bahri\eclipse-workspace\Project_USB_CrossCompile\system\include\cmsis\core_cm4.h **** 
 609:C:\Users\bahri\eclipse-workspace\Project_USB_CrossCompile\system\include\cmsis\core_cm4.h **** #define SCB_SHCSR_BUSFAULTACT_Pos           1U                                            /*!< SCB 
 610:C:\Users\bahri\eclipse-workspace\Project_USB_CrossCompile\system\include\cmsis\core_cm4.h **** #define SCB_SHCSR_BUSFAULTACT_Msk          (1UL << SCB_SHCSR_BUSFAULTACT_Pos)             /*!< SCB 
 611:C:\Users\bahri\eclipse-workspace\Project_USB_CrossCompile\system\include\cmsis\core_cm4.h **** 
 612:C:\Users\bahri\eclipse-workspace\Project_USB_CrossCompile\system\include\cmsis\core_cm4.h **** #define SCB_SHCSR_MEMFAULTACT_Pos           0U                                            /*!< SCB 
 613:C:\Users\bahri\eclipse-workspace\Project_USB_CrossCompile\system\include\cmsis\core_cm4.h **** #define SCB_SHCSR_MEMFAULTACT_Msk          (1UL /*<< SCB_SHCSR_MEMFAULTACT_Pos*/)         /*!< SCB 
 614:C:\Users\bahri\eclipse-workspace\Project_USB_CrossCompile\system\include\cmsis\core_cm4.h **** 
 615:C:\Users\bahri\eclipse-workspace\Project_USB_CrossCompile\system\include\cmsis\core_cm4.h **** /* SCB Configurable Fault Status Register Definitions */
 616:C:\Users\bahri\eclipse-workspace\Project_USB_CrossCompile\system\include\cmsis\core_cm4.h **** #define SCB_CFSR_USGFAULTSR_Pos            16U                                            /*!< SCB 
 617:C:\Users\bahri\eclipse-workspace\Project_USB_CrossCompile\system\include\cmsis\core_cm4.h **** #define SCB_CFSR_USGFAULTSR_Msk            (0xFFFFUL << SCB_CFSR_USGFAULTSR_Pos)          /*!< SCB 
 618:C:\Users\bahri\eclipse-workspace\Project_USB_CrossCompile\system\include\cmsis\core_cm4.h **** 
 619:C:\Users\bahri\eclipse-workspace\Project_USB_CrossCompile\system\include\cmsis\core_cm4.h **** #define SCB_CFSR_BUSFAULTSR_Pos             8U                                            /*!< SCB 
 620:C:\Users\bahri\eclipse-workspace\Project_USB_CrossCompile\system\include\cmsis\core_cm4.h **** #define SCB_CFSR_BUSFAULTSR_Msk            (0xFFUL << SCB_CFSR_BUSFAULTSR_Pos)            /*!< SCB 
 621:C:\Users\bahri\eclipse-workspace\Project_USB_CrossCompile\system\include\cmsis\core_cm4.h **** 
 622:C:\Users\bahri\eclipse-workspace\Project_USB_CrossCompile\system\include\cmsis\core_cm4.h **** #define SCB_CFSR_MEMFAULTSR_Pos             0U                                            /*!< SCB 
 623:C:\Users\bahri\eclipse-workspace\Project_USB_CrossCompile\system\include\cmsis\core_cm4.h **** #define SCB_CFSR_MEMFAULTSR_Msk            (0xFFUL /*<< SCB_CFSR_MEMFAULTSR_Pos*/)        /*!< SCB 
 624:C:\Users\bahri\eclipse-workspace\Project_USB_CrossCompile\system\include\cmsis\core_cm4.h **** 
 625:C:\Users\bahri\eclipse-workspace\Project_USB_CrossCompile\system\include\cmsis\core_cm4.h **** /* MemManage Fault Status Register (part of SCB Configurable Fault Status Register) */
 626:C:\Users\bahri\eclipse-workspace\Project_USB_CrossCompile\system\include\cmsis\core_cm4.h **** #define SCB_CFSR_MMARVALID_Pos             (SCB_CFSR_MEMFAULTSR_Pos + 7U)                 /*!< SCB 
 627:C:\Users\bahri\eclipse-workspace\Project_USB_CrossCompile\system\include\cmsis\core_cm4.h **** #define SCB_CFSR_MMARVALID_Msk             (1UL << SCB_CFSR_MMARVALID_Pos)                /*!< SCB 
 628:C:\Users\bahri\eclipse-workspace\Project_USB_CrossCompile\system\include\cmsis\core_cm4.h **** 
 629:C:\Users\bahri\eclipse-workspace\Project_USB_CrossCompile\system\include\cmsis\core_cm4.h **** #define SCB_CFSR_MLSPERR_Pos               (SCB_CFSR_MEMFAULTSR_Pos + 5U)                 /*!< SCB 
 630:C:\Users\bahri\eclipse-workspace\Project_USB_CrossCompile\system\include\cmsis\core_cm4.h **** #define SCB_CFSR_MLSPERR_Msk               (1UL << SCB_CFSR_MLSPERR_Pos)                  /*!< SCB 
 631:C:\Users\bahri\eclipse-workspace\Project_USB_CrossCompile\system\include\cmsis\core_cm4.h **** 
 632:C:\Users\bahri\eclipse-workspace\Project_USB_CrossCompile\system\include\cmsis\core_cm4.h **** #define SCB_CFSR_MSTKERR_Pos               (SCB_CFSR_MEMFAULTSR_Pos + 4U)                 /*!< SCB 
 633:C:\Users\bahri\eclipse-workspace\Project_USB_CrossCompile\system\include\cmsis\core_cm4.h **** #define SCB_CFSR_MSTKERR_Msk               (1UL << SCB_CFSR_MSTKERR_Pos)                  /*!< SCB 
 634:C:\Users\bahri\eclipse-workspace\Project_USB_CrossCompile\system\include\cmsis\core_cm4.h **** 
 635:C:\Users\bahri\eclipse-workspace\Project_USB_CrossCompile\system\include\cmsis\core_cm4.h **** #define SCB_CFSR_MUNSTKERR_Pos             (SCB_CFSR_MEMFAULTSR_Pos + 3U)                 /*!< SCB 
 636:C:\Users\bahri\eclipse-workspace\Project_USB_CrossCompile\system\include\cmsis\core_cm4.h **** #define SCB_CFSR_MUNSTKERR_Msk             (1UL << SCB_CFSR_MUNSTKERR_Pos)                /*!< SCB 
 637:C:\Users\bahri\eclipse-workspace\Project_USB_CrossCompile\system\include\cmsis\core_cm4.h **** 
 638:C:\Users\bahri\eclipse-workspace\Project_USB_CrossCompile\system\include\cmsis\core_cm4.h **** #define SCB_CFSR_DACCVIOL_Pos              (SCB_CFSR_MEMFAULTSR_Pos + 1U)                 /*!< SCB 
 639:C:\Users\bahri\eclipse-workspace\Project_USB_CrossCompile\system\include\cmsis\core_cm4.h **** #define SCB_CFSR_DACCVIOL_Msk              (1UL << SCB_CFSR_DACCVIOL_Pos)                 /*!< SCB 
 640:C:\Users\bahri\eclipse-workspace\Project_USB_CrossCompile\system\include\cmsis\core_cm4.h **** 
 641:C:\Users\bahri\eclipse-workspace\Project_USB_CrossCompile\system\include\cmsis\core_cm4.h **** #define SCB_CFSR_IACCVIOL_Pos              (SCB_CFSR_MEMFAULTSR_Pos + 0U)                 /*!< SCB 
 642:C:\Users\bahri\eclipse-workspace\Project_USB_CrossCompile\system\include\cmsis\core_cm4.h **** #define SCB_CFSR_IACCVIOL_Msk              (1UL /*<< SCB_CFSR_IACCVIOL_Pos*/)             /*!< SCB 
 643:C:\Users\bahri\eclipse-workspace\Project_USB_CrossCompile\system\include\cmsis\core_cm4.h **** 
 644:C:\Users\bahri\eclipse-workspace\Project_USB_CrossCompile\system\include\cmsis\core_cm4.h **** /* BusFault Status Register (part of SCB Configurable Fault Status Register) */
 645:C:\Users\bahri\eclipse-workspace\Project_USB_CrossCompile\system\include\cmsis\core_cm4.h **** #define SCB_CFSR_BFARVALID_Pos            (SCB_CFSR_BUSFAULTSR_Pos + 7U)                  /*!< SCB 
 646:C:\Users\bahri\eclipse-workspace\Project_USB_CrossCompile\system\include\cmsis\core_cm4.h **** #define SCB_CFSR_BFARVALID_Msk            (1UL << SCB_CFSR_BFARVALID_Pos)                 /*!< SCB 
 647:C:\Users\bahri\eclipse-workspace\Project_USB_CrossCompile\system\include\cmsis\core_cm4.h **** 
 648:C:\Users\bahri\eclipse-workspace\Project_USB_CrossCompile\system\include\cmsis\core_cm4.h **** #define SCB_CFSR_LSPERR_Pos               (SCB_CFSR_BUSFAULTSR_Pos + 5U)                  /*!< SCB 
 649:C:\Users\bahri\eclipse-workspace\Project_USB_CrossCompile\system\include\cmsis\core_cm4.h **** #define SCB_CFSR_LSPERR_Msk               (1UL << SCB_CFSR_LSPERR_Pos)                    /*!< SCB 
 650:C:\Users\bahri\eclipse-workspace\Project_USB_CrossCompile\system\include\cmsis\core_cm4.h **** 
 651:C:\Users\bahri\eclipse-workspace\Project_USB_CrossCompile\system\include\cmsis\core_cm4.h **** #define SCB_CFSR_STKERR_Pos               (SCB_CFSR_BUSFAULTSR_Pos + 4U)                  /*!< SCB 
 652:C:\Users\bahri\eclipse-workspace\Project_USB_CrossCompile\system\include\cmsis\core_cm4.h **** #define SCB_CFSR_STKERR_Msk               (1UL << SCB_CFSR_STKERR_Pos)                    /*!< SCB 
 653:C:\Users\bahri\eclipse-workspace\Project_USB_CrossCompile\system\include\cmsis\core_cm4.h **** 
 654:C:\Users\bahri\eclipse-workspace\Project_USB_CrossCompile\system\include\cmsis\core_cm4.h **** #define SCB_CFSR_UNSTKERR_Pos             (SCB_CFSR_BUSFAULTSR_Pos + 3U)                  /*!< SCB 
 655:C:\Users\bahri\eclipse-workspace\Project_USB_CrossCompile\system\include\cmsis\core_cm4.h **** #define SCB_CFSR_UNSTKERR_Msk             (1UL << SCB_CFSR_UNSTKERR_Pos)                  /*!< SCB 
 656:C:\Users\bahri\eclipse-workspace\Project_USB_CrossCompile\system\include\cmsis\core_cm4.h **** 
 657:C:\Users\bahri\eclipse-workspace\Project_USB_CrossCompile\system\include\cmsis\core_cm4.h **** #define SCB_CFSR_IMPRECISERR_Pos          (SCB_CFSR_BUSFAULTSR_Pos + 2U)                  /*!< SCB 
 658:C:\Users\bahri\eclipse-workspace\Project_USB_CrossCompile\system\include\cmsis\core_cm4.h **** #define SCB_CFSR_IMPRECISERR_Msk          (1UL << SCB_CFSR_IMPRECISERR_Pos)               /*!< SCB 
 659:C:\Users\bahri\eclipse-workspace\Project_USB_CrossCompile\system\include\cmsis\core_cm4.h **** 
 660:C:\Users\bahri\eclipse-workspace\Project_USB_CrossCompile\system\include\cmsis\core_cm4.h **** #define SCB_CFSR_PRECISERR_Pos            (SCB_CFSR_BUSFAULTSR_Pos + 1U)                  /*!< SCB 
 661:C:\Users\bahri\eclipse-workspace\Project_USB_CrossCompile\system\include\cmsis\core_cm4.h **** #define SCB_CFSR_PRECISERR_Msk            (1UL << SCB_CFSR_PRECISERR_Pos)                 /*!< SCB 
 662:C:\Users\bahri\eclipse-workspace\Project_USB_CrossCompile\system\include\cmsis\core_cm4.h **** 
 663:C:\Users\bahri\eclipse-workspace\Project_USB_CrossCompile\system\include\cmsis\core_cm4.h **** #define SCB_CFSR_IBUSERR_Pos              (SCB_CFSR_BUSFAULTSR_Pos + 0U)                  /*!< SCB 
 664:C:\Users\bahri\eclipse-workspace\Project_USB_CrossCompile\system\include\cmsis\core_cm4.h **** #define SCB_CFSR_IBUSERR_Msk              (1UL << SCB_CFSR_IBUSERR_Pos)                   /*!< SCB 
 665:C:\Users\bahri\eclipse-workspace\Project_USB_CrossCompile\system\include\cmsis\core_cm4.h **** 
 666:C:\Users\bahri\eclipse-workspace\Project_USB_CrossCompile\system\include\cmsis\core_cm4.h **** /* UsageFault Status Register (part of SCB Configurable Fault Status Register) */
 667:C:\Users\bahri\eclipse-workspace\Project_USB_CrossCompile\system\include\cmsis\core_cm4.h **** #define SCB_CFSR_DIVBYZERO_Pos            (SCB_CFSR_USGFAULTSR_Pos + 9U)                  /*!< SCB 
 668:C:\Users\bahri\eclipse-workspace\Project_USB_CrossCompile\system\include\cmsis\core_cm4.h **** #define SCB_CFSR_DIVBYZERO_Msk            (1UL << SCB_CFSR_DIVBYZERO_Pos)                 /*!< SCB 
 669:C:\Users\bahri\eclipse-workspace\Project_USB_CrossCompile\system\include\cmsis\core_cm4.h **** 
 670:C:\Users\bahri\eclipse-workspace\Project_USB_CrossCompile\system\include\cmsis\core_cm4.h **** #define SCB_CFSR_UNALIGNED_Pos            (SCB_CFSR_USGFAULTSR_Pos + 8U)                  /*!< SCB 
 671:C:\Users\bahri\eclipse-workspace\Project_USB_CrossCompile\system\include\cmsis\core_cm4.h **** #define SCB_CFSR_UNALIGNED_Msk            (1UL << SCB_CFSR_UNALIGNED_Pos)                 /*!< SCB 
 672:C:\Users\bahri\eclipse-workspace\Project_USB_CrossCompile\system\include\cmsis\core_cm4.h **** 
 673:C:\Users\bahri\eclipse-workspace\Project_USB_CrossCompile\system\include\cmsis\core_cm4.h **** #define SCB_CFSR_NOCP_Pos                 (SCB_CFSR_USGFAULTSR_Pos + 3U)                  /*!< SCB 
 674:C:\Users\bahri\eclipse-workspace\Project_USB_CrossCompile\system\include\cmsis\core_cm4.h **** #define SCB_CFSR_NOCP_Msk                 (1UL << SCB_CFSR_NOCP_Pos)                      /*!< SCB 
 675:C:\Users\bahri\eclipse-workspace\Project_USB_CrossCompile\system\include\cmsis\core_cm4.h **** 
 676:C:\Users\bahri\eclipse-workspace\Project_USB_CrossCompile\system\include\cmsis\core_cm4.h **** #define SCB_CFSR_INVPC_Pos                (SCB_CFSR_USGFAULTSR_Pos + 2U)                  /*!< SCB 
 677:C:\Users\bahri\eclipse-workspace\Project_USB_CrossCompile\system\include\cmsis\core_cm4.h **** #define SCB_CFSR_INVPC_Msk                (1UL << SCB_CFSR_INVPC_Pos)                     /*!< SCB 
 678:C:\Users\bahri\eclipse-workspace\Project_USB_CrossCompile\system\include\cmsis\core_cm4.h **** 
 679:C:\Users\bahri\eclipse-workspace\Project_USB_CrossCompile\system\include\cmsis\core_cm4.h **** #define SCB_CFSR_INVSTATE_Pos             (SCB_CFSR_USGFAULTSR_Pos + 1U)                  /*!< SCB 
 680:C:\Users\bahri\eclipse-workspace\Project_USB_CrossCompile\system\include\cmsis\core_cm4.h **** #define SCB_CFSR_INVSTATE_Msk             (1UL << SCB_CFSR_INVSTATE_Pos)                  /*!< SCB 
 681:C:\Users\bahri\eclipse-workspace\Project_USB_CrossCompile\system\include\cmsis\core_cm4.h **** 
 682:C:\Users\bahri\eclipse-workspace\Project_USB_CrossCompile\system\include\cmsis\core_cm4.h **** #define SCB_CFSR_UNDEFINSTR_Pos           (SCB_CFSR_USGFAULTSR_Pos + 0U)                  /*!< SCB 
 683:C:\Users\bahri\eclipse-workspace\Project_USB_CrossCompile\system\include\cmsis\core_cm4.h **** #define SCB_CFSR_UNDEFINSTR_Msk           (1UL << SCB_CFSR_UNDEFINSTR_Pos)                /*!< SCB 
 684:C:\Users\bahri\eclipse-workspace\Project_USB_CrossCompile\system\include\cmsis\core_cm4.h **** 
 685:C:\Users\bahri\eclipse-workspace\Project_USB_CrossCompile\system\include\cmsis\core_cm4.h **** /* SCB Hard Fault Status Register Definitions */
 686:C:\Users\bahri\eclipse-workspace\Project_USB_CrossCompile\system\include\cmsis\core_cm4.h **** #define SCB_HFSR_DEBUGEVT_Pos              31U                                            /*!< SCB 
 687:C:\Users\bahri\eclipse-workspace\Project_USB_CrossCompile\system\include\cmsis\core_cm4.h **** #define SCB_HFSR_DEBUGEVT_Msk              (1UL << SCB_HFSR_DEBUGEVT_Pos)                 /*!< SCB 
 688:C:\Users\bahri\eclipse-workspace\Project_USB_CrossCompile\system\include\cmsis\core_cm4.h **** 
 689:C:\Users\bahri\eclipse-workspace\Project_USB_CrossCompile\system\include\cmsis\core_cm4.h **** #define SCB_HFSR_FORCED_Pos                30U                                            /*!< SCB 
 690:C:\Users\bahri\eclipse-workspace\Project_USB_CrossCompile\system\include\cmsis\core_cm4.h **** #define SCB_HFSR_FORCED_Msk                (1UL << SCB_HFSR_FORCED_Pos)                   /*!< SCB 
 691:C:\Users\bahri\eclipse-workspace\Project_USB_CrossCompile\system\include\cmsis\core_cm4.h **** 
 692:C:\Users\bahri\eclipse-workspace\Project_USB_CrossCompile\system\include\cmsis\core_cm4.h **** #define SCB_HFSR_VECTTBL_Pos                1U                                            /*!< SCB 
 693:C:\Users\bahri\eclipse-workspace\Project_USB_CrossCompile\system\include\cmsis\core_cm4.h **** #define SCB_HFSR_VECTTBL_Msk               (1UL << SCB_HFSR_VECTTBL_Pos)                  /*!< SCB 
 694:C:\Users\bahri\eclipse-workspace\Project_USB_CrossCompile\system\include\cmsis\core_cm4.h **** 
 695:C:\Users\bahri\eclipse-workspace\Project_USB_CrossCompile\system\include\cmsis\core_cm4.h **** /* SCB Debug Fault Status Register Definitions */
 696:C:\Users\bahri\eclipse-workspace\Project_USB_CrossCompile\system\include\cmsis\core_cm4.h **** #define SCB_DFSR_EXTERNAL_Pos               4U                                            /*!< SCB 
 697:C:\Users\bahri\eclipse-workspace\Project_USB_CrossCompile\system\include\cmsis\core_cm4.h **** #define SCB_DFSR_EXTERNAL_Msk              (1UL << SCB_DFSR_EXTERNAL_Pos)                 /*!< SCB 
 698:C:\Users\bahri\eclipse-workspace\Project_USB_CrossCompile\system\include\cmsis\core_cm4.h **** 
 699:C:\Users\bahri\eclipse-workspace\Project_USB_CrossCompile\system\include\cmsis\core_cm4.h **** #define SCB_DFSR_VCATCH_Pos                 3U                                            /*!< SCB 
 700:C:\Users\bahri\eclipse-workspace\Project_USB_CrossCompile\system\include\cmsis\core_cm4.h **** #define SCB_DFSR_VCATCH_Msk                (1UL << SCB_DFSR_VCATCH_Pos)                   /*!< SCB 
 701:C:\Users\bahri\eclipse-workspace\Project_USB_CrossCompile\system\include\cmsis\core_cm4.h **** 
 702:C:\Users\bahri\eclipse-workspace\Project_USB_CrossCompile\system\include\cmsis\core_cm4.h **** #define SCB_DFSR_DWTTRAP_Pos                2U                                            /*!< SCB 
 703:C:\Users\bahri\eclipse-workspace\Project_USB_CrossCompile\system\include\cmsis\core_cm4.h **** #define SCB_DFSR_DWTTRAP_Msk               (1UL << SCB_DFSR_DWTTRAP_Pos)                  /*!< SCB 
 704:C:\Users\bahri\eclipse-workspace\Project_USB_CrossCompile\system\include\cmsis\core_cm4.h **** 
 705:C:\Users\bahri\eclipse-workspace\Project_USB_CrossCompile\system\include\cmsis\core_cm4.h **** #define SCB_DFSR_BKPT_Pos                   1U                                            /*!< SCB 
 706:C:\Users\bahri\eclipse-workspace\Project_USB_CrossCompile\system\include\cmsis\core_cm4.h **** #define SCB_DFSR_BKPT_Msk                  (1UL << SCB_DFSR_BKPT_Pos)                     /*!< SCB 
 707:C:\Users\bahri\eclipse-workspace\Project_USB_CrossCompile\system\include\cmsis\core_cm4.h **** 
 708:C:\Users\bahri\eclipse-workspace\Project_USB_CrossCompile\system\include\cmsis\core_cm4.h **** #define SCB_DFSR_HALTED_Pos                 0U                                            /*!< SCB 
 709:C:\Users\bahri\eclipse-workspace\Project_USB_CrossCompile\system\include\cmsis\core_cm4.h **** #define SCB_DFSR_HALTED_Msk                (1UL /*<< SCB_DFSR_HALTED_Pos*/)               /*!< SCB 
 710:C:\Users\bahri\eclipse-workspace\Project_USB_CrossCompile\system\include\cmsis\core_cm4.h **** 
 711:C:\Users\bahri\eclipse-workspace\Project_USB_CrossCompile\system\include\cmsis\core_cm4.h **** /*@} end of group CMSIS_SCB */
 712:C:\Users\bahri\eclipse-workspace\Project_USB_CrossCompile\system\include\cmsis\core_cm4.h **** 
 713:C:\Users\bahri\eclipse-workspace\Project_USB_CrossCompile\system\include\cmsis\core_cm4.h **** 
 714:C:\Users\bahri\eclipse-workspace\Project_USB_CrossCompile\system\include\cmsis\core_cm4.h **** /**
 715:C:\Users\bahri\eclipse-workspace\Project_USB_CrossCompile\system\include\cmsis\core_cm4.h ****   \ingroup  CMSIS_core_register
 716:C:\Users\bahri\eclipse-workspace\Project_USB_CrossCompile\system\include\cmsis\core_cm4.h ****   \defgroup CMSIS_SCnSCB System Controls not in SCB (SCnSCB)
 717:C:\Users\bahri\eclipse-workspace\Project_USB_CrossCompile\system\include\cmsis\core_cm4.h ****   \brief    Type definitions for the System Control and ID Register not in the SCB
 718:C:\Users\bahri\eclipse-workspace\Project_USB_CrossCompile\system\include\cmsis\core_cm4.h ****   @{
 719:C:\Users\bahri\eclipse-workspace\Project_USB_CrossCompile\system\include\cmsis\core_cm4.h ****  */
 720:C:\Users\bahri\eclipse-workspace\Project_USB_CrossCompile\system\include\cmsis\core_cm4.h **** 
 721:C:\Users\bahri\eclipse-workspace\Project_USB_CrossCompile\system\include\cmsis\core_cm4.h **** /**
 722:C:\Users\bahri\eclipse-workspace\Project_USB_CrossCompile\system\include\cmsis\core_cm4.h ****   \brief  Structure type to access the System Control and ID Register not in the SCB.
 723:C:\Users\bahri\eclipse-workspace\Project_USB_CrossCompile\system\include\cmsis\core_cm4.h ****  */
 724:C:\Users\bahri\eclipse-workspace\Project_USB_CrossCompile\system\include\cmsis\core_cm4.h **** typedef struct
 725:C:\Users\bahri\eclipse-workspace\Project_USB_CrossCompile\system\include\cmsis\core_cm4.h **** {
 726:C:\Users\bahri\eclipse-workspace\Project_USB_CrossCompile\system\include\cmsis\core_cm4.h ****         uint32_t RESERVED0[1U];
 727:C:\Users\bahri\eclipse-workspace\Project_USB_CrossCompile\system\include\cmsis\core_cm4.h ****   __IM  uint32_t ICTR;                   /*!< Offset: 0x004 (R/ )  Interrupt Controller Type Regist
 728:C:\Users\bahri\eclipse-workspace\Project_USB_CrossCompile\system\include\cmsis\core_cm4.h ****   __IOM uint32_t ACTLR;                  /*!< Offset: 0x008 (R/W)  Auxiliary Control Register */
 729:C:\Users\bahri\eclipse-workspace\Project_USB_CrossCompile\system\include\cmsis\core_cm4.h **** } SCnSCB_Type;
 730:C:\Users\bahri\eclipse-workspace\Project_USB_CrossCompile\system\include\cmsis\core_cm4.h **** 
 731:C:\Users\bahri\eclipse-workspace\Project_USB_CrossCompile\system\include\cmsis\core_cm4.h **** /* Interrupt Controller Type Register Definitions */
 732:C:\Users\bahri\eclipse-workspace\Project_USB_CrossCompile\system\include\cmsis\core_cm4.h **** #define SCnSCB_ICTR_INTLINESNUM_Pos         0U                                         /*!< ICTR: I
 733:C:\Users\bahri\eclipse-workspace\Project_USB_CrossCompile\system\include\cmsis\core_cm4.h **** #define SCnSCB_ICTR_INTLINESNUM_Msk        (0xFUL /*<< SCnSCB_ICTR_INTLINESNUM_Pos*/)  /*!< ICTR: I
 734:C:\Users\bahri\eclipse-workspace\Project_USB_CrossCompile\system\include\cmsis\core_cm4.h **** 
 735:C:\Users\bahri\eclipse-workspace\Project_USB_CrossCompile\system\include\cmsis\core_cm4.h **** /* Auxiliary Control Register Definitions */
 736:C:\Users\bahri\eclipse-workspace\Project_USB_CrossCompile\system\include\cmsis\core_cm4.h **** #define SCnSCB_ACTLR_DISOOFP_Pos            9U                                         /*!< ACTLR: 
 737:C:\Users\bahri\eclipse-workspace\Project_USB_CrossCompile\system\include\cmsis\core_cm4.h **** #define SCnSCB_ACTLR_DISOOFP_Msk           (1UL << SCnSCB_ACTLR_DISOOFP_Pos)           /*!< ACTLR: 
 738:C:\Users\bahri\eclipse-workspace\Project_USB_CrossCompile\system\include\cmsis\core_cm4.h **** 
 739:C:\Users\bahri\eclipse-workspace\Project_USB_CrossCompile\system\include\cmsis\core_cm4.h **** #define SCnSCB_ACTLR_DISFPCA_Pos            8U                                         /*!< ACTLR: 
 740:C:\Users\bahri\eclipse-workspace\Project_USB_CrossCompile\system\include\cmsis\core_cm4.h **** #define SCnSCB_ACTLR_DISFPCA_Msk           (1UL << SCnSCB_ACTLR_DISFPCA_Pos)           /*!< ACTLR: 
 741:C:\Users\bahri\eclipse-workspace\Project_USB_CrossCompile\system\include\cmsis\core_cm4.h **** 
 742:C:\Users\bahri\eclipse-workspace\Project_USB_CrossCompile\system\include\cmsis\core_cm4.h **** #define SCnSCB_ACTLR_DISFOLD_Pos            2U                                         /*!< ACTLR: 
 743:C:\Users\bahri\eclipse-workspace\Project_USB_CrossCompile\system\include\cmsis\core_cm4.h **** #define SCnSCB_ACTLR_DISFOLD_Msk           (1UL << SCnSCB_ACTLR_DISFOLD_Pos)           /*!< ACTLR: 
 744:C:\Users\bahri\eclipse-workspace\Project_USB_CrossCompile\system\include\cmsis\core_cm4.h **** 
 745:C:\Users\bahri\eclipse-workspace\Project_USB_CrossCompile\system\include\cmsis\core_cm4.h **** #define SCnSCB_ACTLR_DISDEFWBUF_Pos         1U                                         /*!< ACTLR: 
 746:C:\Users\bahri\eclipse-workspace\Project_USB_CrossCompile\system\include\cmsis\core_cm4.h **** #define SCnSCB_ACTLR_DISDEFWBUF_Msk        (1UL << SCnSCB_ACTLR_DISDEFWBUF_Pos)        /*!< ACTLR: 
 747:C:\Users\bahri\eclipse-workspace\Project_USB_CrossCompile\system\include\cmsis\core_cm4.h **** 
 748:C:\Users\bahri\eclipse-workspace\Project_USB_CrossCompile\system\include\cmsis\core_cm4.h **** #define SCnSCB_ACTLR_DISMCYCINT_Pos         0U                                         /*!< ACTLR: 
 749:C:\Users\bahri\eclipse-workspace\Project_USB_CrossCompile\system\include\cmsis\core_cm4.h **** #define SCnSCB_ACTLR_DISMCYCINT_Msk        (1UL /*<< SCnSCB_ACTLR_DISMCYCINT_Pos*/)    /*!< ACTLR: 
 750:C:\Users\bahri\eclipse-workspace\Project_USB_CrossCompile\system\include\cmsis\core_cm4.h **** 
 751:C:\Users\bahri\eclipse-workspace\Project_USB_CrossCompile\system\include\cmsis\core_cm4.h **** /*@} end of group CMSIS_SCnotSCB */
 752:C:\Users\bahri\eclipse-workspace\Project_USB_CrossCompile\system\include\cmsis\core_cm4.h **** 
 753:C:\Users\bahri\eclipse-workspace\Project_USB_CrossCompile\system\include\cmsis\core_cm4.h **** 
 754:C:\Users\bahri\eclipse-workspace\Project_USB_CrossCompile\system\include\cmsis\core_cm4.h **** /**
 755:C:\Users\bahri\eclipse-workspace\Project_USB_CrossCompile\system\include\cmsis\core_cm4.h ****   \ingroup  CMSIS_core_register
 756:C:\Users\bahri\eclipse-workspace\Project_USB_CrossCompile\system\include\cmsis\core_cm4.h ****   \defgroup CMSIS_SysTick     System Tick Timer (SysTick)
 757:C:\Users\bahri\eclipse-workspace\Project_USB_CrossCompile\system\include\cmsis\core_cm4.h ****   \brief    Type definitions for the System Timer Registers.
 758:C:\Users\bahri\eclipse-workspace\Project_USB_CrossCompile\system\include\cmsis\core_cm4.h ****   @{
 759:C:\Users\bahri\eclipse-workspace\Project_USB_CrossCompile\system\include\cmsis\core_cm4.h ****  */
 760:C:\Users\bahri\eclipse-workspace\Project_USB_CrossCompile\system\include\cmsis\core_cm4.h **** 
 761:C:\Users\bahri\eclipse-workspace\Project_USB_CrossCompile\system\include\cmsis\core_cm4.h **** /**
 762:C:\Users\bahri\eclipse-workspace\Project_USB_CrossCompile\system\include\cmsis\core_cm4.h ****   \brief  Structure type to access the System Timer (SysTick).
 763:C:\Users\bahri\eclipse-workspace\Project_USB_CrossCompile\system\include\cmsis\core_cm4.h ****  */
 764:C:\Users\bahri\eclipse-workspace\Project_USB_CrossCompile\system\include\cmsis\core_cm4.h **** typedef struct
 765:C:\Users\bahri\eclipse-workspace\Project_USB_CrossCompile\system\include\cmsis\core_cm4.h **** {
 766:C:\Users\bahri\eclipse-workspace\Project_USB_CrossCompile\system\include\cmsis\core_cm4.h ****   __IOM uint32_t CTRL;                   /*!< Offset: 0x000 (R/W)  SysTick Control and Status Regis
 767:C:\Users\bahri\eclipse-workspace\Project_USB_CrossCompile\system\include\cmsis\core_cm4.h ****   __IOM uint32_t LOAD;                   /*!< Offset: 0x004 (R/W)  SysTick Reload Value Register */
 768:C:\Users\bahri\eclipse-workspace\Project_USB_CrossCompile\system\include\cmsis\core_cm4.h ****   __IOM uint32_t VAL;                    /*!< Offset: 0x008 (R/W)  SysTick Current Value Register *
 769:C:\Users\bahri\eclipse-workspace\Project_USB_CrossCompile\system\include\cmsis\core_cm4.h ****   __IM  uint32_t CALIB;                  /*!< Offset: 0x00C (R/ )  SysTick Calibration Register */
 770:C:\Users\bahri\eclipse-workspace\Project_USB_CrossCompile\system\include\cmsis\core_cm4.h **** } SysTick_Type;
 771:C:\Users\bahri\eclipse-workspace\Project_USB_CrossCompile\system\include\cmsis\core_cm4.h **** 
 772:C:\Users\bahri\eclipse-workspace\Project_USB_CrossCompile\system\include\cmsis\core_cm4.h **** /* SysTick Control / Status Register Definitions */
 773:C:\Users\bahri\eclipse-workspace\Project_USB_CrossCompile\system\include\cmsis\core_cm4.h **** #define SysTick_CTRL_COUNTFLAG_Pos         16U                                            /*!< SysT
 774:C:\Users\bahri\eclipse-workspace\Project_USB_CrossCompile\system\include\cmsis\core_cm4.h **** #define SysTick_CTRL_COUNTFLAG_Msk         (1UL << SysTick_CTRL_COUNTFLAG_Pos)            /*!< SysT
 775:C:\Users\bahri\eclipse-workspace\Project_USB_CrossCompile\system\include\cmsis\core_cm4.h **** 
 776:C:\Users\bahri\eclipse-workspace\Project_USB_CrossCompile\system\include\cmsis\core_cm4.h **** #define SysTick_CTRL_CLKSOURCE_Pos          2U                                            /*!< SysT
 777:C:\Users\bahri\eclipse-workspace\Project_USB_CrossCompile\system\include\cmsis\core_cm4.h **** #define SysTick_CTRL_CLKSOURCE_Msk         (1UL << SysTick_CTRL_CLKSOURCE_Pos)            /*!< SysT
 778:C:\Users\bahri\eclipse-workspace\Project_USB_CrossCompile\system\include\cmsis\core_cm4.h **** 
 779:C:\Users\bahri\eclipse-workspace\Project_USB_CrossCompile\system\include\cmsis\core_cm4.h **** #define SysTick_CTRL_TICKINT_Pos            1U                                            /*!< SysT
 780:C:\Users\bahri\eclipse-workspace\Project_USB_CrossCompile\system\include\cmsis\core_cm4.h **** #define SysTick_CTRL_TICKINT_Msk           (1UL << SysTick_CTRL_TICKINT_Pos)              /*!< SysT
 781:C:\Users\bahri\eclipse-workspace\Project_USB_CrossCompile\system\include\cmsis\core_cm4.h **** 
 782:C:\Users\bahri\eclipse-workspace\Project_USB_CrossCompile\system\include\cmsis\core_cm4.h **** #define SysTick_CTRL_ENABLE_Pos             0U                                            /*!< SysT
 783:C:\Users\bahri\eclipse-workspace\Project_USB_CrossCompile\system\include\cmsis\core_cm4.h **** #define SysTick_CTRL_ENABLE_Msk            (1UL /*<< SysTick_CTRL_ENABLE_Pos*/)           /*!< SysT
 784:C:\Users\bahri\eclipse-workspace\Project_USB_CrossCompile\system\include\cmsis\core_cm4.h **** 
 785:C:\Users\bahri\eclipse-workspace\Project_USB_CrossCompile\system\include\cmsis\core_cm4.h **** /* SysTick Reload Register Definitions */
 786:C:\Users\bahri\eclipse-workspace\Project_USB_CrossCompile\system\include\cmsis\core_cm4.h **** #define SysTick_LOAD_RELOAD_Pos             0U                                            /*!< SysT
 787:C:\Users\bahri\eclipse-workspace\Project_USB_CrossCompile\system\include\cmsis\core_cm4.h **** #define SysTick_LOAD_RELOAD_Msk            (0xFFFFFFUL /*<< SysTick_LOAD_RELOAD_Pos*/)    /*!< SysT
 788:C:\Users\bahri\eclipse-workspace\Project_USB_CrossCompile\system\include\cmsis\core_cm4.h **** 
 789:C:\Users\bahri\eclipse-workspace\Project_USB_CrossCompile\system\include\cmsis\core_cm4.h **** /* SysTick Current Register Definitions */
 790:C:\Users\bahri\eclipse-workspace\Project_USB_CrossCompile\system\include\cmsis\core_cm4.h **** #define SysTick_VAL_CURRENT_Pos             0U                                            /*!< SysT
 791:C:\Users\bahri\eclipse-workspace\Project_USB_CrossCompile\system\include\cmsis\core_cm4.h **** #define SysTick_VAL_CURRENT_Msk            (0xFFFFFFUL /*<< SysTick_VAL_CURRENT_Pos*/)    /*!< SysT
 792:C:\Users\bahri\eclipse-workspace\Project_USB_CrossCompile\system\include\cmsis\core_cm4.h **** 
 793:C:\Users\bahri\eclipse-workspace\Project_USB_CrossCompile\system\include\cmsis\core_cm4.h **** /* SysTick Calibration Register Definitions */
 794:C:\Users\bahri\eclipse-workspace\Project_USB_CrossCompile\system\include\cmsis\core_cm4.h **** #define SysTick_CALIB_NOREF_Pos            31U                                            /*!< SysT
 795:C:\Users\bahri\eclipse-workspace\Project_USB_CrossCompile\system\include\cmsis\core_cm4.h **** #define SysTick_CALIB_NOREF_Msk            (1UL << SysTick_CALIB_NOREF_Pos)               /*!< SysT
 796:C:\Users\bahri\eclipse-workspace\Project_USB_CrossCompile\system\include\cmsis\core_cm4.h **** 
 797:C:\Users\bahri\eclipse-workspace\Project_USB_CrossCompile\system\include\cmsis\core_cm4.h **** #define SysTick_CALIB_SKEW_Pos             30U                                            /*!< SysT
 798:C:\Users\bahri\eclipse-workspace\Project_USB_CrossCompile\system\include\cmsis\core_cm4.h **** #define SysTick_CALIB_SKEW_Msk             (1UL << SysTick_CALIB_SKEW_Pos)                /*!< SysT
 799:C:\Users\bahri\eclipse-workspace\Project_USB_CrossCompile\system\include\cmsis\core_cm4.h **** 
 800:C:\Users\bahri\eclipse-workspace\Project_USB_CrossCompile\system\include\cmsis\core_cm4.h **** #define SysTick_CALIB_TENMS_Pos             0U                                            /*!< SysT
 801:C:\Users\bahri\eclipse-workspace\Project_USB_CrossCompile\system\include\cmsis\core_cm4.h **** #define SysTick_CALIB_TENMS_Msk            (0xFFFFFFUL /*<< SysTick_CALIB_TENMS_Pos*/)    /*!< SysT
 802:C:\Users\bahri\eclipse-workspace\Project_USB_CrossCompile\system\include\cmsis\core_cm4.h **** 
 803:C:\Users\bahri\eclipse-workspace\Project_USB_CrossCompile\system\include\cmsis\core_cm4.h **** /*@} end of group CMSIS_SysTick */
 804:C:\Users\bahri\eclipse-workspace\Project_USB_CrossCompile\system\include\cmsis\core_cm4.h **** 
 805:C:\Users\bahri\eclipse-workspace\Project_USB_CrossCompile\system\include\cmsis\core_cm4.h **** 
 806:C:\Users\bahri\eclipse-workspace\Project_USB_CrossCompile\system\include\cmsis\core_cm4.h **** /**
 807:C:\Users\bahri\eclipse-workspace\Project_USB_CrossCompile\system\include\cmsis\core_cm4.h ****   \ingroup  CMSIS_core_register
 808:C:\Users\bahri\eclipse-workspace\Project_USB_CrossCompile\system\include\cmsis\core_cm4.h ****   \defgroup CMSIS_ITM     Instrumentation Trace Macrocell (ITM)
 809:C:\Users\bahri\eclipse-workspace\Project_USB_CrossCompile\system\include\cmsis\core_cm4.h ****   \brief    Type definitions for the Instrumentation Trace Macrocell (ITM)
 810:C:\Users\bahri\eclipse-workspace\Project_USB_CrossCompile\system\include\cmsis\core_cm4.h ****   @{
 811:C:\Users\bahri\eclipse-workspace\Project_USB_CrossCompile\system\include\cmsis\core_cm4.h ****  */
 812:C:\Users\bahri\eclipse-workspace\Project_USB_CrossCompile\system\include\cmsis\core_cm4.h **** 
 813:C:\Users\bahri\eclipse-workspace\Project_USB_CrossCompile\system\include\cmsis\core_cm4.h **** /**
 814:C:\Users\bahri\eclipse-workspace\Project_USB_CrossCompile\system\include\cmsis\core_cm4.h ****   \brief  Structure type to access the Instrumentation Trace Macrocell Register (ITM).
 815:C:\Users\bahri\eclipse-workspace\Project_USB_CrossCompile\system\include\cmsis\core_cm4.h ****  */
 816:C:\Users\bahri\eclipse-workspace\Project_USB_CrossCompile\system\include\cmsis\core_cm4.h **** typedef struct
 817:C:\Users\bahri\eclipse-workspace\Project_USB_CrossCompile\system\include\cmsis\core_cm4.h **** {
 818:C:\Users\bahri\eclipse-workspace\Project_USB_CrossCompile\system\include\cmsis\core_cm4.h ****   __OM  union
 819:C:\Users\bahri\eclipse-workspace\Project_USB_CrossCompile\system\include\cmsis\core_cm4.h ****   {
 820:C:\Users\bahri\eclipse-workspace\Project_USB_CrossCompile\system\include\cmsis\core_cm4.h ****     __OM  uint8_t    u8;                 /*!< Offset: 0x000 ( /W)  ITM Stimulus Port 8-bit */
 821:C:\Users\bahri\eclipse-workspace\Project_USB_CrossCompile\system\include\cmsis\core_cm4.h ****     __OM  uint16_t   u16;                /*!< Offset: 0x000 ( /W)  ITM Stimulus Port 16-bit */
 822:C:\Users\bahri\eclipse-workspace\Project_USB_CrossCompile\system\include\cmsis\core_cm4.h ****     __OM  uint32_t   u32;                /*!< Offset: 0x000 ( /W)  ITM Stimulus Port 32-bit */
 823:C:\Users\bahri\eclipse-workspace\Project_USB_CrossCompile\system\include\cmsis\core_cm4.h ****   }  PORT [32U];                         /*!< Offset: 0x000 ( /W)  ITM Stimulus Port Registers */
 824:C:\Users\bahri\eclipse-workspace\Project_USB_CrossCompile\system\include\cmsis\core_cm4.h ****         uint32_t RESERVED0[864U];
 825:C:\Users\bahri\eclipse-workspace\Project_USB_CrossCompile\system\include\cmsis\core_cm4.h ****   __IOM uint32_t TER;                    /*!< Offset: 0xE00 (R/W)  ITM Trace Enable Register */
 826:C:\Users\bahri\eclipse-workspace\Project_USB_CrossCompile\system\include\cmsis\core_cm4.h ****         uint32_t RESERVED1[15U];
 827:C:\Users\bahri\eclipse-workspace\Project_USB_CrossCompile\system\include\cmsis\core_cm4.h ****   __IOM uint32_t TPR;                    /*!< Offset: 0xE40 (R/W)  ITM Trace Privilege Register */
 828:C:\Users\bahri\eclipse-workspace\Project_USB_CrossCompile\system\include\cmsis\core_cm4.h ****         uint32_t RESERVED2[15U];
 829:C:\Users\bahri\eclipse-workspace\Project_USB_CrossCompile\system\include\cmsis\core_cm4.h ****   __IOM uint32_t TCR;                    /*!< Offset: 0xE80 (R/W)  ITM Trace Control Register */
 830:C:\Users\bahri\eclipse-workspace\Project_USB_CrossCompile\system\include\cmsis\core_cm4.h ****         uint32_t RESERVED3[32U];
 831:C:\Users\bahri\eclipse-workspace\Project_USB_CrossCompile\system\include\cmsis\core_cm4.h ****         uint32_t RESERVED4[43U];
 832:C:\Users\bahri\eclipse-workspace\Project_USB_CrossCompile\system\include\cmsis\core_cm4.h ****   __OM  uint32_t LAR;                    /*!< Offset: 0xFB0 ( /W)  ITM Lock Access Register */
 833:C:\Users\bahri\eclipse-workspace\Project_USB_CrossCompile\system\include\cmsis\core_cm4.h ****   __IM  uint32_t LSR;                    /*!< Offset: 0xFB4 (R/ )  ITM Lock Status Register */
 834:C:\Users\bahri\eclipse-workspace\Project_USB_CrossCompile\system\include\cmsis\core_cm4.h ****         uint32_t RESERVED5[6U];
 835:C:\Users\bahri\eclipse-workspace\Project_USB_CrossCompile\system\include\cmsis\core_cm4.h ****   __IM  uint32_t PID4;                   /*!< Offset: 0xFD0 (R/ )  ITM Peripheral Identification Re
 836:C:\Users\bahri\eclipse-workspace\Project_USB_CrossCompile\system\include\cmsis\core_cm4.h ****   __IM  uint32_t PID5;                   /*!< Offset: 0xFD4 (R/ )  ITM Peripheral Identification Re
 837:C:\Users\bahri\eclipse-workspace\Project_USB_CrossCompile\system\include\cmsis\core_cm4.h ****   __IM  uint32_t PID6;                   /*!< Offset: 0xFD8 (R/ )  ITM Peripheral Identification Re
 838:C:\Users\bahri\eclipse-workspace\Project_USB_CrossCompile\system\include\cmsis\core_cm4.h ****   __IM  uint32_t PID7;                   /*!< Offset: 0xFDC (R/ )  ITM Peripheral Identification Re
 839:C:\Users\bahri\eclipse-workspace\Project_USB_CrossCompile\system\include\cmsis\core_cm4.h ****   __IM  uint32_t PID0;                   /*!< Offset: 0xFE0 (R/ )  ITM Peripheral Identification Re
 840:C:\Users\bahri\eclipse-workspace\Project_USB_CrossCompile\system\include\cmsis\core_cm4.h ****   __IM  uint32_t PID1;                   /*!< Offset: 0xFE4 (R/ )  ITM Peripheral Identification Re
 841:C:\Users\bahri\eclipse-workspace\Project_USB_CrossCompile\system\include\cmsis\core_cm4.h ****   __IM  uint32_t PID2;                   /*!< Offset: 0xFE8 (R/ )  ITM Peripheral Identification Re
 842:C:\Users\bahri\eclipse-workspace\Project_USB_CrossCompile\system\include\cmsis\core_cm4.h ****   __IM  uint32_t PID3;                   /*!< Offset: 0xFEC (R/ )  ITM Peripheral Identification Re
 843:C:\Users\bahri\eclipse-workspace\Project_USB_CrossCompile\system\include\cmsis\core_cm4.h ****   __IM  uint32_t CID0;                   /*!< Offset: 0xFF0 (R/ )  ITM Component  Identification Re
 844:C:\Users\bahri\eclipse-workspace\Project_USB_CrossCompile\system\include\cmsis\core_cm4.h ****   __IM  uint32_t CID1;                   /*!< Offset: 0xFF4 (R/ )  ITM Component  Identification Re
 845:C:\Users\bahri\eclipse-workspace\Project_USB_CrossCompile\system\include\cmsis\core_cm4.h ****   __IM  uint32_t CID2;                   /*!< Offset: 0xFF8 (R/ )  ITM Component  Identification Re
 846:C:\Users\bahri\eclipse-workspace\Project_USB_CrossCompile\system\include\cmsis\core_cm4.h ****   __IM  uint32_t CID3;                   /*!< Offset: 0xFFC (R/ )  ITM Component  Identification Re
 847:C:\Users\bahri\eclipse-workspace\Project_USB_CrossCompile\system\include\cmsis\core_cm4.h **** } ITM_Type;
 848:C:\Users\bahri\eclipse-workspace\Project_USB_CrossCompile\system\include\cmsis\core_cm4.h **** 
 849:C:\Users\bahri\eclipse-workspace\Project_USB_CrossCompile\system\include\cmsis\core_cm4.h **** /* ITM Trace Privilege Register Definitions */
 850:C:\Users\bahri\eclipse-workspace\Project_USB_CrossCompile\system\include\cmsis\core_cm4.h **** #define ITM_TPR_PRIVMASK_Pos                0U                                            /*!< ITM 
 851:C:\Users\bahri\eclipse-workspace\Project_USB_CrossCompile\system\include\cmsis\core_cm4.h **** #define ITM_TPR_PRIVMASK_Msk               (0xFFFFFFFFUL /*<< ITM_TPR_PRIVMASK_Pos*/)     /*!< ITM 
 852:C:\Users\bahri\eclipse-workspace\Project_USB_CrossCompile\system\include\cmsis\core_cm4.h **** 
 853:C:\Users\bahri\eclipse-workspace\Project_USB_CrossCompile\system\include\cmsis\core_cm4.h **** /* ITM Trace Control Register Definitions */
 854:C:\Users\bahri\eclipse-workspace\Project_USB_CrossCompile\system\include\cmsis\core_cm4.h **** #define ITM_TCR_BUSY_Pos                   23U                                            /*!< ITM 
 855:C:\Users\bahri\eclipse-workspace\Project_USB_CrossCompile\system\include\cmsis\core_cm4.h **** #define ITM_TCR_BUSY_Msk                   (1UL << ITM_TCR_BUSY_Pos)                      /*!< ITM 
 856:C:\Users\bahri\eclipse-workspace\Project_USB_CrossCompile\system\include\cmsis\core_cm4.h **** 
 857:C:\Users\bahri\eclipse-workspace\Project_USB_CrossCompile\system\include\cmsis\core_cm4.h **** #define ITM_TCR_TraceBusID_Pos             16U                                            /*!< ITM 
 858:C:\Users\bahri\eclipse-workspace\Project_USB_CrossCompile\system\include\cmsis\core_cm4.h **** #define ITM_TCR_TraceBusID_Msk             (0x7FUL << ITM_TCR_TraceBusID_Pos)             /*!< ITM 
 859:C:\Users\bahri\eclipse-workspace\Project_USB_CrossCompile\system\include\cmsis\core_cm4.h **** 
 860:C:\Users\bahri\eclipse-workspace\Project_USB_CrossCompile\system\include\cmsis\core_cm4.h **** #define ITM_TCR_GTSFREQ_Pos                10U                                            /*!< ITM 
 861:C:\Users\bahri\eclipse-workspace\Project_USB_CrossCompile\system\include\cmsis\core_cm4.h **** #define ITM_TCR_GTSFREQ_Msk                (3UL << ITM_TCR_GTSFREQ_Pos)                   /*!< ITM 
 862:C:\Users\bahri\eclipse-workspace\Project_USB_CrossCompile\system\include\cmsis\core_cm4.h **** 
 863:C:\Users\bahri\eclipse-workspace\Project_USB_CrossCompile\system\include\cmsis\core_cm4.h **** #define ITM_TCR_TSPrescale_Pos              8U                                            /*!< ITM 
 864:C:\Users\bahri\eclipse-workspace\Project_USB_CrossCompile\system\include\cmsis\core_cm4.h **** #define ITM_TCR_TSPrescale_Msk             (3UL << ITM_TCR_TSPrescale_Pos)                /*!< ITM 
 865:C:\Users\bahri\eclipse-workspace\Project_USB_CrossCompile\system\include\cmsis\core_cm4.h **** 
 866:C:\Users\bahri\eclipse-workspace\Project_USB_CrossCompile\system\include\cmsis\core_cm4.h **** #define ITM_TCR_SWOENA_Pos                  4U                                            /*!< ITM 
 867:C:\Users\bahri\eclipse-workspace\Project_USB_CrossCompile\system\include\cmsis\core_cm4.h **** #define ITM_TCR_SWOENA_Msk                 (1UL << ITM_TCR_SWOENA_Pos)                    /*!< ITM 
 868:C:\Users\bahri\eclipse-workspace\Project_USB_CrossCompile\system\include\cmsis\core_cm4.h **** 
 869:C:\Users\bahri\eclipse-workspace\Project_USB_CrossCompile\system\include\cmsis\core_cm4.h **** #define ITM_TCR_DWTENA_Pos                  3U                                            /*!< ITM 
 870:C:\Users\bahri\eclipse-workspace\Project_USB_CrossCompile\system\include\cmsis\core_cm4.h **** #define ITM_TCR_DWTENA_Msk                 (1UL << ITM_TCR_DWTENA_Pos)                    /*!< ITM 
 871:C:\Users\bahri\eclipse-workspace\Project_USB_CrossCompile\system\include\cmsis\core_cm4.h **** 
 872:C:\Users\bahri\eclipse-workspace\Project_USB_CrossCompile\system\include\cmsis\core_cm4.h **** #define ITM_TCR_SYNCENA_Pos                 2U                                            /*!< ITM 
 873:C:\Users\bahri\eclipse-workspace\Project_USB_CrossCompile\system\include\cmsis\core_cm4.h **** #define ITM_TCR_SYNCENA_Msk                (1UL << ITM_TCR_SYNCENA_Pos)                   /*!< ITM 
 874:C:\Users\bahri\eclipse-workspace\Project_USB_CrossCompile\system\include\cmsis\core_cm4.h **** 
 875:C:\Users\bahri\eclipse-workspace\Project_USB_CrossCompile\system\include\cmsis\core_cm4.h **** #define ITM_TCR_TSENA_Pos                   1U                                            /*!< ITM 
 876:C:\Users\bahri\eclipse-workspace\Project_USB_CrossCompile\system\include\cmsis\core_cm4.h **** #define ITM_TCR_TSENA_Msk                  (1UL << ITM_TCR_TSENA_Pos)                     /*!< ITM 
 877:C:\Users\bahri\eclipse-workspace\Project_USB_CrossCompile\system\include\cmsis\core_cm4.h **** 
 878:C:\Users\bahri\eclipse-workspace\Project_USB_CrossCompile\system\include\cmsis\core_cm4.h **** #define ITM_TCR_ITMENA_Pos                  0U                                            /*!< ITM 
 879:C:\Users\bahri\eclipse-workspace\Project_USB_CrossCompile\system\include\cmsis\core_cm4.h **** #define ITM_TCR_ITMENA_Msk                 (1UL /*<< ITM_TCR_ITMENA_Pos*/)                /*!< ITM 
 880:C:\Users\bahri\eclipse-workspace\Project_USB_CrossCompile\system\include\cmsis\core_cm4.h **** 
 881:C:\Users\bahri\eclipse-workspace\Project_USB_CrossCompile\system\include\cmsis\core_cm4.h **** /* ITM Lock Status Register Definitions */
 882:C:\Users\bahri\eclipse-workspace\Project_USB_CrossCompile\system\include\cmsis\core_cm4.h **** #define ITM_LSR_ByteAcc_Pos                 2U                                            /*!< ITM 
 883:C:\Users\bahri\eclipse-workspace\Project_USB_CrossCompile\system\include\cmsis\core_cm4.h **** #define ITM_LSR_ByteAcc_Msk                (1UL << ITM_LSR_ByteAcc_Pos)                   /*!< ITM 
 884:C:\Users\bahri\eclipse-workspace\Project_USB_CrossCompile\system\include\cmsis\core_cm4.h **** 
 885:C:\Users\bahri\eclipse-workspace\Project_USB_CrossCompile\system\include\cmsis\core_cm4.h **** #define ITM_LSR_Access_Pos                  1U                                            /*!< ITM 
 886:C:\Users\bahri\eclipse-workspace\Project_USB_CrossCompile\system\include\cmsis\core_cm4.h **** #define ITM_LSR_Access_Msk                 (1UL << ITM_LSR_Access_Pos)                    /*!< ITM 
 887:C:\Users\bahri\eclipse-workspace\Project_USB_CrossCompile\system\include\cmsis\core_cm4.h **** 
 888:C:\Users\bahri\eclipse-workspace\Project_USB_CrossCompile\system\include\cmsis\core_cm4.h **** #define ITM_LSR_Present_Pos                 0U                                            /*!< ITM 
 889:C:\Users\bahri\eclipse-workspace\Project_USB_CrossCompile\system\include\cmsis\core_cm4.h **** #define ITM_LSR_Present_Msk                (1UL /*<< ITM_LSR_Present_Pos*/)               /*!< ITM 
 890:C:\Users\bahri\eclipse-workspace\Project_USB_CrossCompile\system\include\cmsis\core_cm4.h **** 
 891:C:\Users\bahri\eclipse-workspace\Project_USB_CrossCompile\system\include\cmsis\core_cm4.h **** /*@}*/ /* end of group CMSIS_ITM */
 892:C:\Users\bahri\eclipse-workspace\Project_USB_CrossCompile\system\include\cmsis\core_cm4.h **** 
 893:C:\Users\bahri\eclipse-workspace\Project_USB_CrossCompile\system\include\cmsis\core_cm4.h **** 
 894:C:\Users\bahri\eclipse-workspace\Project_USB_CrossCompile\system\include\cmsis\core_cm4.h **** /**
 895:C:\Users\bahri\eclipse-workspace\Project_USB_CrossCompile\system\include\cmsis\core_cm4.h ****   \ingroup  CMSIS_core_register
 896:C:\Users\bahri\eclipse-workspace\Project_USB_CrossCompile\system\include\cmsis\core_cm4.h ****   \defgroup CMSIS_DWT     Data Watchpoint and Trace (DWT)
 897:C:\Users\bahri\eclipse-workspace\Project_USB_CrossCompile\system\include\cmsis\core_cm4.h ****   \brief    Type definitions for the Data Watchpoint and Trace (DWT)
 898:C:\Users\bahri\eclipse-workspace\Project_USB_CrossCompile\system\include\cmsis\core_cm4.h ****   @{
 899:C:\Users\bahri\eclipse-workspace\Project_USB_CrossCompile\system\include\cmsis\core_cm4.h ****  */
 900:C:\Users\bahri\eclipse-workspace\Project_USB_CrossCompile\system\include\cmsis\core_cm4.h **** 
 901:C:\Users\bahri\eclipse-workspace\Project_USB_CrossCompile\system\include\cmsis\core_cm4.h **** /**
 902:C:\Users\bahri\eclipse-workspace\Project_USB_CrossCompile\system\include\cmsis\core_cm4.h ****   \brief  Structure type to access the Data Watchpoint and Trace Register (DWT).
 903:C:\Users\bahri\eclipse-workspace\Project_USB_CrossCompile\system\include\cmsis\core_cm4.h ****  */
 904:C:\Users\bahri\eclipse-workspace\Project_USB_CrossCompile\system\include\cmsis\core_cm4.h **** typedef struct
 905:C:\Users\bahri\eclipse-workspace\Project_USB_CrossCompile\system\include\cmsis\core_cm4.h **** {
 906:C:\Users\bahri\eclipse-workspace\Project_USB_CrossCompile\system\include\cmsis\core_cm4.h ****   __IOM uint32_t CTRL;                   /*!< Offset: 0x000 (R/W)  Control Register */
 907:C:\Users\bahri\eclipse-workspace\Project_USB_CrossCompile\system\include\cmsis\core_cm4.h ****   __IOM uint32_t CYCCNT;                 /*!< Offset: 0x004 (R/W)  Cycle Count Register */
 908:C:\Users\bahri\eclipse-workspace\Project_USB_CrossCompile\system\include\cmsis\core_cm4.h ****   __IOM uint32_t CPICNT;                 /*!< Offset: 0x008 (R/W)  CPI Count Register */
 909:C:\Users\bahri\eclipse-workspace\Project_USB_CrossCompile\system\include\cmsis\core_cm4.h ****   __IOM uint32_t EXCCNT;                 /*!< Offset: 0x00C (R/W)  Exception Overhead Count Registe
 910:C:\Users\bahri\eclipse-workspace\Project_USB_CrossCompile\system\include\cmsis\core_cm4.h ****   __IOM uint32_t SLEEPCNT;               /*!< Offset: 0x010 (R/W)  Sleep Count Register */
 911:C:\Users\bahri\eclipse-workspace\Project_USB_CrossCompile\system\include\cmsis\core_cm4.h ****   __IOM uint32_t LSUCNT;                 /*!< Offset: 0x014 (R/W)  LSU Count Register */
 912:C:\Users\bahri\eclipse-workspace\Project_USB_CrossCompile\system\include\cmsis\core_cm4.h ****   __IOM uint32_t FOLDCNT;                /*!< Offset: 0x018 (R/W)  Folded-instruction Count Registe
 913:C:\Users\bahri\eclipse-workspace\Project_USB_CrossCompile\system\include\cmsis\core_cm4.h ****   __IM  uint32_t PCSR;                   /*!< Offset: 0x01C (R/ )  Program Counter Sample Register 
 914:C:\Users\bahri\eclipse-workspace\Project_USB_CrossCompile\system\include\cmsis\core_cm4.h ****   __IOM uint32_t COMP0;                  /*!< Offset: 0x020 (R/W)  Comparator Register 0 */
 915:C:\Users\bahri\eclipse-workspace\Project_USB_CrossCompile\system\include\cmsis\core_cm4.h ****   __IOM uint32_t MASK0;                  /*!< Offset: 0x024 (R/W)  Mask Register 0 */
 916:C:\Users\bahri\eclipse-workspace\Project_USB_CrossCompile\system\include\cmsis\core_cm4.h ****   __IOM uint32_t FUNCTION0;              /*!< Offset: 0x028 (R/W)  Function Register 0 */
 917:C:\Users\bahri\eclipse-workspace\Project_USB_CrossCompile\system\include\cmsis\core_cm4.h ****         uint32_t RESERVED0[1U];
 918:C:\Users\bahri\eclipse-workspace\Project_USB_CrossCompile\system\include\cmsis\core_cm4.h ****   __IOM uint32_t COMP1;                  /*!< Offset: 0x030 (R/W)  Comparator Register 1 */
 919:C:\Users\bahri\eclipse-workspace\Project_USB_CrossCompile\system\include\cmsis\core_cm4.h ****   __IOM uint32_t MASK1;                  /*!< Offset: 0x034 (R/W)  Mask Register 1 */
 920:C:\Users\bahri\eclipse-workspace\Project_USB_CrossCompile\system\include\cmsis\core_cm4.h ****   __IOM uint32_t FUNCTION1;              /*!< Offset: 0x038 (R/W)  Function Register 1 */
 921:C:\Users\bahri\eclipse-workspace\Project_USB_CrossCompile\system\include\cmsis\core_cm4.h ****         uint32_t RESERVED1[1U];
 922:C:\Users\bahri\eclipse-workspace\Project_USB_CrossCompile\system\include\cmsis\core_cm4.h ****   __IOM uint32_t COMP2;                  /*!< Offset: 0x040 (R/W)  Comparator Register 2 */
 923:C:\Users\bahri\eclipse-workspace\Project_USB_CrossCompile\system\include\cmsis\core_cm4.h ****   __IOM uint32_t MASK2;                  /*!< Offset: 0x044 (R/W)  Mask Register 2 */
 924:C:\Users\bahri\eclipse-workspace\Project_USB_CrossCompile\system\include\cmsis\core_cm4.h ****   __IOM uint32_t FUNCTION2;              /*!< Offset: 0x048 (R/W)  Function Register 2 */
 925:C:\Users\bahri\eclipse-workspace\Project_USB_CrossCompile\system\include\cmsis\core_cm4.h ****         uint32_t RESERVED2[1U];
 926:C:\Users\bahri\eclipse-workspace\Project_USB_CrossCompile\system\include\cmsis\core_cm4.h ****   __IOM uint32_t COMP3;                  /*!< Offset: 0x050 (R/W)  Comparator Register 3 */
 927:C:\Users\bahri\eclipse-workspace\Project_USB_CrossCompile\system\include\cmsis\core_cm4.h ****   __IOM uint32_t MASK3;                  /*!< Offset: 0x054 (R/W)  Mask Register 3 */
 928:C:\Users\bahri\eclipse-workspace\Project_USB_CrossCompile\system\include\cmsis\core_cm4.h ****   __IOM uint32_t FUNCTION3;              /*!< Offset: 0x058 (R/W)  Function Register 3 */
 929:C:\Users\bahri\eclipse-workspace\Project_USB_CrossCompile\system\include\cmsis\core_cm4.h **** } DWT_Type;
 930:C:\Users\bahri\eclipse-workspace\Project_USB_CrossCompile\system\include\cmsis\core_cm4.h **** 
 931:C:\Users\bahri\eclipse-workspace\Project_USB_CrossCompile\system\include\cmsis\core_cm4.h **** /* DWT Control Register Definitions */
 932:C:\Users\bahri\eclipse-workspace\Project_USB_CrossCompile\system\include\cmsis\core_cm4.h **** #define DWT_CTRL_NUMCOMP_Pos               28U                                         /*!< DWT CTR
 933:C:\Users\bahri\eclipse-workspace\Project_USB_CrossCompile\system\include\cmsis\core_cm4.h **** #define DWT_CTRL_NUMCOMP_Msk               (0xFUL << DWT_CTRL_NUMCOMP_Pos)             /*!< DWT CTR
 934:C:\Users\bahri\eclipse-workspace\Project_USB_CrossCompile\system\include\cmsis\core_cm4.h **** 
 935:C:\Users\bahri\eclipse-workspace\Project_USB_CrossCompile\system\include\cmsis\core_cm4.h **** #define DWT_CTRL_NOTRCPKT_Pos              27U                                         /*!< DWT CTR
 936:C:\Users\bahri\eclipse-workspace\Project_USB_CrossCompile\system\include\cmsis\core_cm4.h **** #define DWT_CTRL_NOTRCPKT_Msk              (0x1UL << DWT_CTRL_NOTRCPKT_Pos)            /*!< DWT CTR
 937:C:\Users\bahri\eclipse-workspace\Project_USB_CrossCompile\system\include\cmsis\core_cm4.h **** 
 938:C:\Users\bahri\eclipse-workspace\Project_USB_CrossCompile\system\include\cmsis\core_cm4.h **** #define DWT_CTRL_NOEXTTRIG_Pos             26U                                         /*!< DWT CTR
 939:C:\Users\bahri\eclipse-workspace\Project_USB_CrossCompile\system\include\cmsis\core_cm4.h **** #define DWT_CTRL_NOEXTTRIG_Msk             (0x1UL << DWT_CTRL_NOEXTTRIG_Pos)           /*!< DWT CTR
 940:C:\Users\bahri\eclipse-workspace\Project_USB_CrossCompile\system\include\cmsis\core_cm4.h **** 
 941:C:\Users\bahri\eclipse-workspace\Project_USB_CrossCompile\system\include\cmsis\core_cm4.h **** #define DWT_CTRL_NOCYCCNT_Pos              25U                                         /*!< DWT CTR
 942:C:\Users\bahri\eclipse-workspace\Project_USB_CrossCompile\system\include\cmsis\core_cm4.h **** #define DWT_CTRL_NOCYCCNT_Msk              (0x1UL << DWT_CTRL_NOCYCCNT_Pos)            /*!< DWT CTR
 943:C:\Users\bahri\eclipse-workspace\Project_USB_CrossCompile\system\include\cmsis\core_cm4.h **** 
 944:C:\Users\bahri\eclipse-workspace\Project_USB_CrossCompile\system\include\cmsis\core_cm4.h **** #define DWT_CTRL_NOPRFCNT_Pos              24U                                         /*!< DWT CTR
 945:C:\Users\bahri\eclipse-workspace\Project_USB_CrossCompile\system\include\cmsis\core_cm4.h **** #define DWT_CTRL_NOPRFCNT_Msk              (0x1UL << DWT_CTRL_NOPRFCNT_Pos)            /*!< DWT CTR
 946:C:\Users\bahri\eclipse-workspace\Project_USB_CrossCompile\system\include\cmsis\core_cm4.h **** 
 947:C:\Users\bahri\eclipse-workspace\Project_USB_CrossCompile\system\include\cmsis\core_cm4.h **** #define DWT_CTRL_CYCEVTENA_Pos             22U                                         /*!< DWT CTR
 948:C:\Users\bahri\eclipse-workspace\Project_USB_CrossCompile\system\include\cmsis\core_cm4.h **** #define DWT_CTRL_CYCEVTENA_Msk             (0x1UL << DWT_CTRL_CYCEVTENA_Pos)           /*!< DWT CTR
 949:C:\Users\bahri\eclipse-workspace\Project_USB_CrossCompile\system\include\cmsis\core_cm4.h **** 
 950:C:\Users\bahri\eclipse-workspace\Project_USB_CrossCompile\system\include\cmsis\core_cm4.h **** #define DWT_CTRL_FOLDEVTENA_Pos            21U                                         /*!< DWT CTR
 951:C:\Users\bahri\eclipse-workspace\Project_USB_CrossCompile\system\include\cmsis\core_cm4.h **** #define DWT_CTRL_FOLDEVTENA_Msk            (0x1UL << DWT_CTRL_FOLDEVTENA_Pos)          /*!< DWT CTR
 952:C:\Users\bahri\eclipse-workspace\Project_USB_CrossCompile\system\include\cmsis\core_cm4.h **** 
 953:C:\Users\bahri\eclipse-workspace\Project_USB_CrossCompile\system\include\cmsis\core_cm4.h **** #define DWT_CTRL_LSUEVTENA_Pos             20U                                         /*!< DWT CTR
 954:C:\Users\bahri\eclipse-workspace\Project_USB_CrossCompile\system\include\cmsis\core_cm4.h **** #define DWT_CTRL_LSUEVTENA_Msk             (0x1UL << DWT_CTRL_LSUEVTENA_Pos)           /*!< DWT CTR
 955:C:\Users\bahri\eclipse-workspace\Project_USB_CrossCompile\system\include\cmsis\core_cm4.h **** 
 956:C:\Users\bahri\eclipse-workspace\Project_USB_CrossCompile\system\include\cmsis\core_cm4.h **** #define DWT_CTRL_SLEEPEVTENA_Pos           19U                                         /*!< DWT CTR
 957:C:\Users\bahri\eclipse-workspace\Project_USB_CrossCompile\system\include\cmsis\core_cm4.h **** #define DWT_CTRL_SLEEPEVTENA_Msk           (0x1UL << DWT_CTRL_SLEEPEVTENA_Pos)         /*!< DWT CTR
 958:C:\Users\bahri\eclipse-workspace\Project_USB_CrossCompile\system\include\cmsis\core_cm4.h **** 
 959:C:\Users\bahri\eclipse-workspace\Project_USB_CrossCompile\system\include\cmsis\core_cm4.h **** #define DWT_CTRL_EXCEVTENA_Pos             18U                                         /*!< DWT CTR
 960:C:\Users\bahri\eclipse-workspace\Project_USB_CrossCompile\system\include\cmsis\core_cm4.h **** #define DWT_CTRL_EXCEVTENA_Msk             (0x1UL << DWT_CTRL_EXCEVTENA_Pos)           /*!< DWT CTR
 961:C:\Users\bahri\eclipse-workspace\Project_USB_CrossCompile\system\include\cmsis\core_cm4.h **** 
 962:C:\Users\bahri\eclipse-workspace\Project_USB_CrossCompile\system\include\cmsis\core_cm4.h **** #define DWT_CTRL_CPIEVTENA_Pos             17U                                         /*!< DWT CTR
 963:C:\Users\bahri\eclipse-workspace\Project_USB_CrossCompile\system\include\cmsis\core_cm4.h **** #define DWT_CTRL_CPIEVTENA_Msk             (0x1UL << DWT_CTRL_CPIEVTENA_Pos)           /*!< DWT CTR
 964:C:\Users\bahri\eclipse-workspace\Project_USB_CrossCompile\system\include\cmsis\core_cm4.h **** 
 965:C:\Users\bahri\eclipse-workspace\Project_USB_CrossCompile\system\include\cmsis\core_cm4.h **** #define DWT_CTRL_EXCTRCENA_Pos             16U                                         /*!< DWT CTR
 966:C:\Users\bahri\eclipse-workspace\Project_USB_CrossCompile\system\include\cmsis\core_cm4.h **** #define DWT_CTRL_EXCTRCENA_Msk             (0x1UL << DWT_CTRL_EXCTRCENA_Pos)           /*!< DWT CTR
 967:C:\Users\bahri\eclipse-workspace\Project_USB_CrossCompile\system\include\cmsis\core_cm4.h **** 
 968:C:\Users\bahri\eclipse-workspace\Project_USB_CrossCompile\system\include\cmsis\core_cm4.h **** #define DWT_CTRL_PCSAMPLENA_Pos            12U                                         /*!< DWT CTR
 969:C:\Users\bahri\eclipse-workspace\Project_USB_CrossCompile\system\include\cmsis\core_cm4.h **** #define DWT_CTRL_PCSAMPLENA_Msk            (0x1UL << DWT_CTRL_PCSAMPLENA_Pos)          /*!< DWT CTR
 970:C:\Users\bahri\eclipse-workspace\Project_USB_CrossCompile\system\include\cmsis\core_cm4.h **** 
 971:C:\Users\bahri\eclipse-workspace\Project_USB_CrossCompile\system\include\cmsis\core_cm4.h **** #define DWT_CTRL_SYNCTAP_Pos               10U                                         /*!< DWT CTR
 972:C:\Users\bahri\eclipse-workspace\Project_USB_CrossCompile\system\include\cmsis\core_cm4.h **** #define DWT_CTRL_SYNCTAP_Msk               (0x3UL << DWT_CTRL_SYNCTAP_Pos)             /*!< DWT CTR
 973:C:\Users\bahri\eclipse-workspace\Project_USB_CrossCompile\system\include\cmsis\core_cm4.h **** 
 974:C:\Users\bahri\eclipse-workspace\Project_USB_CrossCompile\system\include\cmsis\core_cm4.h **** #define DWT_CTRL_CYCTAP_Pos                 9U                                         /*!< DWT CTR
 975:C:\Users\bahri\eclipse-workspace\Project_USB_CrossCompile\system\include\cmsis\core_cm4.h **** #define DWT_CTRL_CYCTAP_Msk                (0x1UL << DWT_CTRL_CYCTAP_Pos)              /*!< DWT CTR
 976:C:\Users\bahri\eclipse-workspace\Project_USB_CrossCompile\system\include\cmsis\core_cm4.h **** 
 977:C:\Users\bahri\eclipse-workspace\Project_USB_CrossCompile\system\include\cmsis\core_cm4.h **** #define DWT_CTRL_POSTINIT_Pos               5U                                         /*!< DWT CTR
 978:C:\Users\bahri\eclipse-workspace\Project_USB_CrossCompile\system\include\cmsis\core_cm4.h **** #define DWT_CTRL_POSTINIT_Msk              (0xFUL << DWT_CTRL_POSTINIT_Pos)            /*!< DWT CTR
 979:C:\Users\bahri\eclipse-workspace\Project_USB_CrossCompile\system\include\cmsis\core_cm4.h **** 
 980:C:\Users\bahri\eclipse-workspace\Project_USB_CrossCompile\system\include\cmsis\core_cm4.h **** #define DWT_CTRL_POSTPRESET_Pos             1U                                         /*!< DWT CTR
 981:C:\Users\bahri\eclipse-workspace\Project_USB_CrossCompile\system\include\cmsis\core_cm4.h **** #define DWT_CTRL_POSTPRESET_Msk            (0xFUL << DWT_CTRL_POSTPRESET_Pos)          /*!< DWT CTR
 982:C:\Users\bahri\eclipse-workspace\Project_USB_CrossCompile\system\include\cmsis\core_cm4.h **** 
 983:C:\Users\bahri\eclipse-workspace\Project_USB_CrossCompile\system\include\cmsis\core_cm4.h **** #define DWT_CTRL_CYCCNTENA_Pos              0U                                         /*!< DWT CTR
 984:C:\Users\bahri\eclipse-workspace\Project_USB_CrossCompile\system\include\cmsis\core_cm4.h **** #define DWT_CTRL_CYCCNTENA_Msk             (0x1UL /*<< DWT_CTRL_CYCCNTENA_Pos*/)       /*!< DWT CTR
 985:C:\Users\bahri\eclipse-workspace\Project_USB_CrossCompile\system\include\cmsis\core_cm4.h **** 
 986:C:\Users\bahri\eclipse-workspace\Project_USB_CrossCompile\system\include\cmsis\core_cm4.h **** /* DWT CPI Count Register Definitions */
 987:C:\Users\bahri\eclipse-workspace\Project_USB_CrossCompile\system\include\cmsis\core_cm4.h **** #define DWT_CPICNT_CPICNT_Pos               0U                                         /*!< DWT CPI
 988:C:\Users\bahri\eclipse-workspace\Project_USB_CrossCompile\system\include\cmsis\core_cm4.h **** #define DWT_CPICNT_CPICNT_Msk              (0xFFUL /*<< DWT_CPICNT_CPICNT_Pos*/)       /*!< DWT CPI
 989:C:\Users\bahri\eclipse-workspace\Project_USB_CrossCompile\system\include\cmsis\core_cm4.h **** 
 990:C:\Users\bahri\eclipse-workspace\Project_USB_CrossCompile\system\include\cmsis\core_cm4.h **** /* DWT Exception Overhead Count Register Definitions */
 991:C:\Users\bahri\eclipse-workspace\Project_USB_CrossCompile\system\include\cmsis\core_cm4.h **** #define DWT_EXCCNT_EXCCNT_Pos               0U                                         /*!< DWT EXC
 992:C:\Users\bahri\eclipse-workspace\Project_USB_CrossCompile\system\include\cmsis\core_cm4.h **** #define DWT_EXCCNT_EXCCNT_Msk              (0xFFUL /*<< DWT_EXCCNT_EXCCNT_Pos*/)       /*!< DWT EXC
 993:C:\Users\bahri\eclipse-workspace\Project_USB_CrossCompile\system\include\cmsis\core_cm4.h **** 
 994:C:\Users\bahri\eclipse-workspace\Project_USB_CrossCompile\system\include\cmsis\core_cm4.h **** /* DWT Sleep Count Register Definitions */
 995:C:\Users\bahri\eclipse-workspace\Project_USB_CrossCompile\system\include\cmsis\core_cm4.h **** #define DWT_SLEEPCNT_SLEEPCNT_Pos           0U                                         /*!< DWT SLE
 996:C:\Users\bahri\eclipse-workspace\Project_USB_CrossCompile\system\include\cmsis\core_cm4.h **** #define DWT_SLEEPCNT_SLEEPCNT_Msk          (0xFFUL /*<< DWT_SLEEPCNT_SLEEPCNT_Pos*/)   /*!< DWT SLE
 997:C:\Users\bahri\eclipse-workspace\Project_USB_CrossCompile\system\include\cmsis\core_cm4.h **** 
 998:C:\Users\bahri\eclipse-workspace\Project_USB_CrossCompile\system\include\cmsis\core_cm4.h **** /* DWT LSU Count Register Definitions */
 999:C:\Users\bahri\eclipse-workspace\Project_USB_CrossCompile\system\include\cmsis\core_cm4.h **** #define DWT_LSUCNT_LSUCNT_Pos               0U                                         /*!< DWT LSU
1000:C:\Users\bahri\eclipse-workspace\Project_USB_CrossCompile\system\include\cmsis\core_cm4.h **** #define DWT_LSUCNT_LSUCNT_Msk              (0xFFUL /*<< DWT_LSUCNT_LSUCNT_Pos*/)       /*!< DWT LSU
1001:C:\Users\bahri\eclipse-workspace\Project_USB_CrossCompile\system\include\cmsis\core_cm4.h **** 
1002:C:\Users\bahri\eclipse-workspace\Project_USB_CrossCompile\system\include\cmsis\core_cm4.h **** /* DWT Folded-instruction Count Register Definitions */
1003:C:\Users\bahri\eclipse-workspace\Project_USB_CrossCompile\system\include\cmsis\core_cm4.h **** #define DWT_FOLDCNT_FOLDCNT_Pos             0U                                         /*!< DWT FOL
1004:C:\Users\bahri\eclipse-workspace\Project_USB_CrossCompile\system\include\cmsis\core_cm4.h **** #define DWT_FOLDCNT_FOLDCNT_Msk            (0xFFUL /*<< DWT_FOLDCNT_FOLDCNT_Pos*/)     /*!< DWT FOL
1005:C:\Users\bahri\eclipse-workspace\Project_USB_CrossCompile\system\include\cmsis\core_cm4.h **** 
1006:C:\Users\bahri\eclipse-workspace\Project_USB_CrossCompile\system\include\cmsis\core_cm4.h **** /* DWT Comparator Mask Register Definitions */
1007:C:\Users\bahri\eclipse-workspace\Project_USB_CrossCompile\system\include\cmsis\core_cm4.h **** #define DWT_MASK_MASK_Pos                   0U                                         /*!< DWT MAS
1008:C:\Users\bahri\eclipse-workspace\Project_USB_CrossCompile\system\include\cmsis\core_cm4.h **** #define DWT_MASK_MASK_Msk                  (0x1FUL /*<< DWT_MASK_MASK_Pos*/)           /*!< DWT MAS
1009:C:\Users\bahri\eclipse-workspace\Project_USB_CrossCompile\system\include\cmsis\core_cm4.h **** 
1010:C:\Users\bahri\eclipse-workspace\Project_USB_CrossCompile\system\include\cmsis\core_cm4.h **** /* DWT Comparator Function Register Definitions */
1011:C:\Users\bahri\eclipse-workspace\Project_USB_CrossCompile\system\include\cmsis\core_cm4.h **** #define DWT_FUNCTION_MATCHED_Pos           24U                                         /*!< DWT FUN
1012:C:\Users\bahri\eclipse-workspace\Project_USB_CrossCompile\system\include\cmsis\core_cm4.h **** #define DWT_FUNCTION_MATCHED_Msk           (0x1UL << DWT_FUNCTION_MATCHED_Pos)         /*!< DWT FUN
1013:C:\Users\bahri\eclipse-workspace\Project_USB_CrossCompile\system\include\cmsis\core_cm4.h **** 
1014:C:\Users\bahri\eclipse-workspace\Project_USB_CrossCompile\system\include\cmsis\core_cm4.h **** #define DWT_FUNCTION_DATAVADDR1_Pos        16U                                         /*!< DWT FUN
1015:C:\Users\bahri\eclipse-workspace\Project_USB_CrossCompile\system\include\cmsis\core_cm4.h **** #define DWT_FUNCTION_DATAVADDR1_Msk        (0xFUL << DWT_FUNCTION_DATAVADDR1_Pos)      /*!< DWT FUN
1016:C:\Users\bahri\eclipse-workspace\Project_USB_CrossCompile\system\include\cmsis\core_cm4.h **** 
1017:C:\Users\bahri\eclipse-workspace\Project_USB_CrossCompile\system\include\cmsis\core_cm4.h **** #define DWT_FUNCTION_DATAVADDR0_Pos        12U                                         /*!< DWT FUN
1018:C:\Users\bahri\eclipse-workspace\Project_USB_CrossCompile\system\include\cmsis\core_cm4.h **** #define DWT_FUNCTION_DATAVADDR0_Msk        (0xFUL << DWT_FUNCTION_DATAVADDR0_Pos)      /*!< DWT FUN
1019:C:\Users\bahri\eclipse-workspace\Project_USB_CrossCompile\system\include\cmsis\core_cm4.h **** 
1020:C:\Users\bahri\eclipse-workspace\Project_USB_CrossCompile\system\include\cmsis\core_cm4.h **** #define DWT_FUNCTION_DATAVSIZE_Pos         10U                                         /*!< DWT FUN
1021:C:\Users\bahri\eclipse-workspace\Project_USB_CrossCompile\system\include\cmsis\core_cm4.h **** #define DWT_FUNCTION_DATAVSIZE_Msk         (0x3UL << DWT_FUNCTION_DATAVSIZE_Pos)       /*!< DWT FUN
1022:C:\Users\bahri\eclipse-workspace\Project_USB_CrossCompile\system\include\cmsis\core_cm4.h **** 
1023:C:\Users\bahri\eclipse-workspace\Project_USB_CrossCompile\system\include\cmsis\core_cm4.h **** #define DWT_FUNCTION_LNK1ENA_Pos            9U                                         /*!< DWT FUN
1024:C:\Users\bahri\eclipse-workspace\Project_USB_CrossCompile\system\include\cmsis\core_cm4.h **** #define DWT_FUNCTION_LNK1ENA_Msk           (0x1UL << DWT_FUNCTION_LNK1ENA_Pos)         /*!< DWT FUN
1025:C:\Users\bahri\eclipse-workspace\Project_USB_CrossCompile\system\include\cmsis\core_cm4.h **** 
1026:C:\Users\bahri\eclipse-workspace\Project_USB_CrossCompile\system\include\cmsis\core_cm4.h **** #define DWT_FUNCTION_DATAVMATCH_Pos         8U                                         /*!< DWT FUN
1027:C:\Users\bahri\eclipse-workspace\Project_USB_CrossCompile\system\include\cmsis\core_cm4.h **** #define DWT_FUNCTION_DATAVMATCH_Msk        (0x1UL << DWT_FUNCTION_DATAVMATCH_Pos)      /*!< DWT FUN
1028:C:\Users\bahri\eclipse-workspace\Project_USB_CrossCompile\system\include\cmsis\core_cm4.h **** 
1029:C:\Users\bahri\eclipse-workspace\Project_USB_CrossCompile\system\include\cmsis\core_cm4.h **** #define DWT_FUNCTION_CYCMATCH_Pos           7U                                         /*!< DWT FUN
1030:C:\Users\bahri\eclipse-workspace\Project_USB_CrossCompile\system\include\cmsis\core_cm4.h **** #define DWT_FUNCTION_CYCMATCH_Msk          (0x1UL << DWT_FUNCTION_CYCMATCH_Pos)        /*!< DWT FUN
1031:C:\Users\bahri\eclipse-workspace\Project_USB_CrossCompile\system\include\cmsis\core_cm4.h **** 
1032:C:\Users\bahri\eclipse-workspace\Project_USB_CrossCompile\system\include\cmsis\core_cm4.h **** #define DWT_FUNCTION_EMITRANGE_Pos          5U                                         /*!< DWT FUN
1033:C:\Users\bahri\eclipse-workspace\Project_USB_CrossCompile\system\include\cmsis\core_cm4.h **** #define DWT_FUNCTION_EMITRANGE_Msk         (0x1UL << DWT_FUNCTION_EMITRANGE_Pos)       /*!< DWT FUN
1034:C:\Users\bahri\eclipse-workspace\Project_USB_CrossCompile\system\include\cmsis\core_cm4.h **** 
1035:C:\Users\bahri\eclipse-workspace\Project_USB_CrossCompile\system\include\cmsis\core_cm4.h **** #define DWT_FUNCTION_FUNCTION_Pos           0U                                         /*!< DWT FUN
1036:C:\Users\bahri\eclipse-workspace\Project_USB_CrossCompile\system\include\cmsis\core_cm4.h **** #define DWT_FUNCTION_FUNCTION_Msk          (0xFUL /*<< DWT_FUNCTION_FUNCTION_Pos*/)    /*!< DWT FUN
1037:C:\Users\bahri\eclipse-workspace\Project_USB_CrossCompile\system\include\cmsis\core_cm4.h **** 
1038:C:\Users\bahri\eclipse-workspace\Project_USB_CrossCompile\system\include\cmsis\core_cm4.h **** /*@}*/ /* end of group CMSIS_DWT */
1039:C:\Users\bahri\eclipse-workspace\Project_USB_CrossCompile\system\include\cmsis\core_cm4.h **** 
1040:C:\Users\bahri\eclipse-workspace\Project_USB_CrossCompile\system\include\cmsis\core_cm4.h **** 
1041:C:\Users\bahri\eclipse-workspace\Project_USB_CrossCompile\system\include\cmsis\core_cm4.h **** /**
1042:C:\Users\bahri\eclipse-workspace\Project_USB_CrossCompile\system\include\cmsis\core_cm4.h ****   \ingroup  CMSIS_core_register
1043:C:\Users\bahri\eclipse-workspace\Project_USB_CrossCompile\system\include\cmsis\core_cm4.h ****   \defgroup CMSIS_TPI     Trace Port Interface (TPI)
1044:C:\Users\bahri\eclipse-workspace\Project_USB_CrossCompile\system\include\cmsis\core_cm4.h ****   \brief    Type definitions for the Trace Port Interface (TPI)
1045:C:\Users\bahri\eclipse-workspace\Project_USB_CrossCompile\system\include\cmsis\core_cm4.h ****   @{
1046:C:\Users\bahri\eclipse-workspace\Project_USB_CrossCompile\system\include\cmsis\core_cm4.h ****  */
1047:C:\Users\bahri\eclipse-workspace\Project_USB_CrossCompile\system\include\cmsis\core_cm4.h **** 
1048:C:\Users\bahri\eclipse-workspace\Project_USB_CrossCompile\system\include\cmsis\core_cm4.h **** /**
1049:C:\Users\bahri\eclipse-workspace\Project_USB_CrossCompile\system\include\cmsis\core_cm4.h ****   \brief  Structure type to access the Trace Port Interface Register (TPI).
1050:C:\Users\bahri\eclipse-workspace\Project_USB_CrossCompile\system\include\cmsis\core_cm4.h ****  */
1051:C:\Users\bahri\eclipse-workspace\Project_USB_CrossCompile\system\include\cmsis\core_cm4.h **** typedef struct
1052:C:\Users\bahri\eclipse-workspace\Project_USB_CrossCompile\system\include\cmsis\core_cm4.h **** {
1053:C:\Users\bahri\eclipse-workspace\Project_USB_CrossCompile\system\include\cmsis\core_cm4.h ****   __IM  uint32_t SSPSR;                  /*!< Offset: 0x000 (R/ )  Supported Parallel Port Size Reg
1054:C:\Users\bahri\eclipse-workspace\Project_USB_CrossCompile\system\include\cmsis\core_cm4.h ****   __IOM uint32_t CSPSR;                  /*!< Offset: 0x004 (R/W)  Current Parallel Port Size Regis
1055:C:\Users\bahri\eclipse-workspace\Project_USB_CrossCompile\system\include\cmsis\core_cm4.h ****         uint32_t RESERVED0[2U];
1056:C:\Users\bahri\eclipse-workspace\Project_USB_CrossCompile\system\include\cmsis\core_cm4.h ****   __IOM uint32_t ACPR;                   /*!< Offset: 0x010 (R/W)  Asynchronous Clock Prescaler Reg
1057:C:\Users\bahri\eclipse-workspace\Project_USB_CrossCompile\system\include\cmsis\core_cm4.h ****         uint32_t RESERVED1[55U];
1058:C:\Users\bahri\eclipse-workspace\Project_USB_CrossCompile\system\include\cmsis\core_cm4.h ****   __IOM uint32_t SPPR;                   /*!< Offset: 0x0F0 (R/W)  Selected Pin Protocol Register *
1059:C:\Users\bahri\eclipse-workspace\Project_USB_CrossCompile\system\include\cmsis\core_cm4.h ****         uint32_t RESERVED2[131U];
1060:C:\Users\bahri\eclipse-workspace\Project_USB_CrossCompile\system\include\cmsis\core_cm4.h ****   __IM  uint32_t FFSR;                   /*!< Offset: 0x300 (R/ )  Formatter and Flush Status Regis
1061:C:\Users\bahri\eclipse-workspace\Project_USB_CrossCompile\system\include\cmsis\core_cm4.h ****   __IOM uint32_t FFCR;                   /*!< Offset: 0x304 (R/W)  Formatter and Flush Control Regi
1062:C:\Users\bahri\eclipse-workspace\Project_USB_CrossCompile\system\include\cmsis\core_cm4.h ****   __IM  uint32_t FSCR;                   /*!< Offset: 0x308 (R/ )  Formatter Synchronization Counte
1063:C:\Users\bahri\eclipse-workspace\Project_USB_CrossCompile\system\include\cmsis\core_cm4.h ****         uint32_t RESERVED3[759U];
1064:C:\Users\bahri\eclipse-workspace\Project_USB_CrossCompile\system\include\cmsis\core_cm4.h ****   __IM  uint32_t TRIGGER;                /*!< Offset: 0xEE8 (R/ )  TRIGGER Register */
1065:C:\Users\bahri\eclipse-workspace\Project_USB_CrossCompile\system\include\cmsis\core_cm4.h ****   __IM  uint32_t FIFO0;                  /*!< Offset: 0xEEC (R/ )  Integration ETM Data */
1066:C:\Users\bahri\eclipse-workspace\Project_USB_CrossCompile\system\include\cmsis\core_cm4.h ****   __IM  uint32_t ITATBCTR2;              /*!< Offset: 0xEF0 (R/ )  ITATBCTR2 */
1067:C:\Users\bahri\eclipse-workspace\Project_USB_CrossCompile\system\include\cmsis\core_cm4.h ****         uint32_t RESERVED4[1U];
1068:C:\Users\bahri\eclipse-workspace\Project_USB_CrossCompile\system\include\cmsis\core_cm4.h ****   __IM  uint32_t ITATBCTR0;              /*!< Offset: 0xEF8 (R/ )  ITATBCTR0 */
1069:C:\Users\bahri\eclipse-workspace\Project_USB_CrossCompile\system\include\cmsis\core_cm4.h ****   __IM  uint32_t FIFO1;                  /*!< Offset: 0xEFC (R/ )  Integration ITM Data */
1070:C:\Users\bahri\eclipse-workspace\Project_USB_CrossCompile\system\include\cmsis\core_cm4.h ****   __IOM uint32_t ITCTRL;                 /*!< Offset: 0xF00 (R/W)  Integration Mode Control */
1071:C:\Users\bahri\eclipse-workspace\Project_USB_CrossCompile\system\include\cmsis\core_cm4.h ****         uint32_t RESERVED5[39U];
1072:C:\Users\bahri\eclipse-workspace\Project_USB_CrossCompile\system\include\cmsis\core_cm4.h ****   __IOM uint32_t CLAIMSET;               /*!< Offset: 0xFA0 (R/W)  Claim tag set */
1073:C:\Users\bahri\eclipse-workspace\Project_USB_CrossCompile\system\include\cmsis\core_cm4.h ****   __IOM uint32_t CLAIMCLR;               /*!< Offset: 0xFA4 (R/W)  Claim tag clear */
1074:C:\Users\bahri\eclipse-workspace\Project_USB_CrossCompile\system\include\cmsis\core_cm4.h ****         uint32_t RESERVED7[8U];
1075:C:\Users\bahri\eclipse-workspace\Project_USB_CrossCompile\system\include\cmsis\core_cm4.h ****   __IM  uint32_t DEVID;                  /*!< Offset: 0xFC8 (R/ )  TPIU_DEVID */
1076:C:\Users\bahri\eclipse-workspace\Project_USB_CrossCompile\system\include\cmsis\core_cm4.h ****   __IM  uint32_t DEVTYPE;                /*!< Offset: 0xFCC (R/ )  TPIU_DEVTYPE */
1077:C:\Users\bahri\eclipse-workspace\Project_USB_CrossCompile\system\include\cmsis\core_cm4.h **** } TPI_Type;
1078:C:\Users\bahri\eclipse-workspace\Project_USB_CrossCompile\system\include\cmsis\core_cm4.h **** 
1079:C:\Users\bahri\eclipse-workspace\Project_USB_CrossCompile\system\include\cmsis\core_cm4.h **** /* TPI Asynchronous Clock Prescaler Register Definitions */
1080:C:\Users\bahri\eclipse-workspace\Project_USB_CrossCompile\system\include\cmsis\core_cm4.h **** #define TPI_ACPR_PRESCALER_Pos              0U                                         /*!< TPI ACP
1081:C:\Users\bahri\eclipse-workspace\Project_USB_CrossCompile\system\include\cmsis\core_cm4.h **** #define TPI_ACPR_PRESCALER_Msk             (0x1FFFUL /*<< TPI_ACPR_PRESCALER_Pos*/)    /*!< TPI ACP
1082:C:\Users\bahri\eclipse-workspace\Project_USB_CrossCompile\system\include\cmsis\core_cm4.h **** 
1083:C:\Users\bahri\eclipse-workspace\Project_USB_CrossCompile\system\include\cmsis\core_cm4.h **** /* TPI Selected Pin Protocol Register Definitions */
1084:C:\Users\bahri\eclipse-workspace\Project_USB_CrossCompile\system\include\cmsis\core_cm4.h **** #define TPI_SPPR_TXMODE_Pos                 0U                                         /*!< TPI SPP
1085:C:\Users\bahri\eclipse-workspace\Project_USB_CrossCompile\system\include\cmsis\core_cm4.h **** #define TPI_SPPR_TXMODE_Msk                (0x3UL /*<< TPI_SPPR_TXMODE_Pos*/)          /*!< TPI SPP
1086:C:\Users\bahri\eclipse-workspace\Project_USB_CrossCompile\system\include\cmsis\core_cm4.h **** 
1087:C:\Users\bahri\eclipse-workspace\Project_USB_CrossCompile\system\include\cmsis\core_cm4.h **** /* TPI Formatter and Flush Status Register Definitions */
1088:C:\Users\bahri\eclipse-workspace\Project_USB_CrossCompile\system\include\cmsis\core_cm4.h **** #define TPI_FFSR_FtNonStop_Pos              3U                                         /*!< TPI FFS
1089:C:\Users\bahri\eclipse-workspace\Project_USB_CrossCompile\system\include\cmsis\core_cm4.h **** #define TPI_FFSR_FtNonStop_Msk             (0x1UL << TPI_FFSR_FtNonStop_Pos)           /*!< TPI FFS
1090:C:\Users\bahri\eclipse-workspace\Project_USB_CrossCompile\system\include\cmsis\core_cm4.h **** 
1091:C:\Users\bahri\eclipse-workspace\Project_USB_CrossCompile\system\include\cmsis\core_cm4.h **** #define TPI_FFSR_TCPresent_Pos              2U                                         /*!< TPI FFS
1092:C:\Users\bahri\eclipse-workspace\Project_USB_CrossCompile\system\include\cmsis\core_cm4.h **** #define TPI_FFSR_TCPresent_Msk             (0x1UL << TPI_FFSR_TCPresent_Pos)           /*!< TPI FFS
1093:C:\Users\bahri\eclipse-workspace\Project_USB_CrossCompile\system\include\cmsis\core_cm4.h **** 
1094:C:\Users\bahri\eclipse-workspace\Project_USB_CrossCompile\system\include\cmsis\core_cm4.h **** #define TPI_FFSR_FtStopped_Pos              1U                                         /*!< TPI FFS
1095:C:\Users\bahri\eclipse-workspace\Project_USB_CrossCompile\system\include\cmsis\core_cm4.h **** #define TPI_FFSR_FtStopped_Msk             (0x1UL << TPI_FFSR_FtStopped_Pos)           /*!< TPI FFS
1096:C:\Users\bahri\eclipse-workspace\Project_USB_CrossCompile\system\include\cmsis\core_cm4.h **** 
1097:C:\Users\bahri\eclipse-workspace\Project_USB_CrossCompile\system\include\cmsis\core_cm4.h **** #define TPI_FFSR_FlInProg_Pos               0U                                         /*!< TPI FFS
1098:C:\Users\bahri\eclipse-workspace\Project_USB_CrossCompile\system\include\cmsis\core_cm4.h **** #define TPI_FFSR_FlInProg_Msk              (0x1UL /*<< TPI_FFSR_FlInProg_Pos*/)        /*!< TPI FFS
1099:C:\Users\bahri\eclipse-workspace\Project_USB_CrossCompile\system\include\cmsis\core_cm4.h **** 
1100:C:\Users\bahri\eclipse-workspace\Project_USB_CrossCompile\system\include\cmsis\core_cm4.h **** /* TPI Formatter and Flush Control Register Definitions */
1101:C:\Users\bahri\eclipse-workspace\Project_USB_CrossCompile\system\include\cmsis\core_cm4.h **** #define TPI_FFCR_TrigIn_Pos                 8U                                         /*!< TPI FFC
1102:C:\Users\bahri\eclipse-workspace\Project_USB_CrossCompile\system\include\cmsis\core_cm4.h **** #define TPI_FFCR_TrigIn_Msk                (0x1UL << TPI_FFCR_TrigIn_Pos)              /*!< TPI FFC
1103:C:\Users\bahri\eclipse-workspace\Project_USB_CrossCompile\system\include\cmsis\core_cm4.h **** 
1104:C:\Users\bahri\eclipse-workspace\Project_USB_CrossCompile\system\include\cmsis\core_cm4.h **** #define TPI_FFCR_EnFCont_Pos                1U                                         /*!< TPI FFC
1105:C:\Users\bahri\eclipse-workspace\Project_USB_CrossCompile\system\include\cmsis\core_cm4.h **** #define TPI_FFCR_EnFCont_Msk               (0x1UL << TPI_FFCR_EnFCont_Pos)             /*!< TPI FFC
1106:C:\Users\bahri\eclipse-workspace\Project_USB_CrossCompile\system\include\cmsis\core_cm4.h **** 
1107:C:\Users\bahri\eclipse-workspace\Project_USB_CrossCompile\system\include\cmsis\core_cm4.h **** /* TPI TRIGGER Register Definitions */
1108:C:\Users\bahri\eclipse-workspace\Project_USB_CrossCompile\system\include\cmsis\core_cm4.h **** #define TPI_TRIGGER_TRIGGER_Pos             0U                                         /*!< TPI TRI
1109:C:\Users\bahri\eclipse-workspace\Project_USB_CrossCompile\system\include\cmsis\core_cm4.h **** #define TPI_TRIGGER_TRIGGER_Msk            (0x1UL /*<< TPI_TRIGGER_TRIGGER_Pos*/)      /*!< TPI TRI
1110:C:\Users\bahri\eclipse-workspace\Project_USB_CrossCompile\system\include\cmsis\core_cm4.h **** 
1111:C:\Users\bahri\eclipse-workspace\Project_USB_CrossCompile\system\include\cmsis\core_cm4.h **** /* TPI Integration ETM Data Register Definitions (FIFO0) */
1112:C:\Users\bahri\eclipse-workspace\Project_USB_CrossCompile\system\include\cmsis\core_cm4.h **** #define TPI_FIFO0_ITM_ATVALID_Pos          29U                                         /*!< TPI FIF
1113:C:\Users\bahri\eclipse-workspace\Project_USB_CrossCompile\system\include\cmsis\core_cm4.h **** #define TPI_FIFO0_ITM_ATVALID_Msk          (0x1UL << TPI_FIFO0_ITM_ATVALID_Pos)        /*!< TPI FIF
1114:C:\Users\bahri\eclipse-workspace\Project_USB_CrossCompile\system\include\cmsis\core_cm4.h **** 
1115:C:\Users\bahri\eclipse-workspace\Project_USB_CrossCompile\system\include\cmsis\core_cm4.h **** #define TPI_FIFO0_ITM_bytecount_Pos        27U                                         /*!< TPI FIF
1116:C:\Users\bahri\eclipse-workspace\Project_USB_CrossCompile\system\include\cmsis\core_cm4.h **** #define TPI_FIFO0_ITM_bytecount_Msk        (0x3UL << TPI_FIFO0_ITM_bytecount_Pos)      /*!< TPI FIF
1117:C:\Users\bahri\eclipse-workspace\Project_USB_CrossCompile\system\include\cmsis\core_cm4.h **** 
1118:C:\Users\bahri\eclipse-workspace\Project_USB_CrossCompile\system\include\cmsis\core_cm4.h **** #define TPI_FIFO0_ETM_ATVALID_Pos          26U                                         /*!< TPI FIF
1119:C:\Users\bahri\eclipse-workspace\Project_USB_CrossCompile\system\include\cmsis\core_cm4.h **** #define TPI_FIFO0_ETM_ATVALID_Msk          (0x1UL << TPI_FIFO0_ETM_ATVALID_Pos)        /*!< TPI FIF
1120:C:\Users\bahri\eclipse-workspace\Project_USB_CrossCompile\system\include\cmsis\core_cm4.h **** 
1121:C:\Users\bahri\eclipse-workspace\Project_USB_CrossCompile\system\include\cmsis\core_cm4.h **** #define TPI_FIFO0_ETM_bytecount_Pos        24U                                         /*!< TPI FIF
1122:C:\Users\bahri\eclipse-workspace\Project_USB_CrossCompile\system\include\cmsis\core_cm4.h **** #define TPI_FIFO0_ETM_bytecount_Msk        (0x3UL << TPI_FIFO0_ETM_bytecount_Pos)      /*!< TPI FIF
1123:C:\Users\bahri\eclipse-workspace\Project_USB_CrossCompile\system\include\cmsis\core_cm4.h **** 
1124:C:\Users\bahri\eclipse-workspace\Project_USB_CrossCompile\system\include\cmsis\core_cm4.h **** #define TPI_FIFO0_ETM2_Pos                 16U                                         /*!< TPI FIF
1125:C:\Users\bahri\eclipse-workspace\Project_USB_CrossCompile\system\include\cmsis\core_cm4.h **** #define TPI_FIFO0_ETM2_Msk                 (0xFFUL << TPI_FIFO0_ETM2_Pos)              /*!< TPI FIF
1126:C:\Users\bahri\eclipse-workspace\Project_USB_CrossCompile\system\include\cmsis\core_cm4.h **** 
1127:C:\Users\bahri\eclipse-workspace\Project_USB_CrossCompile\system\include\cmsis\core_cm4.h **** #define TPI_FIFO0_ETM1_Pos                  8U                                         /*!< TPI FIF
1128:C:\Users\bahri\eclipse-workspace\Project_USB_CrossCompile\system\include\cmsis\core_cm4.h **** #define TPI_FIFO0_ETM1_Msk                 (0xFFUL << TPI_FIFO0_ETM1_Pos)              /*!< TPI FIF
1129:C:\Users\bahri\eclipse-workspace\Project_USB_CrossCompile\system\include\cmsis\core_cm4.h **** 
1130:C:\Users\bahri\eclipse-workspace\Project_USB_CrossCompile\system\include\cmsis\core_cm4.h **** #define TPI_FIFO0_ETM0_Pos                  0U                                         /*!< TPI FIF
1131:C:\Users\bahri\eclipse-workspace\Project_USB_CrossCompile\system\include\cmsis\core_cm4.h **** #define TPI_FIFO0_ETM0_Msk                 (0xFFUL /*<< TPI_FIFO0_ETM0_Pos*/)          /*!< TPI FIF
1132:C:\Users\bahri\eclipse-workspace\Project_USB_CrossCompile\system\include\cmsis\core_cm4.h **** 
1133:C:\Users\bahri\eclipse-workspace\Project_USB_CrossCompile\system\include\cmsis\core_cm4.h **** /* TPI ITATBCTR2 Register Definitions */
1134:C:\Users\bahri\eclipse-workspace\Project_USB_CrossCompile\system\include\cmsis\core_cm4.h **** #define TPI_ITATBCTR2_ATREADY2_Pos          0U                                         /*!< TPI ITA
1135:C:\Users\bahri\eclipse-workspace\Project_USB_CrossCompile\system\include\cmsis\core_cm4.h **** #define TPI_ITATBCTR2_ATREADY2_Msk         (0x1UL /*<< TPI_ITATBCTR2_ATREADY2_Pos*/)   /*!< TPI ITA
1136:C:\Users\bahri\eclipse-workspace\Project_USB_CrossCompile\system\include\cmsis\core_cm4.h **** 
1137:C:\Users\bahri\eclipse-workspace\Project_USB_CrossCompile\system\include\cmsis\core_cm4.h **** #define TPI_ITATBCTR2_ATREADY1_Pos          0U                                         /*!< TPI ITA
1138:C:\Users\bahri\eclipse-workspace\Project_USB_CrossCompile\system\include\cmsis\core_cm4.h **** #define TPI_ITATBCTR2_ATREADY1_Msk         (0x1UL /*<< TPI_ITATBCTR2_ATREADY1_Pos*/)   /*!< TPI ITA
1139:C:\Users\bahri\eclipse-workspace\Project_USB_CrossCompile\system\include\cmsis\core_cm4.h **** 
1140:C:\Users\bahri\eclipse-workspace\Project_USB_CrossCompile\system\include\cmsis\core_cm4.h **** /* TPI Integration ITM Data Register Definitions (FIFO1) */
1141:C:\Users\bahri\eclipse-workspace\Project_USB_CrossCompile\system\include\cmsis\core_cm4.h **** #define TPI_FIFO1_ITM_ATVALID_Pos          29U                                         /*!< TPI FIF
1142:C:\Users\bahri\eclipse-workspace\Project_USB_CrossCompile\system\include\cmsis\core_cm4.h **** #define TPI_FIFO1_ITM_ATVALID_Msk          (0x1UL << TPI_FIFO1_ITM_ATVALID_Pos)        /*!< TPI FIF
1143:C:\Users\bahri\eclipse-workspace\Project_USB_CrossCompile\system\include\cmsis\core_cm4.h **** 
1144:C:\Users\bahri\eclipse-workspace\Project_USB_CrossCompile\system\include\cmsis\core_cm4.h **** #define TPI_FIFO1_ITM_bytecount_Pos        27U                                         /*!< TPI FIF
1145:C:\Users\bahri\eclipse-workspace\Project_USB_CrossCompile\system\include\cmsis\core_cm4.h **** #define TPI_FIFO1_ITM_bytecount_Msk        (0x3UL << TPI_FIFO1_ITM_bytecount_Pos)      /*!< TPI FIF
1146:C:\Users\bahri\eclipse-workspace\Project_USB_CrossCompile\system\include\cmsis\core_cm4.h **** 
1147:C:\Users\bahri\eclipse-workspace\Project_USB_CrossCompile\system\include\cmsis\core_cm4.h **** #define TPI_FIFO1_ETM_ATVALID_Pos          26U                                         /*!< TPI FIF
1148:C:\Users\bahri\eclipse-workspace\Project_USB_CrossCompile\system\include\cmsis\core_cm4.h **** #define TPI_FIFO1_ETM_ATVALID_Msk          (0x1UL << TPI_FIFO1_ETM_ATVALID_Pos)        /*!< TPI FIF
1149:C:\Users\bahri\eclipse-workspace\Project_USB_CrossCompile\system\include\cmsis\core_cm4.h **** 
1150:C:\Users\bahri\eclipse-workspace\Project_USB_CrossCompile\system\include\cmsis\core_cm4.h **** #define TPI_FIFO1_ETM_bytecount_Pos        24U                                         /*!< TPI FIF
1151:C:\Users\bahri\eclipse-workspace\Project_USB_CrossCompile\system\include\cmsis\core_cm4.h **** #define TPI_FIFO1_ETM_bytecount_Msk        (0x3UL << TPI_FIFO1_ETM_bytecount_Pos)      /*!< TPI FIF
1152:C:\Users\bahri\eclipse-workspace\Project_USB_CrossCompile\system\include\cmsis\core_cm4.h **** 
1153:C:\Users\bahri\eclipse-workspace\Project_USB_CrossCompile\system\include\cmsis\core_cm4.h **** #define TPI_FIFO1_ITM2_Pos                 16U                                         /*!< TPI FIF
1154:C:\Users\bahri\eclipse-workspace\Project_USB_CrossCompile\system\include\cmsis\core_cm4.h **** #define TPI_FIFO1_ITM2_Msk                 (0xFFUL << TPI_FIFO1_ITM2_Pos)              /*!< TPI FIF
1155:C:\Users\bahri\eclipse-workspace\Project_USB_CrossCompile\system\include\cmsis\core_cm4.h **** 
1156:C:\Users\bahri\eclipse-workspace\Project_USB_CrossCompile\system\include\cmsis\core_cm4.h **** #define TPI_FIFO1_ITM1_Pos                  8U                                         /*!< TPI FIF
1157:C:\Users\bahri\eclipse-workspace\Project_USB_CrossCompile\system\include\cmsis\core_cm4.h **** #define TPI_FIFO1_ITM1_Msk                 (0xFFUL << TPI_FIFO1_ITM1_Pos)              /*!< TPI FIF
1158:C:\Users\bahri\eclipse-workspace\Project_USB_CrossCompile\system\include\cmsis\core_cm4.h **** 
1159:C:\Users\bahri\eclipse-workspace\Project_USB_CrossCompile\system\include\cmsis\core_cm4.h **** #define TPI_FIFO1_ITM0_Pos                  0U                                         /*!< TPI FIF
1160:C:\Users\bahri\eclipse-workspace\Project_USB_CrossCompile\system\include\cmsis\core_cm4.h **** #define TPI_FIFO1_ITM0_Msk                 (0xFFUL /*<< TPI_FIFO1_ITM0_Pos*/)          /*!< TPI FIF
1161:C:\Users\bahri\eclipse-workspace\Project_USB_CrossCompile\system\include\cmsis\core_cm4.h **** 
1162:C:\Users\bahri\eclipse-workspace\Project_USB_CrossCompile\system\include\cmsis\core_cm4.h **** /* TPI ITATBCTR0 Register Definitions */
1163:C:\Users\bahri\eclipse-workspace\Project_USB_CrossCompile\system\include\cmsis\core_cm4.h **** #define TPI_ITATBCTR0_ATREADY2_Pos          0U                                         /*!< TPI ITA
1164:C:\Users\bahri\eclipse-workspace\Project_USB_CrossCompile\system\include\cmsis\core_cm4.h **** #define TPI_ITATBCTR0_ATREADY2_Msk         (0x1UL /*<< TPI_ITATBCTR0_ATREADY2_Pos*/)   /*!< TPI ITA
1165:C:\Users\bahri\eclipse-workspace\Project_USB_CrossCompile\system\include\cmsis\core_cm4.h **** 
1166:C:\Users\bahri\eclipse-workspace\Project_USB_CrossCompile\system\include\cmsis\core_cm4.h **** #define TPI_ITATBCTR0_ATREADY1_Pos          0U                                         /*!< TPI ITA
1167:C:\Users\bahri\eclipse-workspace\Project_USB_CrossCompile\system\include\cmsis\core_cm4.h **** #define TPI_ITATBCTR0_ATREADY1_Msk         (0x1UL /*<< TPI_ITATBCTR0_ATREADY1_Pos*/)   /*!< TPI ITA
1168:C:\Users\bahri\eclipse-workspace\Project_USB_CrossCompile\system\include\cmsis\core_cm4.h **** 
1169:C:\Users\bahri\eclipse-workspace\Project_USB_CrossCompile\system\include\cmsis\core_cm4.h **** /* TPI Integration Mode Control Register Definitions */
1170:C:\Users\bahri\eclipse-workspace\Project_USB_CrossCompile\system\include\cmsis\core_cm4.h **** #define TPI_ITCTRL_Mode_Pos                 0U                                         /*!< TPI ITC
1171:C:\Users\bahri\eclipse-workspace\Project_USB_CrossCompile\system\include\cmsis\core_cm4.h **** #define TPI_ITCTRL_Mode_Msk                (0x3UL /*<< TPI_ITCTRL_Mode_Pos*/)          /*!< TPI ITC
1172:C:\Users\bahri\eclipse-workspace\Project_USB_CrossCompile\system\include\cmsis\core_cm4.h **** 
1173:C:\Users\bahri\eclipse-workspace\Project_USB_CrossCompile\system\include\cmsis\core_cm4.h **** /* TPI DEVID Register Definitions */
1174:C:\Users\bahri\eclipse-workspace\Project_USB_CrossCompile\system\include\cmsis\core_cm4.h **** #define TPI_DEVID_NRZVALID_Pos             11U                                         /*!< TPI DEV
1175:C:\Users\bahri\eclipse-workspace\Project_USB_CrossCompile\system\include\cmsis\core_cm4.h **** #define TPI_DEVID_NRZVALID_Msk             (0x1UL << TPI_DEVID_NRZVALID_Pos)           /*!< TPI DEV
1176:C:\Users\bahri\eclipse-workspace\Project_USB_CrossCompile\system\include\cmsis\core_cm4.h **** 
1177:C:\Users\bahri\eclipse-workspace\Project_USB_CrossCompile\system\include\cmsis\core_cm4.h **** #define TPI_DEVID_MANCVALID_Pos            10U                                         /*!< TPI DEV
1178:C:\Users\bahri\eclipse-workspace\Project_USB_CrossCompile\system\include\cmsis\core_cm4.h **** #define TPI_DEVID_MANCVALID_Msk            (0x1UL << TPI_DEVID_MANCVALID_Pos)          /*!< TPI DEV
1179:C:\Users\bahri\eclipse-workspace\Project_USB_CrossCompile\system\include\cmsis\core_cm4.h **** 
1180:C:\Users\bahri\eclipse-workspace\Project_USB_CrossCompile\system\include\cmsis\core_cm4.h **** #define TPI_DEVID_PTINVALID_Pos             9U                                         /*!< TPI DEV
1181:C:\Users\bahri\eclipse-workspace\Project_USB_CrossCompile\system\include\cmsis\core_cm4.h **** #define TPI_DEVID_PTINVALID_Msk            (0x1UL << TPI_DEVID_PTINVALID_Pos)          /*!< TPI DEV
1182:C:\Users\bahri\eclipse-workspace\Project_USB_CrossCompile\system\include\cmsis\core_cm4.h **** 
1183:C:\Users\bahri\eclipse-workspace\Project_USB_CrossCompile\system\include\cmsis\core_cm4.h **** #define TPI_DEVID_MinBufSz_Pos              6U                                         /*!< TPI DEV
1184:C:\Users\bahri\eclipse-workspace\Project_USB_CrossCompile\system\include\cmsis\core_cm4.h **** #define TPI_DEVID_MinBufSz_Msk             (0x7UL << TPI_DEVID_MinBufSz_Pos)           /*!< TPI DEV
1185:C:\Users\bahri\eclipse-workspace\Project_USB_CrossCompile\system\include\cmsis\core_cm4.h **** 
1186:C:\Users\bahri\eclipse-workspace\Project_USB_CrossCompile\system\include\cmsis\core_cm4.h **** #define TPI_DEVID_AsynClkIn_Pos             5U                                         /*!< TPI DEV
1187:C:\Users\bahri\eclipse-workspace\Project_USB_CrossCompile\system\include\cmsis\core_cm4.h **** #define TPI_DEVID_AsynClkIn_Msk            (0x1UL << TPI_DEVID_AsynClkIn_Pos)          /*!< TPI DEV
1188:C:\Users\bahri\eclipse-workspace\Project_USB_CrossCompile\system\include\cmsis\core_cm4.h **** 
1189:C:\Users\bahri\eclipse-workspace\Project_USB_CrossCompile\system\include\cmsis\core_cm4.h **** #define TPI_DEVID_NrTraceInput_Pos          0U                                         /*!< TPI DEV
1190:C:\Users\bahri\eclipse-workspace\Project_USB_CrossCompile\system\include\cmsis\core_cm4.h **** #define TPI_DEVID_NrTraceInput_Msk         (0x1FUL /*<< TPI_DEVID_NrTraceInput_Pos*/)  /*!< TPI DEV
1191:C:\Users\bahri\eclipse-workspace\Project_USB_CrossCompile\system\include\cmsis\core_cm4.h **** 
1192:C:\Users\bahri\eclipse-workspace\Project_USB_CrossCompile\system\include\cmsis\core_cm4.h **** /* TPI DEVTYPE Register Definitions */
1193:C:\Users\bahri\eclipse-workspace\Project_USB_CrossCompile\system\include\cmsis\core_cm4.h **** #define TPI_DEVTYPE_SubType_Pos             4U                                         /*!< TPI DEV
1194:C:\Users\bahri\eclipse-workspace\Project_USB_CrossCompile\system\include\cmsis\core_cm4.h **** #define TPI_DEVTYPE_SubType_Msk            (0xFUL /*<< TPI_DEVTYPE_SubType_Pos*/)      /*!< TPI DEV
1195:C:\Users\bahri\eclipse-workspace\Project_USB_CrossCompile\system\include\cmsis\core_cm4.h **** 
1196:C:\Users\bahri\eclipse-workspace\Project_USB_CrossCompile\system\include\cmsis\core_cm4.h **** #define TPI_DEVTYPE_MajorType_Pos           0U                                         /*!< TPI DEV
1197:C:\Users\bahri\eclipse-workspace\Project_USB_CrossCompile\system\include\cmsis\core_cm4.h **** #define TPI_DEVTYPE_MajorType_Msk          (0xFUL << TPI_DEVTYPE_MajorType_Pos)        /*!< TPI DEV
1198:C:\Users\bahri\eclipse-workspace\Project_USB_CrossCompile\system\include\cmsis\core_cm4.h **** 
1199:C:\Users\bahri\eclipse-workspace\Project_USB_CrossCompile\system\include\cmsis\core_cm4.h **** /*@}*/ /* end of group CMSIS_TPI */
1200:C:\Users\bahri\eclipse-workspace\Project_USB_CrossCompile\system\include\cmsis\core_cm4.h **** 
1201:C:\Users\bahri\eclipse-workspace\Project_USB_CrossCompile\system\include\cmsis\core_cm4.h **** 
1202:C:\Users\bahri\eclipse-workspace\Project_USB_CrossCompile\system\include\cmsis\core_cm4.h **** #if defined (__MPU_PRESENT) && (__MPU_PRESENT == 1U)
1203:C:\Users\bahri\eclipse-workspace\Project_USB_CrossCompile\system\include\cmsis\core_cm4.h **** /**
1204:C:\Users\bahri\eclipse-workspace\Project_USB_CrossCompile\system\include\cmsis\core_cm4.h ****   \ingroup  CMSIS_core_register
1205:C:\Users\bahri\eclipse-workspace\Project_USB_CrossCompile\system\include\cmsis\core_cm4.h ****   \defgroup CMSIS_MPU     Memory Protection Unit (MPU)
1206:C:\Users\bahri\eclipse-workspace\Project_USB_CrossCompile\system\include\cmsis\core_cm4.h ****   \brief    Type definitions for the Memory Protection Unit (MPU)
1207:C:\Users\bahri\eclipse-workspace\Project_USB_CrossCompile\system\include\cmsis\core_cm4.h ****   @{
1208:C:\Users\bahri\eclipse-workspace\Project_USB_CrossCompile\system\include\cmsis\core_cm4.h ****  */
1209:C:\Users\bahri\eclipse-workspace\Project_USB_CrossCompile\system\include\cmsis\core_cm4.h **** 
1210:C:\Users\bahri\eclipse-workspace\Project_USB_CrossCompile\system\include\cmsis\core_cm4.h **** /**
1211:C:\Users\bahri\eclipse-workspace\Project_USB_CrossCompile\system\include\cmsis\core_cm4.h ****   \brief  Structure type to access the Memory Protection Unit (MPU).
1212:C:\Users\bahri\eclipse-workspace\Project_USB_CrossCompile\system\include\cmsis\core_cm4.h ****  */
1213:C:\Users\bahri\eclipse-workspace\Project_USB_CrossCompile\system\include\cmsis\core_cm4.h **** typedef struct
1214:C:\Users\bahri\eclipse-workspace\Project_USB_CrossCompile\system\include\cmsis\core_cm4.h **** {
1215:C:\Users\bahri\eclipse-workspace\Project_USB_CrossCompile\system\include\cmsis\core_cm4.h ****   __IM  uint32_t TYPE;                   /*!< Offset: 0x000 (R/ )  MPU Type Register */
1216:C:\Users\bahri\eclipse-workspace\Project_USB_CrossCompile\system\include\cmsis\core_cm4.h ****   __IOM uint32_t CTRL;                   /*!< Offset: 0x004 (R/W)  MPU Control Register */
1217:C:\Users\bahri\eclipse-workspace\Project_USB_CrossCompile\system\include\cmsis\core_cm4.h ****   __IOM uint32_t RNR;                    /*!< Offset: 0x008 (R/W)  MPU Region RNRber Register */
1218:C:\Users\bahri\eclipse-workspace\Project_USB_CrossCompile\system\include\cmsis\core_cm4.h ****   __IOM uint32_t RBAR;                   /*!< Offset: 0x00C (R/W)  MPU Region Base Address Register
1219:C:\Users\bahri\eclipse-workspace\Project_USB_CrossCompile\system\include\cmsis\core_cm4.h ****   __IOM uint32_t RASR;                   /*!< Offset: 0x010 (R/W)  MPU Region Attribute and Size Re
1220:C:\Users\bahri\eclipse-workspace\Project_USB_CrossCompile\system\include\cmsis\core_cm4.h ****   __IOM uint32_t RBAR_A1;                /*!< Offset: 0x014 (R/W)  MPU Alias 1 Region Base Address 
1221:C:\Users\bahri\eclipse-workspace\Project_USB_CrossCompile\system\include\cmsis\core_cm4.h ****   __IOM uint32_t RASR_A1;                /*!< Offset: 0x018 (R/W)  MPU Alias 1 Region Attribute and
1222:C:\Users\bahri\eclipse-workspace\Project_USB_CrossCompile\system\include\cmsis\core_cm4.h ****   __IOM uint32_t RBAR_A2;                /*!< Offset: 0x01C (R/W)  MPU Alias 2 Region Base Address 
1223:C:\Users\bahri\eclipse-workspace\Project_USB_CrossCompile\system\include\cmsis\core_cm4.h ****   __IOM uint32_t RASR_A2;                /*!< Offset: 0x020 (R/W)  MPU Alias 2 Region Attribute and
1224:C:\Users\bahri\eclipse-workspace\Project_USB_CrossCompile\system\include\cmsis\core_cm4.h ****   __IOM uint32_t RBAR_A3;                /*!< Offset: 0x024 (R/W)  MPU Alias 3 Region Base Address 
1225:C:\Users\bahri\eclipse-workspace\Project_USB_CrossCompile\system\include\cmsis\core_cm4.h ****   __IOM uint32_t RASR_A3;                /*!< Offset: 0x028 (R/W)  MPU Alias 3 Region Attribute and
1226:C:\Users\bahri\eclipse-workspace\Project_USB_CrossCompile\system\include\cmsis\core_cm4.h **** } MPU_Type;
1227:C:\Users\bahri\eclipse-workspace\Project_USB_CrossCompile\system\include\cmsis\core_cm4.h **** 
1228:C:\Users\bahri\eclipse-workspace\Project_USB_CrossCompile\system\include\cmsis\core_cm4.h **** #define MPU_TYPE_RALIASES                  4U
1229:C:\Users\bahri\eclipse-workspace\Project_USB_CrossCompile\system\include\cmsis\core_cm4.h **** 
1230:C:\Users\bahri\eclipse-workspace\Project_USB_CrossCompile\system\include\cmsis\core_cm4.h **** /* MPU Type Register Definitions */
1231:C:\Users\bahri\eclipse-workspace\Project_USB_CrossCompile\system\include\cmsis\core_cm4.h **** #define MPU_TYPE_IREGION_Pos               16U                                            /*!< MPU 
1232:C:\Users\bahri\eclipse-workspace\Project_USB_CrossCompile\system\include\cmsis\core_cm4.h **** #define MPU_TYPE_IREGION_Msk               (0xFFUL << MPU_TYPE_IREGION_Pos)               /*!< MPU 
1233:C:\Users\bahri\eclipse-workspace\Project_USB_CrossCompile\system\include\cmsis\core_cm4.h **** 
1234:C:\Users\bahri\eclipse-workspace\Project_USB_CrossCompile\system\include\cmsis\core_cm4.h **** #define MPU_TYPE_DREGION_Pos                8U                                            /*!< MPU 
1235:C:\Users\bahri\eclipse-workspace\Project_USB_CrossCompile\system\include\cmsis\core_cm4.h **** #define MPU_TYPE_DREGION_Msk               (0xFFUL << MPU_TYPE_DREGION_Pos)               /*!< MPU 
1236:C:\Users\bahri\eclipse-workspace\Project_USB_CrossCompile\system\include\cmsis\core_cm4.h **** 
1237:C:\Users\bahri\eclipse-workspace\Project_USB_CrossCompile\system\include\cmsis\core_cm4.h **** #define MPU_TYPE_SEPARATE_Pos               0U                                            /*!< MPU 
1238:C:\Users\bahri\eclipse-workspace\Project_USB_CrossCompile\system\include\cmsis\core_cm4.h **** #define MPU_TYPE_SEPARATE_Msk              (1UL /*<< MPU_TYPE_SEPARATE_Pos*/)             /*!< MPU 
1239:C:\Users\bahri\eclipse-workspace\Project_USB_CrossCompile\system\include\cmsis\core_cm4.h **** 
1240:C:\Users\bahri\eclipse-workspace\Project_USB_CrossCompile\system\include\cmsis\core_cm4.h **** /* MPU Control Register Definitions */
1241:C:\Users\bahri\eclipse-workspace\Project_USB_CrossCompile\system\include\cmsis\core_cm4.h **** #define MPU_CTRL_PRIVDEFENA_Pos             2U                                            /*!< MPU 
1242:C:\Users\bahri\eclipse-workspace\Project_USB_CrossCompile\system\include\cmsis\core_cm4.h **** #define MPU_CTRL_PRIVDEFENA_Msk            (1UL << MPU_CTRL_PRIVDEFENA_Pos)               /*!< MPU 
1243:C:\Users\bahri\eclipse-workspace\Project_USB_CrossCompile\system\include\cmsis\core_cm4.h **** 
1244:C:\Users\bahri\eclipse-workspace\Project_USB_CrossCompile\system\include\cmsis\core_cm4.h **** #define MPU_CTRL_HFNMIENA_Pos               1U                                            /*!< MPU 
1245:C:\Users\bahri\eclipse-workspace\Project_USB_CrossCompile\system\include\cmsis\core_cm4.h **** #define MPU_CTRL_HFNMIENA_Msk              (1UL << MPU_CTRL_HFNMIENA_Pos)                 /*!< MPU 
1246:C:\Users\bahri\eclipse-workspace\Project_USB_CrossCompile\system\include\cmsis\core_cm4.h **** 
1247:C:\Users\bahri\eclipse-workspace\Project_USB_CrossCompile\system\include\cmsis\core_cm4.h **** #define MPU_CTRL_ENABLE_Pos                 0U                                            /*!< MPU 
1248:C:\Users\bahri\eclipse-workspace\Project_USB_CrossCompile\system\include\cmsis\core_cm4.h **** #define MPU_CTRL_ENABLE_Msk                (1UL /*<< MPU_CTRL_ENABLE_Pos*/)               /*!< MPU 
1249:C:\Users\bahri\eclipse-workspace\Project_USB_CrossCompile\system\include\cmsis\core_cm4.h **** 
1250:C:\Users\bahri\eclipse-workspace\Project_USB_CrossCompile\system\include\cmsis\core_cm4.h **** /* MPU Region Number Register Definitions */
1251:C:\Users\bahri\eclipse-workspace\Project_USB_CrossCompile\system\include\cmsis\core_cm4.h **** #define MPU_RNR_REGION_Pos                  0U                                            /*!< MPU 
1252:C:\Users\bahri\eclipse-workspace\Project_USB_CrossCompile\system\include\cmsis\core_cm4.h **** #define MPU_RNR_REGION_Msk                 (0xFFUL /*<< MPU_RNR_REGION_Pos*/)             /*!< MPU 
1253:C:\Users\bahri\eclipse-workspace\Project_USB_CrossCompile\system\include\cmsis\core_cm4.h **** 
1254:C:\Users\bahri\eclipse-workspace\Project_USB_CrossCompile\system\include\cmsis\core_cm4.h **** /* MPU Region Base Address Register Definitions */
1255:C:\Users\bahri\eclipse-workspace\Project_USB_CrossCompile\system\include\cmsis\core_cm4.h **** #define MPU_RBAR_ADDR_Pos                   5U                                            /*!< MPU 
1256:C:\Users\bahri\eclipse-workspace\Project_USB_CrossCompile\system\include\cmsis\core_cm4.h **** #define MPU_RBAR_ADDR_Msk                  (0x7FFFFFFUL << MPU_RBAR_ADDR_Pos)             /*!< MPU 
1257:C:\Users\bahri\eclipse-workspace\Project_USB_CrossCompile\system\include\cmsis\core_cm4.h **** 
1258:C:\Users\bahri\eclipse-workspace\Project_USB_CrossCompile\system\include\cmsis\core_cm4.h **** #define MPU_RBAR_VALID_Pos                  4U                                            /*!< MPU 
1259:C:\Users\bahri\eclipse-workspace\Project_USB_CrossCompile\system\include\cmsis\core_cm4.h **** #define MPU_RBAR_VALID_Msk                 (1UL << MPU_RBAR_VALID_Pos)                    /*!< MPU 
1260:C:\Users\bahri\eclipse-workspace\Project_USB_CrossCompile\system\include\cmsis\core_cm4.h **** 
1261:C:\Users\bahri\eclipse-workspace\Project_USB_CrossCompile\system\include\cmsis\core_cm4.h **** #define MPU_RBAR_REGION_Pos                 0U                                            /*!< MPU 
1262:C:\Users\bahri\eclipse-workspace\Project_USB_CrossCompile\system\include\cmsis\core_cm4.h **** #define MPU_RBAR_REGION_Msk                (0xFUL /*<< MPU_RBAR_REGION_Pos*/)             /*!< MPU 
1263:C:\Users\bahri\eclipse-workspace\Project_USB_CrossCompile\system\include\cmsis\core_cm4.h **** 
1264:C:\Users\bahri\eclipse-workspace\Project_USB_CrossCompile\system\include\cmsis\core_cm4.h **** /* MPU Region Attribute and Size Register Definitions */
1265:C:\Users\bahri\eclipse-workspace\Project_USB_CrossCompile\system\include\cmsis\core_cm4.h **** #define MPU_RASR_ATTRS_Pos                 16U                                            /*!< MPU 
1266:C:\Users\bahri\eclipse-workspace\Project_USB_CrossCompile\system\include\cmsis\core_cm4.h **** #define MPU_RASR_ATTRS_Msk                 (0xFFFFUL << MPU_RASR_ATTRS_Pos)               /*!< MPU 
1267:C:\Users\bahri\eclipse-workspace\Project_USB_CrossCompile\system\include\cmsis\core_cm4.h **** 
1268:C:\Users\bahri\eclipse-workspace\Project_USB_CrossCompile\system\include\cmsis\core_cm4.h **** #define MPU_RASR_XN_Pos                    28U                                            /*!< MPU 
1269:C:\Users\bahri\eclipse-workspace\Project_USB_CrossCompile\system\include\cmsis\core_cm4.h **** #define MPU_RASR_XN_Msk                    (1UL << MPU_RASR_XN_Pos)                       /*!< MPU 
1270:C:\Users\bahri\eclipse-workspace\Project_USB_CrossCompile\system\include\cmsis\core_cm4.h **** 
1271:C:\Users\bahri\eclipse-workspace\Project_USB_CrossCompile\system\include\cmsis\core_cm4.h **** #define MPU_RASR_AP_Pos                    24U                                            /*!< MPU 
1272:C:\Users\bahri\eclipse-workspace\Project_USB_CrossCompile\system\include\cmsis\core_cm4.h **** #define MPU_RASR_AP_Msk                    (0x7UL << MPU_RASR_AP_Pos)                     /*!< MPU 
1273:C:\Users\bahri\eclipse-workspace\Project_USB_CrossCompile\system\include\cmsis\core_cm4.h **** 
1274:C:\Users\bahri\eclipse-workspace\Project_USB_CrossCompile\system\include\cmsis\core_cm4.h **** #define MPU_RASR_TEX_Pos                   19U                                            /*!< MPU 
1275:C:\Users\bahri\eclipse-workspace\Project_USB_CrossCompile\system\include\cmsis\core_cm4.h **** #define MPU_RASR_TEX_Msk                   (0x7UL << MPU_RASR_TEX_Pos)                    /*!< MPU 
1276:C:\Users\bahri\eclipse-workspace\Project_USB_CrossCompile\system\include\cmsis\core_cm4.h **** 
1277:C:\Users\bahri\eclipse-workspace\Project_USB_CrossCompile\system\include\cmsis\core_cm4.h **** #define MPU_RASR_S_Pos                     18U                                            /*!< MPU 
1278:C:\Users\bahri\eclipse-workspace\Project_USB_CrossCompile\system\include\cmsis\core_cm4.h **** #define MPU_RASR_S_Msk                     (1UL << MPU_RASR_S_Pos)                        /*!< MPU 
1279:C:\Users\bahri\eclipse-workspace\Project_USB_CrossCompile\system\include\cmsis\core_cm4.h **** 
1280:C:\Users\bahri\eclipse-workspace\Project_USB_CrossCompile\system\include\cmsis\core_cm4.h **** #define MPU_RASR_C_Pos                     17U                                            /*!< MPU 
1281:C:\Users\bahri\eclipse-workspace\Project_USB_CrossCompile\system\include\cmsis\core_cm4.h **** #define MPU_RASR_C_Msk                     (1UL << MPU_RASR_C_Pos)                        /*!< MPU 
1282:C:\Users\bahri\eclipse-workspace\Project_USB_CrossCompile\system\include\cmsis\core_cm4.h **** 
1283:C:\Users\bahri\eclipse-workspace\Project_USB_CrossCompile\system\include\cmsis\core_cm4.h **** #define MPU_RASR_B_Pos                     16U                                            /*!< MPU 
1284:C:\Users\bahri\eclipse-workspace\Project_USB_CrossCompile\system\include\cmsis\core_cm4.h **** #define MPU_RASR_B_Msk                     (1UL << MPU_RASR_B_Pos)                        /*!< MPU 
1285:C:\Users\bahri\eclipse-workspace\Project_USB_CrossCompile\system\include\cmsis\core_cm4.h **** 
1286:C:\Users\bahri\eclipse-workspace\Project_USB_CrossCompile\system\include\cmsis\core_cm4.h **** #define MPU_RASR_SRD_Pos                    8U                                            /*!< MPU 
1287:C:\Users\bahri\eclipse-workspace\Project_USB_CrossCompile\system\include\cmsis\core_cm4.h **** #define MPU_RASR_SRD_Msk                   (0xFFUL << MPU_RASR_SRD_Pos)                   /*!< MPU 
1288:C:\Users\bahri\eclipse-workspace\Project_USB_CrossCompile\system\include\cmsis\core_cm4.h **** 
1289:C:\Users\bahri\eclipse-workspace\Project_USB_CrossCompile\system\include\cmsis\core_cm4.h **** #define MPU_RASR_SIZE_Pos                   1U                                            /*!< MPU 
1290:C:\Users\bahri\eclipse-workspace\Project_USB_CrossCompile\system\include\cmsis\core_cm4.h **** #define MPU_RASR_SIZE_Msk                  (0x1FUL << MPU_RASR_SIZE_Pos)                  /*!< MPU 
1291:C:\Users\bahri\eclipse-workspace\Project_USB_CrossCompile\system\include\cmsis\core_cm4.h **** 
1292:C:\Users\bahri\eclipse-workspace\Project_USB_CrossCompile\system\include\cmsis\core_cm4.h **** #define MPU_RASR_ENABLE_Pos                 0U                                            /*!< MPU 
1293:C:\Users\bahri\eclipse-workspace\Project_USB_CrossCompile\system\include\cmsis\core_cm4.h **** #define MPU_RASR_ENABLE_Msk                (1UL /*<< MPU_RASR_ENABLE_Pos*/)               /*!< MPU 
1294:C:\Users\bahri\eclipse-workspace\Project_USB_CrossCompile\system\include\cmsis\core_cm4.h **** 
1295:C:\Users\bahri\eclipse-workspace\Project_USB_CrossCompile\system\include\cmsis\core_cm4.h **** /*@} end of group CMSIS_MPU */
1296:C:\Users\bahri\eclipse-workspace\Project_USB_CrossCompile\system\include\cmsis\core_cm4.h **** #endif /* defined (__MPU_PRESENT) && (__MPU_PRESENT == 1U) */
1297:C:\Users\bahri\eclipse-workspace\Project_USB_CrossCompile\system\include\cmsis\core_cm4.h **** 
1298:C:\Users\bahri\eclipse-workspace\Project_USB_CrossCompile\system\include\cmsis\core_cm4.h **** 
1299:C:\Users\bahri\eclipse-workspace\Project_USB_CrossCompile\system\include\cmsis\core_cm4.h **** /**
1300:C:\Users\bahri\eclipse-workspace\Project_USB_CrossCompile\system\include\cmsis\core_cm4.h ****   \ingroup  CMSIS_core_register
1301:C:\Users\bahri\eclipse-workspace\Project_USB_CrossCompile\system\include\cmsis\core_cm4.h ****   \defgroup CMSIS_FPU     Floating Point Unit (FPU)
1302:C:\Users\bahri\eclipse-workspace\Project_USB_CrossCompile\system\include\cmsis\core_cm4.h ****   \brief    Type definitions for the Floating Point Unit (FPU)
1303:C:\Users\bahri\eclipse-workspace\Project_USB_CrossCompile\system\include\cmsis\core_cm4.h ****   @{
1304:C:\Users\bahri\eclipse-workspace\Project_USB_CrossCompile\system\include\cmsis\core_cm4.h ****  */
1305:C:\Users\bahri\eclipse-workspace\Project_USB_CrossCompile\system\include\cmsis\core_cm4.h **** 
1306:C:\Users\bahri\eclipse-workspace\Project_USB_CrossCompile\system\include\cmsis\core_cm4.h **** /**
1307:C:\Users\bahri\eclipse-workspace\Project_USB_CrossCompile\system\include\cmsis\core_cm4.h ****   \brief  Structure type to access the Floating Point Unit (FPU).
1308:C:\Users\bahri\eclipse-workspace\Project_USB_CrossCompile\system\include\cmsis\core_cm4.h ****  */
1309:C:\Users\bahri\eclipse-workspace\Project_USB_CrossCompile\system\include\cmsis\core_cm4.h **** typedef struct
1310:C:\Users\bahri\eclipse-workspace\Project_USB_CrossCompile\system\include\cmsis\core_cm4.h **** {
1311:C:\Users\bahri\eclipse-workspace\Project_USB_CrossCompile\system\include\cmsis\core_cm4.h ****         uint32_t RESERVED0[1U];
1312:C:\Users\bahri\eclipse-workspace\Project_USB_CrossCompile\system\include\cmsis\core_cm4.h ****   __IOM uint32_t FPCCR;                  /*!< Offset: 0x004 (R/W)  Floating-Point Context Control R
1313:C:\Users\bahri\eclipse-workspace\Project_USB_CrossCompile\system\include\cmsis\core_cm4.h ****   __IOM uint32_t FPCAR;                  /*!< Offset: 0x008 (R/W)  Floating-Point Context Address R
1314:C:\Users\bahri\eclipse-workspace\Project_USB_CrossCompile\system\include\cmsis\core_cm4.h ****   __IOM uint32_t FPDSCR;                 /*!< Offset: 0x00C (R/W)  Floating-Point Default Status Co
1315:C:\Users\bahri\eclipse-workspace\Project_USB_CrossCompile\system\include\cmsis\core_cm4.h ****   __IM  uint32_t MVFR0;                  /*!< Offset: 0x010 (R/ )  Media and FP Feature Register 0 
1316:C:\Users\bahri\eclipse-workspace\Project_USB_CrossCompile\system\include\cmsis\core_cm4.h ****   __IM  uint32_t MVFR1;                  /*!< Offset: 0x014 (R/ )  Media and FP Feature Register 1 
1317:C:\Users\bahri\eclipse-workspace\Project_USB_CrossCompile\system\include\cmsis\core_cm4.h ****   __IM  uint32_t MVFR2;                  /*!< Offset: 0x018 (R/ )  Media and FP Feature Register 2 
1318:C:\Users\bahri\eclipse-workspace\Project_USB_CrossCompile\system\include\cmsis\core_cm4.h **** } FPU_Type;
1319:C:\Users\bahri\eclipse-workspace\Project_USB_CrossCompile\system\include\cmsis\core_cm4.h **** 
1320:C:\Users\bahri\eclipse-workspace\Project_USB_CrossCompile\system\include\cmsis\core_cm4.h **** /* Floating-Point Context Control Register Definitions */
1321:C:\Users\bahri\eclipse-workspace\Project_USB_CrossCompile\system\include\cmsis\core_cm4.h **** #define FPU_FPCCR_ASPEN_Pos                31U                                            /*!< FPCC
1322:C:\Users\bahri\eclipse-workspace\Project_USB_CrossCompile\system\include\cmsis\core_cm4.h **** #define FPU_FPCCR_ASPEN_Msk                (1UL << FPU_FPCCR_ASPEN_Pos)                   /*!< FPCC
1323:C:\Users\bahri\eclipse-workspace\Project_USB_CrossCompile\system\include\cmsis\core_cm4.h **** 
1324:C:\Users\bahri\eclipse-workspace\Project_USB_CrossCompile\system\include\cmsis\core_cm4.h **** #define FPU_FPCCR_LSPEN_Pos                30U                                            /*!< FPCC
1325:C:\Users\bahri\eclipse-workspace\Project_USB_CrossCompile\system\include\cmsis\core_cm4.h **** #define FPU_FPCCR_LSPEN_Msk                (1UL << FPU_FPCCR_LSPEN_Pos)                   /*!< FPCC
1326:C:\Users\bahri\eclipse-workspace\Project_USB_CrossCompile\system\include\cmsis\core_cm4.h **** 
1327:C:\Users\bahri\eclipse-workspace\Project_USB_CrossCompile\system\include\cmsis\core_cm4.h **** #define FPU_FPCCR_MONRDY_Pos                8U                                            /*!< FPCC
1328:C:\Users\bahri\eclipse-workspace\Project_USB_CrossCompile\system\include\cmsis\core_cm4.h **** #define FPU_FPCCR_MONRDY_Msk               (1UL << FPU_FPCCR_MONRDY_Pos)                  /*!< FPCC
1329:C:\Users\bahri\eclipse-workspace\Project_USB_CrossCompile\system\include\cmsis\core_cm4.h **** 
1330:C:\Users\bahri\eclipse-workspace\Project_USB_CrossCompile\system\include\cmsis\core_cm4.h **** #define FPU_FPCCR_BFRDY_Pos                 6U                                            /*!< FPCC
1331:C:\Users\bahri\eclipse-workspace\Project_USB_CrossCompile\system\include\cmsis\core_cm4.h **** #define FPU_FPCCR_BFRDY_Msk                (1UL << FPU_FPCCR_BFRDY_Pos)                   /*!< FPCC
1332:C:\Users\bahri\eclipse-workspace\Project_USB_CrossCompile\system\include\cmsis\core_cm4.h **** 
1333:C:\Users\bahri\eclipse-workspace\Project_USB_CrossCompile\system\include\cmsis\core_cm4.h **** #define FPU_FPCCR_MMRDY_Pos                 5U                                            /*!< FPCC
1334:C:\Users\bahri\eclipse-workspace\Project_USB_CrossCompile\system\include\cmsis\core_cm4.h **** #define FPU_FPCCR_MMRDY_Msk                (1UL << FPU_FPCCR_MMRDY_Pos)                   /*!< FPCC
1335:C:\Users\bahri\eclipse-workspace\Project_USB_CrossCompile\system\include\cmsis\core_cm4.h **** 
1336:C:\Users\bahri\eclipse-workspace\Project_USB_CrossCompile\system\include\cmsis\core_cm4.h **** #define FPU_FPCCR_HFRDY_Pos                 4U                                            /*!< FPCC
1337:C:\Users\bahri\eclipse-workspace\Project_USB_CrossCompile\system\include\cmsis\core_cm4.h **** #define FPU_FPCCR_HFRDY_Msk                (1UL << FPU_FPCCR_HFRDY_Pos)                   /*!< FPCC
1338:C:\Users\bahri\eclipse-workspace\Project_USB_CrossCompile\system\include\cmsis\core_cm4.h **** 
1339:C:\Users\bahri\eclipse-workspace\Project_USB_CrossCompile\system\include\cmsis\core_cm4.h **** #define FPU_FPCCR_THREAD_Pos                3U                                            /*!< FPCC
1340:C:\Users\bahri\eclipse-workspace\Project_USB_CrossCompile\system\include\cmsis\core_cm4.h **** #define FPU_FPCCR_THREAD_Msk               (1UL << FPU_FPCCR_THREAD_Pos)                  /*!< FPCC
1341:C:\Users\bahri\eclipse-workspace\Project_USB_CrossCompile\system\include\cmsis\core_cm4.h **** 
1342:C:\Users\bahri\eclipse-workspace\Project_USB_CrossCompile\system\include\cmsis\core_cm4.h **** #define FPU_FPCCR_USER_Pos                  1U                                            /*!< FPCC
1343:C:\Users\bahri\eclipse-workspace\Project_USB_CrossCompile\system\include\cmsis\core_cm4.h **** #define FPU_FPCCR_USER_Msk                 (1UL << FPU_FPCCR_USER_Pos)                    /*!< FPCC
1344:C:\Users\bahri\eclipse-workspace\Project_USB_CrossCompile\system\include\cmsis\core_cm4.h **** 
1345:C:\Users\bahri\eclipse-workspace\Project_USB_CrossCompile\system\include\cmsis\core_cm4.h **** #define FPU_FPCCR_LSPACT_Pos                0U                                            /*!< FPCC
1346:C:\Users\bahri\eclipse-workspace\Project_USB_CrossCompile\system\include\cmsis\core_cm4.h **** #define FPU_FPCCR_LSPACT_Msk               (1UL /*<< FPU_FPCCR_LSPACT_Pos*/)              /*!< FPCC
1347:C:\Users\bahri\eclipse-workspace\Project_USB_CrossCompile\system\include\cmsis\core_cm4.h **** 
1348:C:\Users\bahri\eclipse-workspace\Project_USB_CrossCompile\system\include\cmsis\core_cm4.h **** /* Floating-Point Context Address Register Definitions */
1349:C:\Users\bahri\eclipse-workspace\Project_USB_CrossCompile\system\include\cmsis\core_cm4.h **** #define FPU_FPCAR_ADDRESS_Pos               3U                                            /*!< FPCA
1350:C:\Users\bahri\eclipse-workspace\Project_USB_CrossCompile\system\include\cmsis\core_cm4.h **** #define FPU_FPCAR_ADDRESS_Msk              (0x1FFFFFFFUL << FPU_FPCAR_ADDRESS_Pos)        /*!< FPCA
1351:C:\Users\bahri\eclipse-workspace\Project_USB_CrossCompile\system\include\cmsis\core_cm4.h **** 
1352:C:\Users\bahri\eclipse-workspace\Project_USB_CrossCompile\system\include\cmsis\core_cm4.h **** /* Floating-Point Default Status Control Register Definitions */
1353:C:\Users\bahri\eclipse-workspace\Project_USB_CrossCompile\system\include\cmsis\core_cm4.h **** #define FPU_FPDSCR_AHP_Pos                 26U                                            /*!< FPDS
1354:C:\Users\bahri\eclipse-workspace\Project_USB_CrossCompile\system\include\cmsis\core_cm4.h **** #define FPU_FPDSCR_AHP_Msk                 (1UL << FPU_FPDSCR_AHP_Pos)                    /*!< FPDS
1355:C:\Users\bahri\eclipse-workspace\Project_USB_CrossCompile\system\include\cmsis\core_cm4.h **** 
1356:C:\Users\bahri\eclipse-workspace\Project_USB_CrossCompile\system\include\cmsis\core_cm4.h **** #define FPU_FPDSCR_DN_Pos                  25U                                            /*!< FPDS
1357:C:\Users\bahri\eclipse-workspace\Project_USB_CrossCompile\system\include\cmsis\core_cm4.h **** #define FPU_FPDSCR_DN_Msk                  (1UL << FPU_FPDSCR_DN_Pos)                     /*!< FPDS
1358:C:\Users\bahri\eclipse-workspace\Project_USB_CrossCompile\system\include\cmsis\core_cm4.h **** 
1359:C:\Users\bahri\eclipse-workspace\Project_USB_CrossCompile\system\include\cmsis\core_cm4.h **** #define FPU_FPDSCR_FZ_Pos                  24U                                            /*!< FPDS
1360:C:\Users\bahri\eclipse-workspace\Project_USB_CrossCompile\system\include\cmsis\core_cm4.h **** #define FPU_FPDSCR_FZ_Msk                  (1UL << FPU_FPDSCR_FZ_Pos)                     /*!< FPDS
1361:C:\Users\bahri\eclipse-workspace\Project_USB_CrossCompile\system\include\cmsis\core_cm4.h **** 
1362:C:\Users\bahri\eclipse-workspace\Project_USB_CrossCompile\system\include\cmsis\core_cm4.h **** #define FPU_FPDSCR_RMode_Pos               22U                                            /*!< FPDS
1363:C:\Users\bahri\eclipse-workspace\Project_USB_CrossCompile\system\include\cmsis\core_cm4.h **** #define FPU_FPDSCR_RMode_Msk               (3UL << FPU_FPDSCR_RMode_Pos)                  /*!< FPDS
1364:C:\Users\bahri\eclipse-workspace\Project_USB_CrossCompile\system\include\cmsis\core_cm4.h **** 
1365:C:\Users\bahri\eclipse-workspace\Project_USB_CrossCompile\system\include\cmsis\core_cm4.h **** /* Media and FP Feature Register 0 Definitions */
1366:C:\Users\bahri\eclipse-workspace\Project_USB_CrossCompile\system\include\cmsis\core_cm4.h **** #define FPU_MVFR0_FP_rounding_modes_Pos    28U                                            /*!< MVFR
1367:C:\Users\bahri\eclipse-workspace\Project_USB_CrossCompile\system\include\cmsis\core_cm4.h **** #define FPU_MVFR0_FP_rounding_modes_Msk    (0xFUL << FPU_MVFR0_FP_rounding_modes_Pos)     /*!< MVFR
1368:C:\Users\bahri\eclipse-workspace\Project_USB_CrossCompile\system\include\cmsis\core_cm4.h **** 
1369:C:\Users\bahri\eclipse-workspace\Project_USB_CrossCompile\system\include\cmsis\core_cm4.h **** #define FPU_MVFR0_Short_vectors_Pos        24U                                            /*!< MVFR
1370:C:\Users\bahri\eclipse-workspace\Project_USB_CrossCompile\system\include\cmsis\core_cm4.h **** #define FPU_MVFR0_Short_vectors_Msk        (0xFUL << FPU_MVFR0_Short_vectors_Pos)         /*!< MVFR
1371:C:\Users\bahri\eclipse-workspace\Project_USB_CrossCompile\system\include\cmsis\core_cm4.h **** 
1372:C:\Users\bahri\eclipse-workspace\Project_USB_CrossCompile\system\include\cmsis\core_cm4.h **** #define FPU_MVFR0_Square_root_Pos          20U                                            /*!< MVFR
1373:C:\Users\bahri\eclipse-workspace\Project_USB_CrossCompile\system\include\cmsis\core_cm4.h **** #define FPU_MVFR0_Square_root_Msk          (0xFUL << FPU_MVFR0_Square_root_Pos)           /*!< MVFR
1374:C:\Users\bahri\eclipse-workspace\Project_USB_CrossCompile\system\include\cmsis\core_cm4.h **** 
1375:C:\Users\bahri\eclipse-workspace\Project_USB_CrossCompile\system\include\cmsis\core_cm4.h **** #define FPU_MVFR0_Divide_Pos               16U                                            /*!< MVFR
1376:C:\Users\bahri\eclipse-workspace\Project_USB_CrossCompile\system\include\cmsis\core_cm4.h **** #define FPU_MVFR0_Divide_Msk               (0xFUL << FPU_MVFR0_Divide_Pos)                /*!< MVFR
1377:C:\Users\bahri\eclipse-workspace\Project_USB_CrossCompile\system\include\cmsis\core_cm4.h **** 
1378:C:\Users\bahri\eclipse-workspace\Project_USB_CrossCompile\system\include\cmsis\core_cm4.h **** #define FPU_MVFR0_FP_excep_trapping_Pos    12U                                            /*!< MVFR
1379:C:\Users\bahri\eclipse-workspace\Project_USB_CrossCompile\system\include\cmsis\core_cm4.h **** #define FPU_MVFR0_FP_excep_trapping_Msk    (0xFUL << FPU_MVFR0_FP_excep_trapping_Pos)     /*!< MVFR
1380:C:\Users\bahri\eclipse-workspace\Project_USB_CrossCompile\system\include\cmsis\core_cm4.h **** 
1381:C:\Users\bahri\eclipse-workspace\Project_USB_CrossCompile\system\include\cmsis\core_cm4.h **** #define FPU_MVFR0_Double_precision_Pos      8U                                            /*!< MVFR
1382:C:\Users\bahri\eclipse-workspace\Project_USB_CrossCompile\system\include\cmsis\core_cm4.h **** #define FPU_MVFR0_Double_precision_Msk     (0xFUL << FPU_MVFR0_Double_precision_Pos)      /*!< MVFR
1383:C:\Users\bahri\eclipse-workspace\Project_USB_CrossCompile\system\include\cmsis\core_cm4.h **** 
1384:C:\Users\bahri\eclipse-workspace\Project_USB_CrossCompile\system\include\cmsis\core_cm4.h **** #define FPU_MVFR0_Single_precision_Pos      4U                                            /*!< MVFR
1385:C:\Users\bahri\eclipse-workspace\Project_USB_CrossCompile\system\include\cmsis\core_cm4.h **** #define FPU_MVFR0_Single_precision_Msk     (0xFUL << FPU_MVFR0_Single_precision_Pos)      /*!< MVFR
1386:C:\Users\bahri\eclipse-workspace\Project_USB_CrossCompile\system\include\cmsis\core_cm4.h **** 
1387:C:\Users\bahri\eclipse-workspace\Project_USB_CrossCompile\system\include\cmsis\core_cm4.h **** #define FPU_MVFR0_A_SIMD_registers_Pos      0U                                            /*!< MVFR
1388:C:\Users\bahri\eclipse-workspace\Project_USB_CrossCompile\system\include\cmsis\core_cm4.h **** #define FPU_MVFR0_A_SIMD_registers_Msk     (0xFUL /*<< FPU_MVFR0_A_SIMD_registers_Pos*/)  /*!< MVFR
1389:C:\Users\bahri\eclipse-workspace\Project_USB_CrossCompile\system\include\cmsis\core_cm4.h **** 
1390:C:\Users\bahri\eclipse-workspace\Project_USB_CrossCompile\system\include\cmsis\core_cm4.h **** /* Media and FP Feature Register 1 Definitions */
1391:C:\Users\bahri\eclipse-workspace\Project_USB_CrossCompile\system\include\cmsis\core_cm4.h **** #define FPU_MVFR1_FP_fused_MAC_Pos         28U                                            /*!< MVFR
1392:C:\Users\bahri\eclipse-workspace\Project_USB_CrossCompile\system\include\cmsis\core_cm4.h **** #define FPU_MVFR1_FP_fused_MAC_Msk         (0xFUL << FPU_MVFR1_FP_fused_MAC_Pos)          /*!< MVFR
1393:C:\Users\bahri\eclipse-workspace\Project_USB_CrossCompile\system\include\cmsis\core_cm4.h **** 
1394:C:\Users\bahri\eclipse-workspace\Project_USB_CrossCompile\system\include\cmsis\core_cm4.h **** #define FPU_MVFR1_FP_HPFP_Pos              24U                                            /*!< MVFR
1395:C:\Users\bahri\eclipse-workspace\Project_USB_CrossCompile\system\include\cmsis\core_cm4.h **** #define FPU_MVFR1_FP_HPFP_Msk              (0xFUL << FPU_MVFR1_FP_HPFP_Pos)               /*!< MVFR
1396:C:\Users\bahri\eclipse-workspace\Project_USB_CrossCompile\system\include\cmsis\core_cm4.h **** 
1397:C:\Users\bahri\eclipse-workspace\Project_USB_CrossCompile\system\include\cmsis\core_cm4.h **** #define FPU_MVFR1_D_NaN_mode_Pos            4U                                            /*!< MVFR
1398:C:\Users\bahri\eclipse-workspace\Project_USB_CrossCompile\system\include\cmsis\core_cm4.h **** #define FPU_MVFR1_D_NaN_mode_Msk           (0xFUL << FPU_MVFR1_D_NaN_mode_Pos)            /*!< MVFR
1399:C:\Users\bahri\eclipse-workspace\Project_USB_CrossCompile\system\include\cmsis\core_cm4.h **** 
1400:C:\Users\bahri\eclipse-workspace\Project_USB_CrossCompile\system\include\cmsis\core_cm4.h **** #define FPU_MVFR1_FtZ_mode_Pos              0U                                            /*!< MVFR
1401:C:\Users\bahri\eclipse-workspace\Project_USB_CrossCompile\system\include\cmsis\core_cm4.h **** #define FPU_MVFR1_FtZ_mode_Msk             (0xFUL /*<< FPU_MVFR1_FtZ_mode_Pos*/)          /*!< MVFR
1402:C:\Users\bahri\eclipse-workspace\Project_USB_CrossCompile\system\include\cmsis\core_cm4.h **** 
1403:C:\Users\bahri\eclipse-workspace\Project_USB_CrossCompile\system\include\cmsis\core_cm4.h **** /* Media and FP Feature Register 2 Definitions */
1404:C:\Users\bahri\eclipse-workspace\Project_USB_CrossCompile\system\include\cmsis\core_cm4.h **** 
1405:C:\Users\bahri\eclipse-workspace\Project_USB_CrossCompile\system\include\cmsis\core_cm4.h **** #define FPU_MVFR2_VFP_Misc_Pos              4U                                            /*!< MVFR
1406:C:\Users\bahri\eclipse-workspace\Project_USB_CrossCompile\system\include\cmsis\core_cm4.h **** #define FPU_MVFR2_VFP_Misc_Msk             (0xFUL << FPU_MVFR2_VFP_Misc_Pos)              /*!< MVFR
1407:C:\Users\bahri\eclipse-workspace\Project_USB_CrossCompile\system\include\cmsis\core_cm4.h **** 
1408:C:\Users\bahri\eclipse-workspace\Project_USB_CrossCompile\system\include\cmsis\core_cm4.h **** /*@} end of group CMSIS_FPU */
1409:C:\Users\bahri\eclipse-workspace\Project_USB_CrossCompile\system\include\cmsis\core_cm4.h **** 
1410:C:\Users\bahri\eclipse-workspace\Project_USB_CrossCompile\system\include\cmsis\core_cm4.h **** 
1411:C:\Users\bahri\eclipse-workspace\Project_USB_CrossCompile\system\include\cmsis\core_cm4.h **** /**
1412:C:\Users\bahri\eclipse-workspace\Project_USB_CrossCompile\system\include\cmsis\core_cm4.h ****   \ingroup  CMSIS_core_register
1413:C:\Users\bahri\eclipse-workspace\Project_USB_CrossCompile\system\include\cmsis\core_cm4.h ****   \defgroup CMSIS_CoreDebug       Core Debug Registers (CoreDebug)
1414:C:\Users\bahri\eclipse-workspace\Project_USB_CrossCompile\system\include\cmsis\core_cm4.h ****   \brief    Type definitions for the Core Debug Registers
1415:C:\Users\bahri\eclipse-workspace\Project_USB_CrossCompile\system\include\cmsis\core_cm4.h ****   @{
1416:C:\Users\bahri\eclipse-workspace\Project_USB_CrossCompile\system\include\cmsis\core_cm4.h ****  */
1417:C:\Users\bahri\eclipse-workspace\Project_USB_CrossCompile\system\include\cmsis\core_cm4.h **** 
1418:C:\Users\bahri\eclipse-workspace\Project_USB_CrossCompile\system\include\cmsis\core_cm4.h **** /**
1419:C:\Users\bahri\eclipse-workspace\Project_USB_CrossCompile\system\include\cmsis\core_cm4.h ****   \brief  Structure type to access the Core Debug Register (CoreDebug).
1420:C:\Users\bahri\eclipse-workspace\Project_USB_CrossCompile\system\include\cmsis\core_cm4.h ****  */
1421:C:\Users\bahri\eclipse-workspace\Project_USB_CrossCompile\system\include\cmsis\core_cm4.h **** typedef struct
1422:C:\Users\bahri\eclipse-workspace\Project_USB_CrossCompile\system\include\cmsis\core_cm4.h **** {
1423:C:\Users\bahri\eclipse-workspace\Project_USB_CrossCompile\system\include\cmsis\core_cm4.h ****   __IOM uint32_t DHCSR;                  /*!< Offset: 0x000 (R/W)  Debug Halting Control and Status
1424:C:\Users\bahri\eclipse-workspace\Project_USB_CrossCompile\system\include\cmsis\core_cm4.h ****   __OM  uint32_t DCRSR;                  /*!< Offset: 0x004 ( /W)  Debug Core Register Selector Reg
1425:C:\Users\bahri\eclipse-workspace\Project_USB_CrossCompile\system\include\cmsis\core_cm4.h ****   __IOM uint32_t DCRDR;                  /*!< Offset: 0x008 (R/W)  Debug Core Register Data Registe
1426:C:\Users\bahri\eclipse-workspace\Project_USB_CrossCompile\system\include\cmsis\core_cm4.h ****   __IOM uint32_t DEMCR;                  /*!< Offset: 0x00C (R/W)  Debug Exception and Monitor Cont
1427:C:\Users\bahri\eclipse-workspace\Project_USB_CrossCompile\system\include\cmsis\core_cm4.h **** } CoreDebug_Type;
1428:C:\Users\bahri\eclipse-workspace\Project_USB_CrossCompile\system\include\cmsis\core_cm4.h **** 
1429:C:\Users\bahri\eclipse-workspace\Project_USB_CrossCompile\system\include\cmsis\core_cm4.h **** /* Debug Halting Control and Status Register Definitions */
1430:C:\Users\bahri\eclipse-workspace\Project_USB_CrossCompile\system\include\cmsis\core_cm4.h **** #define CoreDebug_DHCSR_DBGKEY_Pos         16U                                            /*!< Core
1431:C:\Users\bahri\eclipse-workspace\Project_USB_CrossCompile\system\include\cmsis\core_cm4.h **** #define CoreDebug_DHCSR_DBGKEY_Msk         (0xFFFFUL << CoreDebug_DHCSR_DBGKEY_Pos)       /*!< Core
1432:C:\Users\bahri\eclipse-workspace\Project_USB_CrossCompile\system\include\cmsis\core_cm4.h **** 
1433:C:\Users\bahri\eclipse-workspace\Project_USB_CrossCompile\system\include\cmsis\core_cm4.h **** #define CoreDebug_DHCSR_S_RESET_ST_Pos     25U                                            /*!< Core
1434:C:\Users\bahri\eclipse-workspace\Project_USB_CrossCompile\system\include\cmsis\core_cm4.h **** #define CoreDebug_DHCSR_S_RESET_ST_Msk     (1UL << CoreDebug_DHCSR_S_RESET_ST_Pos)        /*!< Core
1435:C:\Users\bahri\eclipse-workspace\Project_USB_CrossCompile\system\include\cmsis\core_cm4.h **** 
1436:C:\Users\bahri\eclipse-workspace\Project_USB_CrossCompile\system\include\cmsis\core_cm4.h **** #define CoreDebug_DHCSR_S_RETIRE_ST_Pos    24U                                            /*!< Core
1437:C:\Users\bahri\eclipse-workspace\Project_USB_CrossCompile\system\include\cmsis\core_cm4.h **** #define CoreDebug_DHCSR_S_RETIRE_ST_Msk    (1UL << CoreDebug_DHCSR_S_RETIRE_ST_Pos)       /*!< Core
1438:C:\Users\bahri\eclipse-workspace\Project_USB_CrossCompile\system\include\cmsis\core_cm4.h **** 
1439:C:\Users\bahri\eclipse-workspace\Project_USB_CrossCompile\system\include\cmsis\core_cm4.h **** #define CoreDebug_DHCSR_S_LOCKUP_Pos       19U                                            /*!< Core
1440:C:\Users\bahri\eclipse-workspace\Project_USB_CrossCompile\system\include\cmsis\core_cm4.h **** #define CoreDebug_DHCSR_S_LOCKUP_Msk       (1UL << CoreDebug_DHCSR_S_LOCKUP_Pos)          /*!< Core
1441:C:\Users\bahri\eclipse-workspace\Project_USB_CrossCompile\system\include\cmsis\core_cm4.h **** 
1442:C:\Users\bahri\eclipse-workspace\Project_USB_CrossCompile\system\include\cmsis\core_cm4.h **** #define CoreDebug_DHCSR_S_SLEEP_Pos        18U                                            /*!< Core
1443:C:\Users\bahri\eclipse-workspace\Project_USB_CrossCompile\system\include\cmsis\core_cm4.h **** #define CoreDebug_DHCSR_S_SLEEP_Msk        (1UL << CoreDebug_DHCSR_S_SLEEP_Pos)           /*!< Core
1444:C:\Users\bahri\eclipse-workspace\Project_USB_CrossCompile\system\include\cmsis\core_cm4.h **** 
1445:C:\Users\bahri\eclipse-workspace\Project_USB_CrossCompile\system\include\cmsis\core_cm4.h **** #define CoreDebug_DHCSR_S_HALT_Pos         17U                                            /*!< Core
1446:C:\Users\bahri\eclipse-workspace\Project_USB_CrossCompile\system\include\cmsis\core_cm4.h **** #define CoreDebug_DHCSR_S_HALT_Msk         (1UL << CoreDebug_DHCSR_S_HALT_Pos)            /*!< Core
1447:C:\Users\bahri\eclipse-workspace\Project_USB_CrossCompile\system\include\cmsis\core_cm4.h **** 
1448:C:\Users\bahri\eclipse-workspace\Project_USB_CrossCompile\system\include\cmsis\core_cm4.h **** #define CoreDebug_DHCSR_S_REGRDY_Pos       16U                                            /*!< Core
1449:C:\Users\bahri\eclipse-workspace\Project_USB_CrossCompile\system\include\cmsis\core_cm4.h **** #define CoreDebug_DHCSR_S_REGRDY_Msk       (1UL << CoreDebug_DHCSR_S_REGRDY_Pos)          /*!< Core
1450:C:\Users\bahri\eclipse-workspace\Project_USB_CrossCompile\system\include\cmsis\core_cm4.h **** 
1451:C:\Users\bahri\eclipse-workspace\Project_USB_CrossCompile\system\include\cmsis\core_cm4.h **** #define CoreDebug_DHCSR_C_SNAPSTALL_Pos     5U                                            /*!< Core
1452:C:\Users\bahri\eclipse-workspace\Project_USB_CrossCompile\system\include\cmsis\core_cm4.h **** #define CoreDebug_DHCSR_C_SNAPSTALL_Msk    (1UL << CoreDebug_DHCSR_C_SNAPSTALL_Pos)       /*!< Core
1453:C:\Users\bahri\eclipse-workspace\Project_USB_CrossCompile\system\include\cmsis\core_cm4.h **** 
1454:C:\Users\bahri\eclipse-workspace\Project_USB_CrossCompile\system\include\cmsis\core_cm4.h **** #define CoreDebug_DHCSR_C_MASKINTS_Pos      3U                                            /*!< Core
1455:C:\Users\bahri\eclipse-workspace\Project_USB_CrossCompile\system\include\cmsis\core_cm4.h **** #define CoreDebug_DHCSR_C_MASKINTS_Msk     (1UL << CoreDebug_DHCSR_C_MASKINTS_Pos)        /*!< Core
1456:C:\Users\bahri\eclipse-workspace\Project_USB_CrossCompile\system\include\cmsis\core_cm4.h **** 
1457:C:\Users\bahri\eclipse-workspace\Project_USB_CrossCompile\system\include\cmsis\core_cm4.h **** #define CoreDebug_DHCSR_C_STEP_Pos          2U                                            /*!< Core
1458:C:\Users\bahri\eclipse-workspace\Project_USB_CrossCompile\system\include\cmsis\core_cm4.h **** #define CoreDebug_DHCSR_C_STEP_Msk         (1UL << CoreDebug_DHCSR_C_STEP_Pos)            /*!< Core
1459:C:\Users\bahri\eclipse-workspace\Project_USB_CrossCompile\system\include\cmsis\core_cm4.h **** 
1460:C:\Users\bahri\eclipse-workspace\Project_USB_CrossCompile\system\include\cmsis\core_cm4.h **** #define CoreDebug_DHCSR_C_HALT_Pos          1U                                            /*!< Core
1461:C:\Users\bahri\eclipse-workspace\Project_USB_CrossCompile\system\include\cmsis\core_cm4.h **** #define CoreDebug_DHCSR_C_HALT_Msk         (1UL << CoreDebug_DHCSR_C_HALT_Pos)            /*!< Core
1462:C:\Users\bahri\eclipse-workspace\Project_USB_CrossCompile\system\include\cmsis\core_cm4.h **** 
1463:C:\Users\bahri\eclipse-workspace\Project_USB_CrossCompile\system\include\cmsis\core_cm4.h **** #define CoreDebug_DHCSR_C_DEBUGEN_Pos       0U                                            /*!< Core
1464:C:\Users\bahri\eclipse-workspace\Project_USB_CrossCompile\system\include\cmsis\core_cm4.h **** #define CoreDebug_DHCSR_C_DEBUGEN_Msk      (1UL /*<< CoreDebug_DHCSR_C_DEBUGEN_Pos*/)     /*!< Core
1465:C:\Users\bahri\eclipse-workspace\Project_USB_CrossCompile\system\include\cmsis\core_cm4.h **** 
1466:C:\Users\bahri\eclipse-workspace\Project_USB_CrossCompile\system\include\cmsis\core_cm4.h **** /* Debug Core Register Selector Register Definitions */
1467:C:\Users\bahri\eclipse-workspace\Project_USB_CrossCompile\system\include\cmsis\core_cm4.h **** #define CoreDebug_DCRSR_REGWnR_Pos         16U                                            /*!< Core
1468:C:\Users\bahri\eclipse-workspace\Project_USB_CrossCompile\system\include\cmsis\core_cm4.h **** #define CoreDebug_DCRSR_REGWnR_Msk         (1UL << CoreDebug_DCRSR_REGWnR_Pos)            /*!< Core
1469:C:\Users\bahri\eclipse-workspace\Project_USB_CrossCompile\system\include\cmsis\core_cm4.h **** 
1470:C:\Users\bahri\eclipse-workspace\Project_USB_CrossCompile\system\include\cmsis\core_cm4.h **** #define CoreDebug_DCRSR_REGSEL_Pos          0U                                            /*!< Core
1471:C:\Users\bahri\eclipse-workspace\Project_USB_CrossCompile\system\include\cmsis\core_cm4.h **** #define CoreDebug_DCRSR_REGSEL_Msk         (0x1FUL /*<< CoreDebug_DCRSR_REGSEL_Pos*/)     /*!< Core
1472:C:\Users\bahri\eclipse-workspace\Project_USB_CrossCompile\system\include\cmsis\core_cm4.h **** 
1473:C:\Users\bahri\eclipse-workspace\Project_USB_CrossCompile\system\include\cmsis\core_cm4.h **** /* Debug Exception and Monitor Control Register Definitions */
1474:C:\Users\bahri\eclipse-workspace\Project_USB_CrossCompile\system\include\cmsis\core_cm4.h **** #define CoreDebug_DEMCR_TRCENA_Pos         24U                                            /*!< Core
1475:C:\Users\bahri\eclipse-workspace\Project_USB_CrossCompile\system\include\cmsis\core_cm4.h **** #define CoreDebug_DEMCR_TRCENA_Msk         (1UL << CoreDebug_DEMCR_TRCENA_Pos)            /*!< Core
1476:C:\Users\bahri\eclipse-workspace\Project_USB_CrossCompile\system\include\cmsis\core_cm4.h **** 
1477:C:\Users\bahri\eclipse-workspace\Project_USB_CrossCompile\system\include\cmsis\core_cm4.h **** #define CoreDebug_DEMCR_MON_REQ_Pos        19U                                            /*!< Core
1478:C:\Users\bahri\eclipse-workspace\Project_USB_CrossCompile\system\include\cmsis\core_cm4.h **** #define CoreDebug_DEMCR_MON_REQ_Msk        (1UL << CoreDebug_DEMCR_MON_REQ_Pos)           /*!< Core
1479:C:\Users\bahri\eclipse-workspace\Project_USB_CrossCompile\system\include\cmsis\core_cm4.h **** 
1480:C:\Users\bahri\eclipse-workspace\Project_USB_CrossCompile\system\include\cmsis\core_cm4.h **** #define CoreDebug_DEMCR_MON_STEP_Pos       18U                                            /*!< Core
1481:C:\Users\bahri\eclipse-workspace\Project_USB_CrossCompile\system\include\cmsis\core_cm4.h **** #define CoreDebug_DEMCR_MON_STEP_Msk       (1UL << CoreDebug_DEMCR_MON_STEP_Pos)          /*!< Core
1482:C:\Users\bahri\eclipse-workspace\Project_USB_CrossCompile\system\include\cmsis\core_cm4.h **** 
1483:C:\Users\bahri\eclipse-workspace\Project_USB_CrossCompile\system\include\cmsis\core_cm4.h **** #define CoreDebug_DEMCR_MON_PEND_Pos       17U                                            /*!< Core
1484:C:\Users\bahri\eclipse-workspace\Project_USB_CrossCompile\system\include\cmsis\core_cm4.h **** #define CoreDebug_DEMCR_MON_PEND_Msk       (1UL << CoreDebug_DEMCR_MON_PEND_Pos)          /*!< Core
1485:C:\Users\bahri\eclipse-workspace\Project_USB_CrossCompile\system\include\cmsis\core_cm4.h **** 
1486:C:\Users\bahri\eclipse-workspace\Project_USB_CrossCompile\system\include\cmsis\core_cm4.h **** #define CoreDebug_DEMCR_MON_EN_Pos         16U                                            /*!< Core
1487:C:\Users\bahri\eclipse-workspace\Project_USB_CrossCompile\system\include\cmsis\core_cm4.h **** #define CoreDebug_DEMCR_MON_EN_Msk         (1UL << CoreDebug_DEMCR_MON_EN_Pos)            /*!< Core
1488:C:\Users\bahri\eclipse-workspace\Project_USB_CrossCompile\system\include\cmsis\core_cm4.h **** 
1489:C:\Users\bahri\eclipse-workspace\Project_USB_CrossCompile\system\include\cmsis\core_cm4.h **** #define CoreDebug_DEMCR_VC_HARDERR_Pos     10U                                            /*!< Core
1490:C:\Users\bahri\eclipse-workspace\Project_USB_CrossCompile\system\include\cmsis\core_cm4.h **** #define CoreDebug_DEMCR_VC_HARDERR_Msk     (1UL << CoreDebug_DEMCR_VC_HARDERR_Pos)        /*!< Core
1491:C:\Users\bahri\eclipse-workspace\Project_USB_CrossCompile\system\include\cmsis\core_cm4.h **** 
1492:C:\Users\bahri\eclipse-workspace\Project_USB_CrossCompile\system\include\cmsis\core_cm4.h **** #define CoreDebug_DEMCR_VC_INTERR_Pos       9U                                            /*!< Core
1493:C:\Users\bahri\eclipse-workspace\Project_USB_CrossCompile\system\include\cmsis\core_cm4.h **** #define CoreDebug_DEMCR_VC_INTERR_Msk      (1UL << CoreDebug_DEMCR_VC_INTERR_Pos)         /*!< Core
1494:C:\Users\bahri\eclipse-workspace\Project_USB_CrossCompile\system\include\cmsis\core_cm4.h **** 
1495:C:\Users\bahri\eclipse-workspace\Project_USB_CrossCompile\system\include\cmsis\core_cm4.h **** #define CoreDebug_DEMCR_VC_BUSERR_Pos       8U                                            /*!< Core
1496:C:\Users\bahri\eclipse-workspace\Project_USB_CrossCompile\system\include\cmsis\core_cm4.h **** #define CoreDebug_DEMCR_VC_BUSERR_Msk      (1UL << CoreDebug_DEMCR_VC_BUSERR_Pos)         /*!< Core
1497:C:\Users\bahri\eclipse-workspace\Project_USB_CrossCompile\system\include\cmsis\core_cm4.h **** 
1498:C:\Users\bahri\eclipse-workspace\Project_USB_CrossCompile\system\include\cmsis\core_cm4.h **** #define CoreDebug_DEMCR_VC_STATERR_Pos      7U                                            /*!< Core
1499:C:\Users\bahri\eclipse-workspace\Project_USB_CrossCompile\system\include\cmsis\core_cm4.h **** #define CoreDebug_DEMCR_VC_STATERR_Msk     (1UL << CoreDebug_DEMCR_VC_STATERR_Pos)        /*!< Core
1500:C:\Users\bahri\eclipse-workspace\Project_USB_CrossCompile\system\include\cmsis\core_cm4.h **** 
1501:C:\Users\bahri\eclipse-workspace\Project_USB_CrossCompile\system\include\cmsis\core_cm4.h **** #define CoreDebug_DEMCR_VC_CHKERR_Pos       6U                                            /*!< Core
1502:C:\Users\bahri\eclipse-workspace\Project_USB_CrossCompile\system\include\cmsis\core_cm4.h **** #define CoreDebug_DEMCR_VC_CHKERR_Msk      (1UL << CoreDebug_DEMCR_VC_CHKERR_Pos)         /*!< Core
1503:C:\Users\bahri\eclipse-workspace\Project_USB_CrossCompile\system\include\cmsis\core_cm4.h **** 
1504:C:\Users\bahri\eclipse-workspace\Project_USB_CrossCompile\system\include\cmsis\core_cm4.h **** #define CoreDebug_DEMCR_VC_NOCPERR_Pos      5U                                            /*!< Core
1505:C:\Users\bahri\eclipse-workspace\Project_USB_CrossCompile\system\include\cmsis\core_cm4.h **** #define CoreDebug_DEMCR_VC_NOCPERR_Msk     (1UL << CoreDebug_DEMCR_VC_NOCPERR_Pos)        /*!< Core
1506:C:\Users\bahri\eclipse-workspace\Project_USB_CrossCompile\system\include\cmsis\core_cm4.h **** 
1507:C:\Users\bahri\eclipse-workspace\Project_USB_CrossCompile\system\include\cmsis\core_cm4.h **** #define CoreDebug_DEMCR_VC_MMERR_Pos        4U                                            /*!< Core
1508:C:\Users\bahri\eclipse-workspace\Project_USB_CrossCompile\system\include\cmsis\core_cm4.h **** #define CoreDebug_DEMCR_VC_MMERR_Msk       (1UL << CoreDebug_DEMCR_VC_MMERR_Pos)          /*!< Core
1509:C:\Users\bahri\eclipse-workspace\Project_USB_CrossCompile\system\include\cmsis\core_cm4.h **** 
1510:C:\Users\bahri\eclipse-workspace\Project_USB_CrossCompile\system\include\cmsis\core_cm4.h **** #define CoreDebug_DEMCR_VC_CORERESET_Pos    0U                                            /*!< Core
1511:C:\Users\bahri\eclipse-workspace\Project_USB_CrossCompile\system\include\cmsis\core_cm4.h **** #define CoreDebug_DEMCR_VC_CORERESET_Msk   (1UL /*<< CoreDebug_DEMCR_VC_CORERESET_Pos*/)  /*!< Core
1512:C:\Users\bahri\eclipse-workspace\Project_USB_CrossCompile\system\include\cmsis\core_cm4.h **** 
1513:C:\Users\bahri\eclipse-workspace\Project_USB_CrossCompile\system\include\cmsis\core_cm4.h **** /*@} end of group CMSIS_CoreDebug */
1514:C:\Users\bahri\eclipse-workspace\Project_USB_CrossCompile\system\include\cmsis\core_cm4.h **** 
1515:C:\Users\bahri\eclipse-workspace\Project_USB_CrossCompile\system\include\cmsis\core_cm4.h **** 
1516:C:\Users\bahri\eclipse-workspace\Project_USB_CrossCompile\system\include\cmsis\core_cm4.h **** /**
1517:C:\Users\bahri\eclipse-workspace\Project_USB_CrossCompile\system\include\cmsis\core_cm4.h ****   \ingroup    CMSIS_core_register
1518:C:\Users\bahri\eclipse-workspace\Project_USB_CrossCompile\system\include\cmsis\core_cm4.h ****   \defgroup   CMSIS_core_bitfield     Core register bit field macros
1519:C:\Users\bahri\eclipse-workspace\Project_USB_CrossCompile\system\include\cmsis\core_cm4.h ****   \brief      Macros for use with bit field definitions (xxx_Pos, xxx_Msk).
1520:C:\Users\bahri\eclipse-workspace\Project_USB_CrossCompile\system\include\cmsis\core_cm4.h ****   @{
1521:C:\Users\bahri\eclipse-workspace\Project_USB_CrossCompile\system\include\cmsis\core_cm4.h ****  */
1522:C:\Users\bahri\eclipse-workspace\Project_USB_CrossCompile\system\include\cmsis\core_cm4.h **** 
1523:C:\Users\bahri\eclipse-workspace\Project_USB_CrossCompile\system\include\cmsis\core_cm4.h **** /**
1524:C:\Users\bahri\eclipse-workspace\Project_USB_CrossCompile\system\include\cmsis\core_cm4.h ****   \brief   Mask and shift a bit field value for use in a register bit range.
1525:C:\Users\bahri\eclipse-workspace\Project_USB_CrossCompile\system\include\cmsis\core_cm4.h ****   \param[in] field  Name of the register bit field.
1526:C:\Users\bahri\eclipse-workspace\Project_USB_CrossCompile\system\include\cmsis\core_cm4.h ****   \param[in] value  Value of the bit field. This parameter is interpreted as an uint32_t type.
1527:C:\Users\bahri\eclipse-workspace\Project_USB_CrossCompile\system\include\cmsis\core_cm4.h ****   \return           Masked and shifted value.
1528:C:\Users\bahri\eclipse-workspace\Project_USB_CrossCompile\system\include\cmsis\core_cm4.h **** */
1529:C:\Users\bahri\eclipse-workspace\Project_USB_CrossCompile\system\include\cmsis\core_cm4.h **** #define _VAL2FLD(field, value)    (((uint32_t)(value) << field ## _Pos) & field ## _Msk)
1530:C:\Users\bahri\eclipse-workspace\Project_USB_CrossCompile\system\include\cmsis\core_cm4.h **** 
1531:C:\Users\bahri\eclipse-workspace\Project_USB_CrossCompile\system\include\cmsis\core_cm4.h **** /**
1532:C:\Users\bahri\eclipse-workspace\Project_USB_CrossCompile\system\include\cmsis\core_cm4.h ****   \brief     Mask and shift a register value to extract a bit filed value.
1533:C:\Users\bahri\eclipse-workspace\Project_USB_CrossCompile\system\include\cmsis\core_cm4.h ****   \param[in] field  Name of the register bit field.
1534:C:\Users\bahri\eclipse-workspace\Project_USB_CrossCompile\system\include\cmsis\core_cm4.h ****   \param[in] value  Value of register. This parameter is interpreted as an uint32_t type.
1535:C:\Users\bahri\eclipse-workspace\Project_USB_CrossCompile\system\include\cmsis\core_cm4.h ****   \return           Masked and shifted bit field value.
1536:C:\Users\bahri\eclipse-workspace\Project_USB_CrossCompile\system\include\cmsis\core_cm4.h **** */
1537:C:\Users\bahri\eclipse-workspace\Project_USB_CrossCompile\system\include\cmsis\core_cm4.h **** #define _FLD2VAL(field, value)    (((uint32_t)(value) & field ## _Msk) >> field ## _Pos)
1538:C:\Users\bahri\eclipse-workspace\Project_USB_CrossCompile\system\include\cmsis\core_cm4.h **** 
1539:C:\Users\bahri\eclipse-workspace\Project_USB_CrossCompile\system\include\cmsis\core_cm4.h **** /*@} end of group CMSIS_core_bitfield */
1540:C:\Users\bahri\eclipse-workspace\Project_USB_CrossCompile\system\include\cmsis\core_cm4.h **** 
1541:C:\Users\bahri\eclipse-workspace\Project_USB_CrossCompile\system\include\cmsis\core_cm4.h **** 
1542:C:\Users\bahri\eclipse-workspace\Project_USB_CrossCompile\system\include\cmsis\core_cm4.h **** /**
1543:C:\Users\bahri\eclipse-workspace\Project_USB_CrossCompile\system\include\cmsis\core_cm4.h ****   \ingroup    CMSIS_core_register
1544:C:\Users\bahri\eclipse-workspace\Project_USB_CrossCompile\system\include\cmsis\core_cm4.h ****   \defgroup   CMSIS_core_base     Core Definitions
1545:C:\Users\bahri\eclipse-workspace\Project_USB_CrossCompile\system\include\cmsis\core_cm4.h ****   \brief      Definitions for base addresses, unions, and structures.
1546:C:\Users\bahri\eclipse-workspace\Project_USB_CrossCompile\system\include\cmsis\core_cm4.h ****   @{
1547:C:\Users\bahri\eclipse-workspace\Project_USB_CrossCompile\system\include\cmsis\core_cm4.h ****  */
1548:C:\Users\bahri\eclipse-workspace\Project_USB_CrossCompile\system\include\cmsis\core_cm4.h **** 
1549:C:\Users\bahri\eclipse-workspace\Project_USB_CrossCompile\system\include\cmsis\core_cm4.h **** /* Memory mapping of Core Hardware */
1550:C:\Users\bahri\eclipse-workspace\Project_USB_CrossCompile\system\include\cmsis\core_cm4.h **** #define SCS_BASE            (0xE000E000UL)                            /*!< System Control Space Bas
1551:C:\Users\bahri\eclipse-workspace\Project_USB_CrossCompile\system\include\cmsis\core_cm4.h **** #define ITM_BASE            (0xE0000000UL)                            /*!< ITM Base Address */
1552:C:\Users\bahri\eclipse-workspace\Project_USB_CrossCompile\system\include\cmsis\core_cm4.h **** #define DWT_BASE            (0xE0001000UL)                            /*!< DWT Base Address */
1553:C:\Users\bahri\eclipse-workspace\Project_USB_CrossCompile\system\include\cmsis\core_cm4.h **** #define TPI_BASE            (0xE0040000UL)                            /*!< TPI Base Address */
1554:C:\Users\bahri\eclipse-workspace\Project_USB_CrossCompile\system\include\cmsis\core_cm4.h **** #define CoreDebug_BASE      (0xE000EDF0UL)                            /*!< Core Debug Base Address 
1555:C:\Users\bahri\eclipse-workspace\Project_USB_CrossCompile\system\include\cmsis\core_cm4.h **** #define SysTick_BASE        (SCS_BASE +  0x0010UL)                    /*!< SysTick Base Address */
1556:C:\Users\bahri\eclipse-workspace\Project_USB_CrossCompile\system\include\cmsis\core_cm4.h **** #define NVIC_BASE           (SCS_BASE +  0x0100UL)                    /*!< NVIC Base Address */
1557:C:\Users\bahri\eclipse-workspace\Project_USB_CrossCompile\system\include\cmsis\core_cm4.h **** #define SCB_BASE            (SCS_BASE +  0x0D00UL)                    /*!< System Control Block Bas
1558:C:\Users\bahri\eclipse-workspace\Project_USB_CrossCompile\system\include\cmsis\core_cm4.h **** 
1559:C:\Users\bahri\eclipse-workspace\Project_USB_CrossCompile\system\include\cmsis\core_cm4.h **** #define SCnSCB              ((SCnSCB_Type    *)     SCS_BASE      )   /*!< System control Register 
1560:C:\Users\bahri\eclipse-workspace\Project_USB_CrossCompile\system\include\cmsis\core_cm4.h **** #define SCB                 ((SCB_Type       *)     SCB_BASE      )   /*!< SCB configuration struct
1561:C:\Users\bahri\eclipse-workspace\Project_USB_CrossCompile\system\include\cmsis\core_cm4.h **** #define SysTick             ((SysTick_Type   *)     SysTick_BASE  )   /*!< SysTick configuration st
1562:C:\Users\bahri\eclipse-workspace\Project_USB_CrossCompile\system\include\cmsis\core_cm4.h **** #define NVIC                ((NVIC_Type      *)     NVIC_BASE     )   /*!< NVIC configuration struc
1563:C:\Users\bahri\eclipse-workspace\Project_USB_CrossCompile\system\include\cmsis\core_cm4.h **** #define ITM                 ((ITM_Type       *)     ITM_BASE      )   /*!< ITM configuration struct
1564:C:\Users\bahri\eclipse-workspace\Project_USB_CrossCompile\system\include\cmsis\core_cm4.h **** #define DWT                 ((DWT_Type       *)     DWT_BASE      )   /*!< DWT configuration struct
1565:C:\Users\bahri\eclipse-workspace\Project_USB_CrossCompile\system\include\cmsis\core_cm4.h **** #define TPI                 ((TPI_Type       *)     TPI_BASE      )   /*!< TPI configuration struct
1566:C:\Users\bahri\eclipse-workspace\Project_USB_CrossCompile\system\include\cmsis\core_cm4.h **** #define CoreDebug           ((CoreDebug_Type *)     CoreDebug_BASE)   /*!< Core Debug configuration
1567:C:\Users\bahri\eclipse-workspace\Project_USB_CrossCompile\system\include\cmsis\core_cm4.h **** 
1568:C:\Users\bahri\eclipse-workspace\Project_USB_CrossCompile\system\include\cmsis\core_cm4.h **** #if defined (__MPU_PRESENT) && (__MPU_PRESENT == 1U)
1569:C:\Users\bahri\eclipse-workspace\Project_USB_CrossCompile\system\include\cmsis\core_cm4.h ****   #define MPU_BASE          (SCS_BASE +  0x0D90UL)                    /*!< Memory Protection Unit *
1570:C:\Users\bahri\eclipse-workspace\Project_USB_CrossCompile\system\include\cmsis\core_cm4.h ****   #define MPU               ((MPU_Type       *)     MPU_BASE      )   /*!< Memory Protection Unit *
1571:C:\Users\bahri\eclipse-workspace\Project_USB_CrossCompile\system\include\cmsis\core_cm4.h **** #endif
1572:C:\Users\bahri\eclipse-workspace\Project_USB_CrossCompile\system\include\cmsis\core_cm4.h **** 
1573:C:\Users\bahri\eclipse-workspace\Project_USB_CrossCompile\system\include\cmsis\core_cm4.h **** #define FPU_BASE            (SCS_BASE +  0x0F30UL)                    /*!< Floating Point Unit */
1574:C:\Users\bahri\eclipse-workspace\Project_USB_CrossCompile\system\include\cmsis\core_cm4.h **** #define FPU                 ((FPU_Type       *)     FPU_BASE      )   /*!< Floating Point Unit */
1575:C:\Users\bahri\eclipse-workspace\Project_USB_CrossCompile\system\include\cmsis\core_cm4.h **** 
1576:C:\Users\bahri\eclipse-workspace\Project_USB_CrossCompile\system\include\cmsis\core_cm4.h **** /*@} */
1577:C:\Users\bahri\eclipse-workspace\Project_USB_CrossCompile\system\include\cmsis\core_cm4.h **** 
1578:C:\Users\bahri\eclipse-workspace\Project_USB_CrossCompile\system\include\cmsis\core_cm4.h **** 
1579:C:\Users\bahri\eclipse-workspace\Project_USB_CrossCompile\system\include\cmsis\core_cm4.h **** 
1580:C:\Users\bahri\eclipse-workspace\Project_USB_CrossCompile\system\include\cmsis\core_cm4.h **** /*******************************************************************************
1581:C:\Users\bahri\eclipse-workspace\Project_USB_CrossCompile\system\include\cmsis\core_cm4.h ****  *                Hardware Abstraction Layer
1582:C:\Users\bahri\eclipse-workspace\Project_USB_CrossCompile\system\include\cmsis\core_cm4.h ****   Core Function Interface contains:
1583:C:\Users\bahri\eclipse-workspace\Project_USB_CrossCompile\system\include\cmsis\core_cm4.h ****   - Core NVIC Functions
1584:C:\Users\bahri\eclipse-workspace\Project_USB_CrossCompile\system\include\cmsis\core_cm4.h ****   - Core SysTick Functions
1585:C:\Users\bahri\eclipse-workspace\Project_USB_CrossCompile\system\include\cmsis\core_cm4.h ****   - Core Debug Functions
1586:C:\Users\bahri\eclipse-workspace\Project_USB_CrossCompile\system\include\cmsis\core_cm4.h ****   - Core Register Access Functions
1587:C:\Users\bahri\eclipse-workspace\Project_USB_CrossCompile\system\include\cmsis\core_cm4.h ****  ******************************************************************************/
1588:C:\Users\bahri\eclipse-workspace\Project_USB_CrossCompile\system\include\cmsis\core_cm4.h **** /**
1589:C:\Users\bahri\eclipse-workspace\Project_USB_CrossCompile\system\include\cmsis\core_cm4.h ****   \defgroup CMSIS_Core_FunctionInterface Functions and Instructions Reference
1590:C:\Users\bahri\eclipse-workspace\Project_USB_CrossCompile\system\include\cmsis\core_cm4.h **** */
1591:C:\Users\bahri\eclipse-workspace\Project_USB_CrossCompile\system\include\cmsis\core_cm4.h **** 
1592:C:\Users\bahri\eclipse-workspace\Project_USB_CrossCompile\system\include\cmsis\core_cm4.h **** 
1593:C:\Users\bahri\eclipse-workspace\Project_USB_CrossCompile\system\include\cmsis\core_cm4.h **** 
1594:C:\Users\bahri\eclipse-workspace\Project_USB_CrossCompile\system\include\cmsis\core_cm4.h **** /* ##########################   NVIC functions  #################################### */
1595:C:\Users\bahri\eclipse-workspace\Project_USB_CrossCompile\system\include\cmsis\core_cm4.h **** /**
1596:C:\Users\bahri\eclipse-workspace\Project_USB_CrossCompile\system\include\cmsis\core_cm4.h ****   \ingroup  CMSIS_Core_FunctionInterface
1597:C:\Users\bahri\eclipse-workspace\Project_USB_CrossCompile\system\include\cmsis\core_cm4.h ****   \defgroup CMSIS_Core_NVICFunctions NVIC Functions
1598:C:\Users\bahri\eclipse-workspace\Project_USB_CrossCompile\system\include\cmsis\core_cm4.h ****   \brief    Functions that manage interrupts and exceptions via the NVIC.
1599:C:\Users\bahri\eclipse-workspace\Project_USB_CrossCompile\system\include\cmsis\core_cm4.h ****   @{
1600:C:\Users\bahri\eclipse-workspace\Project_USB_CrossCompile\system\include\cmsis\core_cm4.h ****  */
1601:C:\Users\bahri\eclipse-workspace\Project_USB_CrossCompile\system\include\cmsis\core_cm4.h **** 
1602:C:\Users\bahri\eclipse-workspace\Project_USB_CrossCompile\system\include\cmsis\core_cm4.h **** #ifdef CMSIS_NVIC_VIRTUAL
1603:C:\Users\bahri\eclipse-workspace\Project_USB_CrossCompile\system\include\cmsis\core_cm4.h ****   #ifndef CMSIS_NVIC_VIRTUAL_HEADER_FILE
1604:C:\Users\bahri\eclipse-workspace\Project_USB_CrossCompile\system\include\cmsis\core_cm4.h ****     #define CMSIS_NVIC_VIRTUAL_HEADER_FILE "cmsis_nvic_virtual.h"
1605:C:\Users\bahri\eclipse-workspace\Project_USB_CrossCompile\system\include\cmsis\core_cm4.h ****   #endif
1606:C:\Users\bahri\eclipse-workspace\Project_USB_CrossCompile\system\include\cmsis\core_cm4.h ****   #include CMSIS_NVIC_VIRTUAL_HEADER_FILE
1607:C:\Users\bahri\eclipse-workspace\Project_USB_CrossCompile\system\include\cmsis\core_cm4.h **** #else
1608:C:\Users\bahri\eclipse-workspace\Project_USB_CrossCompile\system\include\cmsis\core_cm4.h ****   #define NVIC_SetPriorityGrouping    __NVIC_SetPriorityGrouping
1609:C:\Users\bahri\eclipse-workspace\Project_USB_CrossCompile\system\include\cmsis\core_cm4.h ****   #define NVIC_GetPriorityGrouping    __NVIC_GetPriorityGrouping
1610:C:\Users\bahri\eclipse-workspace\Project_USB_CrossCompile\system\include\cmsis\core_cm4.h ****   #define NVIC_EnableIRQ              __NVIC_EnableIRQ
1611:C:\Users\bahri\eclipse-workspace\Project_USB_CrossCompile\system\include\cmsis\core_cm4.h ****   #define NVIC_GetEnableIRQ           __NVIC_GetEnableIRQ
1612:C:\Users\bahri\eclipse-workspace\Project_USB_CrossCompile\system\include\cmsis\core_cm4.h ****   #define NVIC_DisableIRQ             __NVIC_DisableIRQ
1613:C:\Users\bahri\eclipse-workspace\Project_USB_CrossCompile\system\include\cmsis\core_cm4.h ****   #define NVIC_GetPendingIRQ          __NVIC_GetPendingIRQ
1614:C:\Users\bahri\eclipse-workspace\Project_USB_CrossCompile\system\include\cmsis\core_cm4.h ****   #define NVIC_SetPendingIRQ          __NVIC_SetPendingIRQ
1615:C:\Users\bahri\eclipse-workspace\Project_USB_CrossCompile\system\include\cmsis\core_cm4.h ****   #define NVIC_ClearPendingIRQ        __NVIC_ClearPendingIRQ
1616:C:\Users\bahri\eclipse-workspace\Project_USB_CrossCompile\system\include\cmsis\core_cm4.h ****   #define NVIC_GetActive              __NVIC_GetActive
1617:C:\Users\bahri\eclipse-workspace\Project_USB_CrossCompile\system\include\cmsis\core_cm4.h ****   #define NVIC_SetPriority            __NVIC_SetPriority
1618:C:\Users\bahri\eclipse-workspace\Project_USB_CrossCompile\system\include\cmsis\core_cm4.h ****   #define NVIC_GetPriority            __NVIC_GetPriority
1619:C:\Users\bahri\eclipse-workspace\Project_USB_CrossCompile\system\include\cmsis\core_cm4.h ****   #define NVIC_SystemReset            __NVIC_SystemReset
1620:C:\Users\bahri\eclipse-workspace\Project_USB_CrossCompile\system\include\cmsis\core_cm4.h **** #endif /* CMSIS_NVIC_VIRTUAL */
1621:C:\Users\bahri\eclipse-workspace\Project_USB_CrossCompile\system\include\cmsis\core_cm4.h **** 
1622:C:\Users\bahri\eclipse-workspace\Project_USB_CrossCompile\system\include\cmsis\core_cm4.h **** #ifdef CMSIS_VECTAB_VIRTUAL
1623:C:\Users\bahri\eclipse-workspace\Project_USB_CrossCompile\system\include\cmsis\core_cm4.h ****   #ifndef CMSIS_VECTAB_VIRTUAL_HEADER_FILE
1624:C:\Users\bahri\eclipse-workspace\Project_USB_CrossCompile\system\include\cmsis\core_cm4.h ****     #define CMSIS_VECTAB_VIRTUAL_HEADER_FILE "cmsis_vectab_virtual.h"
1625:C:\Users\bahri\eclipse-workspace\Project_USB_CrossCompile\system\include\cmsis\core_cm4.h ****   #endif
1626:C:\Users\bahri\eclipse-workspace\Project_USB_CrossCompile\system\include\cmsis\core_cm4.h ****   #include CMSIS_VECTAB_VIRTUAL_HEADER_FILE
1627:C:\Users\bahri\eclipse-workspace\Project_USB_CrossCompile\system\include\cmsis\core_cm4.h **** #else
1628:C:\Users\bahri\eclipse-workspace\Project_USB_CrossCompile\system\include\cmsis\core_cm4.h ****   #define NVIC_SetVector              __NVIC_SetVector
1629:C:\Users\bahri\eclipse-workspace\Project_USB_CrossCompile\system\include\cmsis\core_cm4.h ****   #define NVIC_GetVector              __NVIC_GetVector
1630:C:\Users\bahri\eclipse-workspace\Project_USB_CrossCompile\system\include\cmsis\core_cm4.h **** #endif  /* (CMSIS_VECTAB_VIRTUAL) */
1631:C:\Users\bahri\eclipse-workspace\Project_USB_CrossCompile\system\include\cmsis\core_cm4.h **** 
1632:C:\Users\bahri\eclipse-workspace\Project_USB_CrossCompile\system\include\cmsis\core_cm4.h **** #define NVIC_USER_IRQ_OFFSET          16
1633:C:\Users\bahri\eclipse-workspace\Project_USB_CrossCompile\system\include\cmsis\core_cm4.h **** 
1634:C:\Users\bahri\eclipse-workspace\Project_USB_CrossCompile\system\include\cmsis\core_cm4.h **** 
1635:C:\Users\bahri\eclipse-workspace\Project_USB_CrossCompile\system\include\cmsis\core_cm4.h **** /* The following EXC_RETURN values are saved the LR on exception entry */
1636:C:\Users\bahri\eclipse-workspace\Project_USB_CrossCompile\system\include\cmsis\core_cm4.h **** #define EXC_RETURN_HANDLER         (0xFFFFFFF1UL)     /* return to Handler mode, uses MSP after ret
1637:C:\Users\bahri\eclipse-workspace\Project_USB_CrossCompile\system\include\cmsis\core_cm4.h **** #define EXC_RETURN_THREAD_MSP      (0xFFFFFFF9UL)     /* return to Thread mode, uses MSP after retu
1638:C:\Users\bahri\eclipse-workspace\Project_USB_CrossCompile\system\include\cmsis\core_cm4.h **** #define EXC_RETURN_THREAD_PSP      (0xFFFFFFFDUL)     /* return to Thread mode, uses PSP after retu
1639:C:\Users\bahri\eclipse-workspace\Project_USB_CrossCompile\system\include\cmsis\core_cm4.h **** #define EXC_RETURN_HANDLER_FPU     (0xFFFFFFE1UL)     /* return to Handler mode, uses MSP after ret
1640:C:\Users\bahri\eclipse-workspace\Project_USB_CrossCompile\system\include\cmsis\core_cm4.h **** #define EXC_RETURN_THREAD_MSP_FPU  (0xFFFFFFE9UL)     /* return to Thread mode, uses MSP after retu
1641:C:\Users\bahri\eclipse-workspace\Project_USB_CrossCompile\system\include\cmsis\core_cm4.h **** #define EXC_RETURN_THREAD_PSP_FPU  (0xFFFFFFEDUL)     /* return to Thread mode, uses PSP after retu
1642:C:\Users\bahri\eclipse-workspace\Project_USB_CrossCompile\system\include\cmsis\core_cm4.h **** 
1643:C:\Users\bahri\eclipse-workspace\Project_USB_CrossCompile\system\include\cmsis\core_cm4.h **** 
1644:C:\Users\bahri\eclipse-workspace\Project_USB_CrossCompile\system\include\cmsis\core_cm4.h **** /**
1645:C:\Users\bahri\eclipse-workspace\Project_USB_CrossCompile\system\include\cmsis\core_cm4.h ****   \brief   Set Priority Grouping
1646:C:\Users\bahri\eclipse-workspace\Project_USB_CrossCompile\system\include\cmsis\core_cm4.h ****   \details Sets the priority grouping field using the required unlock sequence.
1647:C:\Users\bahri\eclipse-workspace\Project_USB_CrossCompile\system\include\cmsis\core_cm4.h ****            The parameter PriorityGroup is assigned to the field SCB->AIRCR [10:8] PRIGROUP field.
1648:C:\Users\bahri\eclipse-workspace\Project_USB_CrossCompile\system\include\cmsis\core_cm4.h ****            Only values from 0..7 are used.
1649:C:\Users\bahri\eclipse-workspace\Project_USB_CrossCompile\system\include\cmsis\core_cm4.h ****            In case of a conflict between priority grouping and available
1650:C:\Users\bahri\eclipse-workspace\Project_USB_CrossCompile\system\include\cmsis\core_cm4.h ****            priority bits (__NVIC_PRIO_BITS), the smallest possible priority group is set.
1651:C:\Users\bahri\eclipse-workspace\Project_USB_CrossCompile\system\include\cmsis\core_cm4.h ****   \param [in]      PriorityGroup  Priority grouping field.
1652:C:\Users\bahri\eclipse-workspace\Project_USB_CrossCompile\system\include\cmsis\core_cm4.h ****  */
1653:C:\Users\bahri\eclipse-workspace\Project_USB_CrossCompile\system\include\cmsis\core_cm4.h **** __STATIC_INLINE void __NVIC_SetPriorityGrouping(uint32_t PriorityGroup)
1654:C:\Users\bahri\eclipse-workspace\Project_USB_CrossCompile\system\include\cmsis\core_cm4.h **** {
1655:C:\Users\bahri\eclipse-workspace\Project_USB_CrossCompile\system\include\cmsis\core_cm4.h ****   uint32_t reg_value;
1656:C:\Users\bahri\eclipse-workspace\Project_USB_CrossCompile\system\include\cmsis\core_cm4.h ****   uint32_t PriorityGroupTmp = (PriorityGroup & (uint32_t)0x07UL);             /* only values 0..7 a
1657:C:\Users\bahri\eclipse-workspace\Project_USB_CrossCompile\system\include\cmsis\core_cm4.h **** 
1658:C:\Users\bahri\eclipse-workspace\Project_USB_CrossCompile\system\include\cmsis\core_cm4.h ****   reg_value  =  SCB->AIRCR;                                                   /* read old register 
1659:C:\Users\bahri\eclipse-workspace\Project_USB_CrossCompile\system\include\cmsis\core_cm4.h ****   reg_value &= ~((uint32_t)(SCB_AIRCR_VECTKEY_Msk | SCB_AIRCR_PRIGROUP_Msk)); /* clear bits to chan
1660:C:\Users\bahri\eclipse-workspace\Project_USB_CrossCompile\system\include\cmsis\core_cm4.h ****   reg_value  =  (reg_value                                   |
1661:C:\Users\bahri\eclipse-workspace\Project_USB_CrossCompile\system\include\cmsis\core_cm4.h ****                 ((uint32_t)0x5FAUL << SCB_AIRCR_VECTKEY_Pos) |
1662:C:\Users\bahri\eclipse-workspace\Project_USB_CrossCompile\system\include\cmsis\core_cm4.h ****                 (PriorityGroupTmp << SCB_AIRCR_PRIGROUP_Pos)  );              /* Insert write key a
1663:C:\Users\bahri\eclipse-workspace\Project_USB_CrossCompile\system\include\cmsis\core_cm4.h ****   SCB->AIRCR =  reg_value;
1664:C:\Users\bahri\eclipse-workspace\Project_USB_CrossCompile\system\include\cmsis\core_cm4.h **** }
1665:C:\Users\bahri\eclipse-workspace\Project_USB_CrossCompile\system\include\cmsis\core_cm4.h **** 
1666:C:\Users\bahri\eclipse-workspace\Project_USB_CrossCompile\system\include\cmsis\core_cm4.h **** 
1667:C:\Users\bahri\eclipse-workspace\Project_USB_CrossCompile\system\include\cmsis\core_cm4.h **** /**
1668:C:\Users\bahri\eclipse-workspace\Project_USB_CrossCompile\system\include\cmsis\core_cm4.h ****   \brief   Get Priority Grouping
1669:C:\Users\bahri\eclipse-workspace\Project_USB_CrossCompile\system\include\cmsis\core_cm4.h ****   \details Reads the priority grouping field from the NVIC Interrupt Controller.
1670:C:\Users\bahri\eclipse-workspace\Project_USB_CrossCompile\system\include\cmsis\core_cm4.h ****   \return                Priority grouping field (SCB->AIRCR [10:8] PRIGROUP field).
1671:C:\Users\bahri\eclipse-workspace\Project_USB_CrossCompile\system\include\cmsis\core_cm4.h ****  */
1672:C:\Users\bahri\eclipse-workspace\Project_USB_CrossCompile\system\include\cmsis\core_cm4.h **** __STATIC_INLINE uint32_t __NVIC_GetPriorityGrouping(void)
1673:C:\Users\bahri\eclipse-workspace\Project_USB_CrossCompile\system\include\cmsis\core_cm4.h **** {
1674:C:\Users\bahri\eclipse-workspace\Project_USB_CrossCompile\system\include\cmsis\core_cm4.h ****   return ((uint32_t)((SCB->AIRCR & SCB_AIRCR_PRIGROUP_Msk) >> SCB_AIRCR_PRIGROUP_Pos));
1675:C:\Users\bahri\eclipse-workspace\Project_USB_CrossCompile\system\include\cmsis\core_cm4.h **** }
1676:C:\Users\bahri\eclipse-workspace\Project_USB_CrossCompile\system\include\cmsis\core_cm4.h **** 
1677:C:\Users\bahri\eclipse-workspace\Project_USB_CrossCompile\system\include\cmsis\core_cm4.h **** 
1678:C:\Users\bahri\eclipse-workspace\Project_USB_CrossCompile\system\include\cmsis\core_cm4.h **** /**
1679:C:\Users\bahri\eclipse-workspace\Project_USB_CrossCompile\system\include\cmsis\core_cm4.h ****   \brief   Enable Interrupt
1680:C:\Users\bahri\eclipse-workspace\Project_USB_CrossCompile\system\include\cmsis\core_cm4.h ****   \details Enables a device specific interrupt in the NVIC interrupt controller.
1681:C:\Users\bahri\eclipse-workspace\Project_USB_CrossCompile\system\include\cmsis\core_cm4.h ****   \param [in]      IRQn  Device specific interrupt number.
1682:C:\Users\bahri\eclipse-workspace\Project_USB_CrossCompile\system\include\cmsis\core_cm4.h ****   \note    IRQn must not be negative.
1683:C:\Users\bahri\eclipse-workspace\Project_USB_CrossCompile\system\include\cmsis\core_cm4.h ****  */
1684:C:\Users\bahri\eclipse-workspace\Project_USB_CrossCompile\system\include\cmsis\core_cm4.h **** __STATIC_INLINE void __NVIC_EnableIRQ(IRQn_Type IRQn)
1685:C:\Users\bahri\eclipse-workspace\Project_USB_CrossCompile\system\include\cmsis\core_cm4.h **** {
  25              		.loc 1 1685 1
  26              		.cfi_startproc
  27              		@ args = 0, pretend = 0, frame = 8
  28              		@ frame_needed = 1, uses_anonymous_args = 0
  29              		@ link register save eliminated.
  30 0000 80B4     		push	{r7}
  31              		.cfi_def_cfa_offset 4
  32              		.cfi_offset 7, -4
  33 0002 83B0     		sub	sp, sp, #12
  34              		.cfi_def_cfa_offset 16
  35 0004 00AF     		add	r7, sp, #0
  36              		.cfi_def_cfa_register 7
  37 0006 0346     		mov	r3, r0
  38 0008 FB71     		strb	r3, [r7, #7]
1686:C:\Users\bahri\eclipse-workspace\Project_USB_CrossCompile\system\include\cmsis\core_cm4.h ****   if ((int32_t)(IRQn) >= 0)
  39              		.loc 1 1686 6
  40 000a 97F90730 		ldrsb	r3, [r7, #7]
  41 000e 002B     		cmp	r3, #0
  42 0010 0BDB     		blt	.L3
1687:C:\Users\bahri\eclipse-workspace\Project_USB_CrossCompile\system\include\cmsis\core_cm4.h ****   {
1688:C:\Users\bahri\eclipse-workspace\Project_USB_CrossCompile\system\include\cmsis\core_cm4.h ****     __COMPILER_BARRIER();
  43              		.loc 1 1688 5
1689:C:\Users\bahri\eclipse-workspace\Project_USB_CrossCompile\system\include\cmsis\core_cm4.h ****     NVIC->ISER[(((uint32_t)IRQn) >> 5UL)] = (uint32_t)(1UL << (((uint32_t)IRQn) & 0x1FUL));
  44              		.loc 1 1689 81
  45 0012 FB79     		ldrb	r3, [r7, #7]	@ zero_extendqisi2
  46 0014 03F01F02 		and	r2, r3, #31
  47              		.loc 1 1689 9
  48 0018 0649     		ldr	r1, .L4
  49              		.loc 1 1689 18
  50 001a 97F90730 		ldrsb	r3, [r7, #7]
  51              		.loc 1 1689 34
  52 001e 5B09     		lsrs	r3, r3, #5
  53              		.loc 1 1689 45
  54 0020 0120     		movs	r0, #1
  55 0022 00FA02F2 		lsl	r2, r0, r2
  56              		.loc 1 1689 43
  57 0026 41F82320 		str	r2, [r1, r3, lsl #2]
1690:C:\Users\bahri\eclipse-workspace\Project_USB_CrossCompile\system\include\cmsis\core_cm4.h ****     __COMPILER_BARRIER();
  58              		.loc 1 1690 5
  59              	.L3:
1691:C:\Users\bahri\eclipse-workspace\Project_USB_CrossCompile\system\include\cmsis\core_cm4.h ****   }
1692:C:\Users\bahri\eclipse-workspace\Project_USB_CrossCompile\system\include\cmsis\core_cm4.h **** }
  60              		.loc 1 1692 1
  61 002a 00BF     		nop
  62 002c 0C37     		adds	r7, r7, #12
  63              		.cfi_def_cfa_offset 4
  64 002e BD46     		mov	sp, r7
  65              		.cfi_def_cfa_register 13
  66              		@ sp needed
  67 0030 80BC     		pop	{r7}
  68              		.cfi_restore 7
  69              		.cfi_def_cfa_offset 0
  70 0032 7047     		bx	lr
  71              	.L5:
  72              		.align	2
  73              	.L4:
  74 0034 00E100E0 		.word	-536813312
  75              		.cfi_endproc
  76              	.LFE108:
  78              		.align	1
  79              		.syntax unified
  80              		.thumb
  81              		.thumb_func
  83              	__NVIC_SetPriority:
  84              	.LFB115:
1693:C:\Users\bahri\eclipse-workspace\Project_USB_CrossCompile\system\include\cmsis\core_cm4.h **** 
1694:C:\Users\bahri\eclipse-workspace\Project_USB_CrossCompile\system\include\cmsis\core_cm4.h **** 
1695:C:\Users\bahri\eclipse-workspace\Project_USB_CrossCompile\system\include\cmsis\core_cm4.h **** /**
1696:C:\Users\bahri\eclipse-workspace\Project_USB_CrossCompile\system\include\cmsis\core_cm4.h ****   \brief   Get Interrupt Enable status
1697:C:\Users\bahri\eclipse-workspace\Project_USB_CrossCompile\system\include\cmsis\core_cm4.h ****   \details Returns a device specific interrupt enable status from the NVIC interrupt controller.
1698:C:\Users\bahri\eclipse-workspace\Project_USB_CrossCompile\system\include\cmsis\core_cm4.h ****   \param [in]      IRQn  Device specific interrupt number.
1699:C:\Users\bahri\eclipse-workspace\Project_USB_CrossCompile\system\include\cmsis\core_cm4.h ****   \return             0  Interrupt is not enabled.
1700:C:\Users\bahri\eclipse-workspace\Project_USB_CrossCompile\system\include\cmsis\core_cm4.h ****   \return             1  Interrupt is enabled.
1701:C:\Users\bahri\eclipse-workspace\Project_USB_CrossCompile\system\include\cmsis\core_cm4.h ****   \note    IRQn must not be negative.
1702:C:\Users\bahri\eclipse-workspace\Project_USB_CrossCompile\system\include\cmsis\core_cm4.h ****  */
1703:C:\Users\bahri\eclipse-workspace\Project_USB_CrossCompile\system\include\cmsis\core_cm4.h **** __STATIC_INLINE uint32_t __NVIC_GetEnableIRQ(IRQn_Type IRQn)
1704:C:\Users\bahri\eclipse-workspace\Project_USB_CrossCompile\system\include\cmsis\core_cm4.h **** {
1705:C:\Users\bahri\eclipse-workspace\Project_USB_CrossCompile\system\include\cmsis\core_cm4.h ****   if ((int32_t)(IRQn) >= 0)
1706:C:\Users\bahri\eclipse-workspace\Project_USB_CrossCompile\system\include\cmsis\core_cm4.h ****   {
1707:C:\Users\bahri\eclipse-workspace\Project_USB_CrossCompile\system\include\cmsis\core_cm4.h ****     return((uint32_t)(((NVIC->ISER[(((uint32_t)IRQn) >> 5UL)] & (1UL << (((uint32_t)IRQn) & 0x1FUL)
1708:C:\Users\bahri\eclipse-workspace\Project_USB_CrossCompile\system\include\cmsis\core_cm4.h ****   }
1709:C:\Users\bahri\eclipse-workspace\Project_USB_CrossCompile\system\include\cmsis\core_cm4.h ****   else
1710:C:\Users\bahri\eclipse-workspace\Project_USB_CrossCompile\system\include\cmsis\core_cm4.h ****   {
1711:C:\Users\bahri\eclipse-workspace\Project_USB_CrossCompile\system\include\cmsis\core_cm4.h ****     return(0U);
1712:C:\Users\bahri\eclipse-workspace\Project_USB_CrossCompile\system\include\cmsis\core_cm4.h ****   }
1713:C:\Users\bahri\eclipse-workspace\Project_USB_CrossCompile\system\include\cmsis\core_cm4.h **** }
1714:C:\Users\bahri\eclipse-workspace\Project_USB_CrossCompile\system\include\cmsis\core_cm4.h **** 
1715:C:\Users\bahri\eclipse-workspace\Project_USB_CrossCompile\system\include\cmsis\core_cm4.h **** 
1716:C:\Users\bahri\eclipse-workspace\Project_USB_CrossCompile\system\include\cmsis\core_cm4.h **** /**
1717:C:\Users\bahri\eclipse-workspace\Project_USB_CrossCompile\system\include\cmsis\core_cm4.h ****   \brief   Disable Interrupt
1718:C:\Users\bahri\eclipse-workspace\Project_USB_CrossCompile\system\include\cmsis\core_cm4.h ****   \details Disables a device specific interrupt in the NVIC interrupt controller.
1719:C:\Users\bahri\eclipse-workspace\Project_USB_CrossCompile\system\include\cmsis\core_cm4.h ****   \param [in]      IRQn  Device specific interrupt number.
1720:C:\Users\bahri\eclipse-workspace\Project_USB_CrossCompile\system\include\cmsis\core_cm4.h ****   \note    IRQn must not be negative.
1721:C:\Users\bahri\eclipse-workspace\Project_USB_CrossCompile\system\include\cmsis\core_cm4.h ****  */
1722:C:\Users\bahri\eclipse-workspace\Project_USB_CrossCompile\system\include\cmsis\core_cm4.h **** __STATIC_INLINE void __NVIC_DisableIRQ(IRQn_Type IRQn)
1723:C:\Users\bahri\eclipse-workspace\Project_USB_CrossCompile\system\include\cmsis\core_cm4.h **** {
1724:C:\Users\bahri\eclipse-workspace\Project_USB_CrossCompile\system\include\cmsis\core_cm4.h ****   if ((int32_t)(IRQn) >= 0)
1725:C:\Users\bahri\eclipse-workspace\Project_USB_CrossCompile\system\include\cmsis\core_cm4.h ****   {
1726:C:\Users\bahri\eclipse-workspace\Project_USB_CrossCompile\system\include\cmsis\core_cm4.h ****     NVIC->ICER[(((uint32_t)IRQn) >> 5UL)] = (uint32_t)(1UL << (((uint32_t)IRQn) & 0x1FUL));
1727:C:\Users\bahri\eclipse-workspace\Project_USB_CrossCompile\system\include\cmsis\core_cm4.h ****     __DSB();
1728:C:\Users\bahri\eclipse-workspace\Project_USB_CrossCompile\system\include\cmsis\core_cm4.h ****     __ISB();
1729:C:\Users\bahri\eclipse-workspace\Project_USB_CrossCompile\system\include\cmsis\core_cm4.h ****   }
1730:C:\Users\bahri\eclipse-workspace\Project_USB_CrossCompile\system\include\cmsis\core_cm4.h **** }
1731:C:\Users\bahri\eclipse-workspace\Project_USB_CrossCompile\system\include\cmsis\core_cm4.h **** 
1732:C:\Users\bahri\eclipse-workspace\Project_USB_CrossCompile\system\include\cmsis\core_cm4.h **** 
1733:C:\Users\bahri\eclipse-workspace\Project_USB_CrossCompile\system\include\cmsis\core_cm4.h **** /**
1734:C:\Users\bahri\eclipse-workspace\Project_USB_CrossCompile\system\include\cmsis\core_cm4.h ****   \brief   Get Pending Interrupt
1735:C:\Users\bahri\eclipse-workspace\Project_USB_CrossCompile\system\include\cmsis\core_cm4.h ****   \details Reads the NVIC pending register and returns the pending bit for the specified device spe
1736:C:\Users\bahri\eclipse-workspace\Project_USB_CrossCompile\system\include\cmsis\core_cm4.h ****   \param [in]      IRQn  Device specific interrupt number.
1737:C:\Users\bahri\eclipse-workspace\Project_USB_CrossCompile\system\include\cmsis\core_cm4.h ****   \return             0  Interrupt status is not pending.
1738:C:\Users\bahri\eclipse-workspace\Project_USB_CrossCompile\system\include\cmsis\core_cm4.h ****   \return             1  Interrupt status is pending.
1739:C:\Users\bahri\eclipse-workspace\Project_USB_CrossCompile\system\include\cmsis\core_cm4.h ****   \note    IRQn must not be negative.
1740:C:\Users\bahri\eclipse-workspace\Project_USB_CrossCompile\system\include\cmsis\core_cm4.h ****  */
1741:C:\Users\bahri\eclipse-workspace\Project_USB_CrossCompile\system\include\cmsis\core_cm4.h **** __STATIC_INLINE uint32_t __NVIC_GetPendingIRQ(IRQn_Type IRQn)
1742:C:\Users\bahri\eclipse-workspace\Project_USB_CrossCompile\system\include\cmsis\core_cm4.h **** {
1743:C:\Users\bahri\eclipse-workspace\Project_USB_CrossCompile\system\include\cmsis\core_cm4.h ****   if ((int32_t)(IRQn) >= 0)
1744:C:\Users\bahri\eclipse-workspace\Project_USB_CrossCompile\system\include\cmsis\core_cm4.h ****   {
1745:C:\Users\bahri\eclipse-workspace\Project_USB_CrossCompile\system\include\cmsis\core_cm4.h ****     return((uint32_t)(((NVIC->ISPR[(((uint32_t)IRQn) >> 5UL)] & (1UL << (((uint32_t)IRQn) & 0x1FUL)
1746:C:\Users\bahri\eclipse-workspace\Project_USB_CrossCompile\system\include\cmsis\core_cm4.h ****   }
1747:C:\Users\bahri\eclipse-workspace\Project_USB_CrossCompile\system\include\cmsis\core_cm4.h ****   else
1748:C:\Users\bahri\eclipse-workspace\Project_USB_CrossCompile\system\include\cmsis\core_cm4.h ****   {
1749:C:\Users\bahri\eclipse-workspace\Project_USB_CrossCompile\system\include\cmsis\core_cm4.h ****     return(0U);
1750:C:\Users\bahri\eclipse-workspace\Project_USB_CrossCompile\system\include\cmsis\core_cm4.h ****   }
1751:C:\Users\bahri\eclipse-workspace\Project_USB_CrossCompile\system\include\cmsis\core_cm4.h **** }
1752:C:\Users\bahri\eclipse-workspace\Project_USB_CrossCompile\system\include\cmsis\core_cm4.h **** 
1753:C:\Users\bahri\eclipse-workspace\Project_USB_CrossCompile\system\include\cmsis\core_cm4.h **** 
1754:C:\Users\bahri\eclipse-workspace\Project_USB_CrossCompile\system\include\cmsis\core_cm4.h **** /**
1755:C:\Users\bahri\eclipse-workspace\Project_USB_CrossCompile\system\include\cmsis\core_cm4.h ****   \brief   Set Pending Interrupt
1756:C:\Users\bahri\eclipse-workspace\Project_USB_CrossCompile\system\include\cmsis\core_cm4.h ****   \details Sets the pending bit of a device specific interrupt in the NVIC pending register.
1757:C:\Users\bahri\eclipse-workspace\Project_USB_CrossCompile\system\include\cmsis\core_cm4.h ****   \param [in]      IRQn  Device specific interrupt number.
1758:C:\Users\bahri\eclipse-workspace\Project_USB_CrossCompile\system\include\cmsis\core_cm4.h ****   \note    IRQn must not be negative.
1759:C:\Users\bahri\eclipse-workspace\Project_USB_CrossCompile\system\include\cmsis\core_cm4.h ****  */
1760:C:\Users\bahri\eclipse-workspace\Project_USB_CrossCompile\system\include\cmsis\core_cm4.h **** __STATIC_INLINE void __NVIC_SetPendingIRQ(IRQn_Type IRQn)
1761:C:\Users\bahri\eclipse-workspace\Project_USB_CrossCompile\system\include\cmsis\core_cm4.h **** {
1762:C:\Users\bahri\eclipse-workspace\Project_USB_CrossCompile\system\include\cmsis\core_cm4.h ****   if ((int32_t)(IRQn) >= 0)
1763:C:\Users\bahri\eclipse-workspace\Project_USB_CrossCompile\system\include\cmsis\core_cm4.h ****   {
1764:C:\Users\bahri\eclipse-workspace\Project_USB_CrossCompile\system\include\cmsis\core_cm4.h ****     NVIC->ISPR[(((uint32_t)IRQn) >> 5UL)] = (uint32_t)(1UL << (((uint32_t)IRQn) & 0x1FUL));
1765:C:\Users\bahri\eclipse-workspace\Project_USB_CrossCompile\system\include\cmsis\core_cm4.h ****   }
1766:C:\Users\bahri\eclipse-workspace\Project_USB_CrossCompile\system\include\cmsis\core_cm4.h **** }
1767:C:\Users\bahri\eclipse-workspace\Project_USB_CrossCompile\system\include\cmsis\core_cm4.h **** 
1768:C:\Users\bahri\eclipse-workspace\Project_USB_CrossCompile\system\include\cmsis\core_cm4.h **** 
1769:C:\Users\bahri\eclipse-workspace\Project_USB_CrossCompile\system\include\cmsis\core_cm4.h **** /**
1770:C:\Users\bahri\eclipse-workspace\Project_USB_CrossCompile\system\include\cmsis\core_cm4.h ****   \brief   Clear Pending Interrupt
1771:C:\Users\bahri\eclipse-workspace\Project_USB_CrossCompile\system\include\cmsis\core_cm4.h ****   \details Clears the pending bit of a device specific interrupt in the NVIC pending register.
1772:C:\Users\bahri\eclipse-workspace\Project_USB_CrossCompile\system\include\cmsis\core_cm4.h ****   \param [in]      IRQn  Device specific interrupt number.
1773:C:\Users\bahri\eclipse-workspace\Project_USB_CrossCompile\system\include\cmsis\core_cm4.h ****   \note    IRQn must not be negative.
1774:C:\Users\bahri\eclipse-workspace\Project_USB_CrossCompile\system\include\cmsis\core_cm4.h ****  */
1775:C:\Users\bahri\eclipse-workspace\Project_USB_CrossCompile\system\include\cmsis\core_cm4.h **** __STATIC_INLINE void __NVIC_ClearPendingIRQ(IRQn_Type IRQn)
1776:C:\Users\bahri\eclipse-workspace\Project_USB_CrossCompile\system\include\cmsis\core_cm4.h **** {
1777:C:\Users\bahri\eclipse-workspace\Project_USB_CrossCompile\system\include\cmsis\core_cm4.h ****   if ((int32_t)(IRQn) >= 0)
1778:C:\Users\bahri\eclipse-workspace\Project_USB_CrossCompile\system\include\cmsis\core_cm4.h ****   {
1779:C:\Users\bahri\eclipse-workspace\Project_USB_CrossCompile\system\include\cmsis\core_cm4.h ****     NVIC->ICPR[(((uint32_t)IRQn) >> 5UL)] = (uint32_t)(1UL << (((uint32_t)IRQn) & 0x1FUL));
1780:C:\Users\bahri\eclipse-workspace\Project_USB_CrossCompile\system\include\cmsis\core_cm4.h ****   }
1781:C:\Users\bahri\eclipse-workspace\Project_USB_CrossCompile\system\include\cmsis\core_cm4.h **** }
1782:C:\Users\bahri\eclipse-workspace\Project_USB_CrossCompile\system\include\cmsis\core_cm4.h **** 
1783:C:\Users\bahri\eclipse-workspace\Project_USB_CrossCompile\system\include\cmsis\core_cm4.h **** 
1784:C:\Users\bahri\eclipse-workspace\Project_USB_CrossCompile\system\include\cmsis\core_cm4.h **** /**
1785:C:\Users\bahri\eclipse-workspace\Project_USB_CrossCompile\system\include\cmsis\core_cm4.h ****   \brief   Get Active Interrupt
1786:C:\Users\bahri\eclipse-workspace\Project_USB_CrossCompile\system\include\cmsis\core_cm4.h ****   \details Reads the active register in the NVIC and returns the active bit for the device specific
1787:C:\Users\bahri\eclipse-workspace\Project_USB_CrossCompile\system\include\cmsis\core_cm4.h ****   \param [in]      IRQn  Device specific interrupt number.
1788:C:\Users\bahri\eclipse-workspace\Project_USB_CrossCompile\system\include\cmsis\core_cm4.h ****   \return             0  Interrupt status is not active.
1789:C:\Users\bahri\eclipse-workspace\Project_USB_CrossCompile\system\include\cmsis\core_cm4.h ****   \return             1  Interrupt status is active.
1790:C:\Users\bahri\eclipse-workspace\Project_USB_CrossCompile\system\include\cmsis\core_cm4.h ****   \note    IRQn must not be negative.
1791:C:\Users\bahri\eclipse-workspace\Project_USB_CrossCompile\system\include\cmsis\core_cm4.h ****  */
1792:C:\Users\bahri\eclipse-workspace\Project_USB_CrossCompile\system\include\cmsis\core_cm4.h **** __STATIC_INLINE uint32_t __NVIC_GetActive(IRQn_Type IRQn)
1793:C:\Users\bahri\eclipse-workspace\Project_USB_CrossCompile\system\include\cmsis\core_cm4.h **** {
1794:C:\Users\bahri\eclipse-workspace\Project_USB_CrossCompile\system\include\cmsis\core_cm4.h ****   if ((int32_t)(IRQn) >= 0)
1795:C:\Users\bahri\eclipse-workspace\Project_USB_CrossCompile\system\include\cmsis\core_cm4.h ****   {
1796:C:\Users\bahri\eclipse-workspace\Project_USB_CrossCompile\system\include\cmsis\core_cm4.h ****     return((uint32_t)(((NVIC->IABR[(((uint32_t)IRQn) >> 5UL)] & (1UL << (((uint32_t)IRQn) & 0x1FUL)
1797:C:\Users\bahri\eclipse-workspace\Project_USB_CrossCompile\system\include\cmsis\core_cm4.h ****   }
1798:C:\Users\bahri\eclipse-workspace\Project_USB_CrossCompile\system\include\cmsis\core_cm4.h ****   else
1799:C:\Users\bahri\eclipse-workspace\Project_USB_CrossCompile\system\include\cmsis\core_cm4.h ****   {
1800:C:\Users\bahri\eclipse-workspace\Project_USB_CrossCompile\system\include\cmsis\core_cm4.h ****     return(0U);
1801:C:\Users\bahri\eclipse-workspace\Project_USB_CrossCompile\system\include\cmsis\core_cm4.h ****   }
1802:C:\Users\bahri\eclipse-workspace\Project_USB_CrossCompile\system\include\cmsis\core_cm4.h **** }
1803:C:\Users\bahri\eclipse-workspace\Project_USB_CrossCompile\system\include\cmsis\core_cm4.h **** 
1804:C:\Users\bahri\eclipse-workspace\Project_USB_CrossCompile\system\include\cmsis\core_cm4.h **** 
1805:C:\Users\bahri\eclipse-workspace\Project_USB_CrossCompile\system\include\cmsis\core_cm4.h **** /**
1806:C:\Users\bahri\eclipse-workspace\Project_USB_CrossCompile\system\include\cmsis\core_cm4.h ****   \brief   Set Interrupt Priority
1807:C:\Users\bahri\eclipse-workspace\Project_USB_CrossCompile\system\include\cmsis\core_cm4.h ****   \details Sets the priority of a device specific interrupt or a processor exception.
1808:C:\Users\bahri\eclipse-workspace\Project_USB_CrossCompile\system\include\cmsis\core_cm4.h ****            The interrupt number can be positive to specify a device specific interrupt,
1809:C:\Users\bahri\eclipse-workspace\Project_USB_CrossCompile\system\include\cmsis\core_cm4.h ****            or negative to specify a processor exception.
1810:C:\Users\bahri\eclipse-workspace\Project_USB_CrossCompile\system\include\cmsis\core_cm4.h ****   \param [in]      IRQn  Interrupt number.
1811:C:\Users\bahri\eclipse-workspace\Project_USB_CrossCompile\system\include\cmsis\core_cm4.h ****   \param [in]  priority  Priority to set.
1812:C:\Users\bahri\eclipse-workspace\Project_USB_CrossCompile\system\include\cmsis\core_cm4.h ****   \note    The priority cannot be set for every processor exception.
1813:C:\Users\bahri\eclipse-workspace\Project_USB_CrossCompile\system\include\cmsis\core_cm4.h ****  */
1814:C:\Users\bahri\eclipse-workspace\Project_USB_CrossCompile\system\include\cmsis\core_cm4.h **** __STATIC_INLINE void __NVIC_SetPriority(IRQn_Type IRQn, uint32_t priority)
1815:C:\Users\bahri\eclipse-workspace\Project_USB_CrossCompile\system\include\cmsis\core_cm4.h **** {
  85              		.loc 1 1815 1
  86              		.cfi_startproc
  87              		@ args = 0, pretend = 0, frame = 8
  88              		@ frame_needed = 1, uses_anonymous_args = 0
  89              		@ link register save eliminated.
  90 0038 80B4     		push	{r7}
  91              		.cfi_def_cfa_offset 4
  92              		.cfi_offset 7, -4
  93 003a 83B0     		sub	sp, sp, #12
  94              		.cfi_def_cfa_offset 16
  95 003c 00AF     		add	r7, sp, #0
  96              		.cfi_def_cfa_register 7
  97 003e 0346     		mov	r3, r0
  98 0040 3960     		str	r1, [r7]
  99 0042 FB71     		strb	r3, [r7, #7]
1816:C:\Users\bahri\eclipse-workspace\Project_USB_CrossCompile\system\include\cmsis\core_cm4.h ****   if ((int32_t)(IRQn) >= 0)
 100              		.loc 1 1816 6
 101 0044 97F90730 		ldrsb	r3, [r7, #7]
 102 0048 002B     		cmp	r3, #0
 103 004a 0ADB     		blt	.L7
1817:C:\Users\bahri\eclipse-workspace\Project_USB_CrossCompile\system\include\cmsis\core_cm4.h ****   {
1818:C:\Users\bahri\eclipse-workspace\Project_USB_CrossCompile\system\include\cmsis\core_cm4.h ****     NVIC->IP[((uint32_t)IRQn)]               = (uint8_t)((priority << (8U - __NVIC_PRIO_BITS)) & (u
 104              		.loc 1 1818 48
 105 004c 3B68     		ldr	r3, [r7]
 106 004e DAB2     		uxtb	r2, r3
 107              		.loc 1 1818 9
 108 0050 0C49     		ldr	r1, .L10
 109              		.loc 1 1818 15
 110 0052 97F90730 		ldrsb	r3, [r7, #7]
 111              		.loc 1 1818 48
 112 0056 1201     		lsls	r2, r2, #4
 113 0058 D2B2     		uxtb	r2, r2
 114              		.loc 1 1818 46
 115 005a 0B44     		add	r3, r3, r1
 116 005c 83F80023 		strb	r2, [r3, #768]
1819:C:\Users\bahri\eclipse-workspace\Project_USB_CrossCompile\system\include\cmsis\core_cm4.h ****   }
1820:C:\Users\bahri\eclipse-workspace\Project_USB_CrossCompile\system\include\cmsis\core_cm4.h ****   else
1821:C:\Users\bahri\eclipse-workspace\Project_USB_CrossCompile\system\include\cmsis\core_cm4.h ****   {
1822:C:\Users\bahri\eclipse-workspace\Project_USB_CrossCompile\system\include\cmsis\core_cm4.h ****     SCB->SHP[(((uint32_t)IRQn) & 0xFUL)-4UL] = (uint8_t)((priority << (8U - __NVIC_PRIO_BITS)) & (u
1823:C:\Users\bahri\eclipse-workspace\Project_USB_CrossCompile\system\include\cmsis\core_cm4.h ****   }
1824:C:\Users\bahri\eclipse-workspace\Project_USB_CrossCompile\system\include\cmsis\core_cm4.h **** }
 117              		.loc 1 1824 1
 118 0060 0AE0     		b	.L9
 119              	.L7:
1822:C:\Users\bahri\eclipse-workspace\Project_USB_CrossCompile\system\include\cmsis\core_cm4.h ****   }
 120              		.loc 1 1822 48
 121 0062 3B68     		ldr	r3, [r7]
 122 0064 DAB2     		uxtb	r2, r3
1822:C:\Users\bahri\eclipse-workspace\Project_USB_CrossCompile\system\include\cmsis\core_cm4.h ****   }
 123              		.loc 1 1822 8
 124 0066 0849     		ldr	r1, .L10+4
1822:C:\Users\bahri\eclipse-workspace\Project_USB_CrossCompile\system\include\cmsis\core_cm4.h ****   }
 125              		.loc 1 1822 32
 126 0068 FB79     		ldrb	r3, [r7, #7]	@ zero_extendqisi2
 127 006a 03F00F03 		and	r3, r3, #15
1822:C:\Users\bahri\eclipse-workspace\Project_USB_CrossCompile\system\include\cmsis\core_cm4.h ****   }
 128              		.loc 1 1822 40
 129 006e 043B     		subs	r3, r3, #4
1822:C:\Users\bahri\eclipse-workspace\Project_USB_CrossCompile\system\include\cmsis\core_cm4.h ****   }
 130              		.loc 1 1822 48
 131 0070 1201     		lsls	r2, r2, #4
 132 0072 D2B2     		uxtb	r2, r2
1822:C:\Users\bahri\eclipse-workspace\Project_USB_CrossCompile\system\include\cmsis\core_cm4.h ****   }
 133              		.loc 1 1822 46
 134 0074 0B44     		add	r3, r3, r1
 135 0076 1A76     		strb	r2, [r3, #24]
 136              	.L9:
 137              		.loc 1 1824 1
 138 0078 00BF     		nop
 139 007a 0C37     		adds	r7, r7, #12
 140              		.cfi_def_cfa_offset 4
 141 007c BD46     		mov	sp, r7
 142              		.cfi_def_cfa_register 13
 143              		@ sp needed
 144 007e 80BC     		pop	{r7}
 145              		.cfi_restore 7
 146              		.cfi_def_cfa_offset 0
 147 0080 7047     		bx	lr
 148              	.L11:
 149 0082 00BF     		.align	2
 150              	.L10:
 151 0084 00E100E0 		.word	-536813312
 152 0088 00ED00E0 		.word	-536810240
 153              		.cfi_endproc
 154              	.LFE115:
 156              		.align	1
 157              		.syntax unified
 158              		.thumb
 159              		.thumb_func
 161              	Uart_ChannelEnable:
 162              	.LFB137:
 163              		.file 2 "../src/uart.c"
   1:../src/uart.c **** /*
   2:../src/uart.c ****  * uart.c
   3:../src/uart.c ****  *
   4:../src/uart.c ****  *  Created on: 14 Oca 2024
   5:../src/uart.c ****  *      Author: bahri
   6:../src/uart.c ****  */
   7:../src/uart.c **** 
   8:../src/uart.c **** #include "uart.h"
   9:../src/uart.c **** #include "rcc.h"
  10:../src/uart.c **** 
  11:../src/uart.c **** 
  12:../src/uart.c **** //Static Function Declarations
  13:../src/uart.c **** 
  14:../src/uart.c **** static void Uart_ChannelEnable(USART_TypeDef* structUart);
  15:../src/uart.c **** static void Uart_ChannelReset(USART_TypeDef* structUart);
  16:../src/uart.c **** static void Uart_SetBaudrate(uint16 baudRate, USART_TypeDef* structUart);
  17:../src/uart.c **** 
  18:../src/uart.c **** //Static Function Definitions
  19:../src/uart.c **** 
  20:../src/uart.c **** static void Uart_ChannelEnable(USART_TypeDef* structUart)
  21:../src/uart.c **** {
 164              		.loc 2 21 1
 165              		.cfi_startproc
 166              		@ args = 0, pretend = 0, frame = 8
 167              		@ frame_needed = 1, uses_anonymous_args = 0
 168              		@ link register save eliminated.
 169 008c 80B4     		push	{r7}
 170              		.cfi_def_cfa_offset 4
 171              		.cfi_offset 7, -4
 172 008e 83B0     		sub	sp, sp, #12
 173              		.cfi_def_cfa_offset 16
 174 0090 00AF     		add	r7, sp, #0
 175              		.cfi_def_cfa_register 7
 176 0092 7860     		str	r0, [r7, #4]
  22:../src/uart.c **** 	if(structUart == USART1)
 177              		.loc 2 22 4
 178 0094 7B68     		ldr	r3, [r7, #4]
 179 0096 344A     		ldr	r2, .L20
 180 0098 9342     		cmp	r3, r2
 181 009a 0CD1     		bne	.L13
  23:../src/uart.c **** 	{
  24:../src/uart.c **** 		RCC->APB2RSTR &= ~(1 << USART1_RESET_POSITION);
 182              		.loc 2 24 17
 183 009c 334B     		ldr	r3, .L20+4
 184 009e 5B6A     		ldr	r3, [r3, #36]
 185 00a0 324A     		ldr	r2, .L20+4
 186 00a2 23F01003 		bic	r3, r3, #16
 187 00a6 5362     		str	r3, [r2, #36]
  25:../src/uart.c **** 		RCC->APB2ENR |= (1 << USART1_ENABLE_POSITION);
 188              		.loc 2 25 16
 189 00a8 304B     		ldr	r3, .L20+4
 190 00aa 5B6C     		ldr	r3, [r3, #68]
 191 00ac 2F4A     		ldr	r2, .L20+4
 192 00ae 43F01003 		orr	r3, r3, #16
 193 00b2 5364     		str	r3, [r2, #68]
  26:../src/uart.c **** 	}
  27:../src/uart.c **** 	else if(structUart == USART2)
  28:../src/uart.c **** 	{
  29:../src/uart.c **** 		RCC->APB1RSTR &= ~(1 << USART2_RESET_POSITION);
  30:../src/uart.c **** 		RCC->APB1ENR |= (1 << USART2_ENABLE_POSITION);
  31:../src/uart.c **** 	}
  32:../src/uart.c **** 	else if(structUart == USART3)
  33:../src/uart.c **** 	{
  34:../src/uart.c **** 		RCC->APB1RSTR &= ~(1 << USART3_RESET_POSITION);
  35:../src/uart.c **** 		RCC->APB1ENR |= (1 << USART3_ENABLE_POSITION);
  36:../src/uart.c **** 	}
  37:../src/uart.c **** 	else if(structUart == UART4)
  38:../src/uart.c **** 	{
  39:../src/uart.c **** 		RCC->APB1RSTR &= ~(1 << UART4_RESET_POSITION);
  40:../src/uart.c **** 		RCC->APB1ENR |= (1 << UART4_ENABLE_POSITION);
  41:../src/uart.c **** 	}
  42:../src/uart.c **** 	else if(structUart == UART5)
  43:../src/uart.c **** 	{
  44:../src/uart.c **** 		RCC->APB1RSTR &= ~(1 << UART5_RESET_POSITION);
  45:../src/uart.c **** 		RCC->APB1ENR |= (1 << UART5_ENABLE_POSITION);
  46:../src/uart.c **** 	}
  47:../src/uart.c **** 	else if(structUart == USART6)
  48:../src/uart.c **** 	{
  49:../src/uart.c **** 		RCC->APB2RSTR &= ~(1 << USART6_RESET_POSITION);
  50:../src/uart.c **** 		RCC->APB2ENR |= (1 << USART6_ENABLE_POSITION);
  51:../src/uart.c **** 	}
  52:../src/uart.c **** 	else
  53:../src/uart.c **** 	{
  54:../src/uart.c **** 		//do Nothing
  55:../src/uart.c **** 	}
  56:../src/uart.c **** }
 194              		.loc 2 56 1
 195 00b4 53E0     		b	.L19
 196              	.L13:
  27:../src/uart.c **** 	{
 197              		.loc 2 27 9
 198 00b6 7B68     		ldr	r3, [r7, #4]
 199 00b8 2D4A     		ldr	r2, .L20+8
 200 00ba 9342     		cmp	r3, r2
 201 00bc 0CD1     		bne	.L15
  29:../src/uart.c **** 		RCC->APB1ENR |= (1 << USART2_ENABLE_POSITION);
 202              		.loc 2 29 17
 203 00be 2B4B     		ldr	r3, .L20+4
 204 00c0 1B6A     		ldr	r3, [r3, #32]
 205 00c2 2A4A     		ldr	r2, .L20+4
 206 00c4 23F40033 		bic	r3, r3, #131072
 207 00c8 1362     		str	r3, [r2, #32]
  30:../src/uart.c **** 	}
 208              		.loc 2 30 16
 209 00ca 284B     		ldr	r3, .L20+4
 210 00cc 1B6C     		ldr	r3, [r3, #64]
 211 00ce 274A     		ldr	r2, .L20+4
 212 00d0 43F40033 		orr	r3, r3, #131072
 213 00d4 1364     		str	r3, [r2, #64]
 214              		.loc 2 56 1
 215 00d6 42E0     		b	.L19
 216              	.L15:
  32:../src/uart.c **** 	{
 217              		.loc 2 32 9
 218 00d8 7B68     		ldr	r3, [r7, #4]
 219 00da 264A     		ldr	r2, .L20+12
 220 00dc 9342     		cmp	r3, r2
 221 00de 0CD1     		bne	.L16
  34:../src/uart.c **** 		RCC->APB1ENR |= (1 << USART3_ENABLE_POSITION);
 222              		.loc 2 34 17
 223 00e0 224B     		ldr	r3, .L20+4
 224 00e2 1B6A     		ldr	r3, [r3, #32]
 225 00e4 214A     		ldr	r2, .L20+4
 226 00e6 23F48023 		bic	r3, r3, #262144
 227 00ea 1362     		str	r3, [r2, #32]
  35:../src/uart.c **** 	}
 228              		.loc 2 35 16
 229 00ec 1F4B     		ldr	r3, .L20+4
 230 00ee 1B6C     		ldr	r3, [r3, #64]
 231 00f0 1E4A     		ldr	r2, .L20+4
 232 00f2 43F48023 		orr	r3, r3, #262144
 233 00f6 1364     		str	r3, [r2, #64]
 234              		.loc 2 56 1
 235 00f8 31E0     		b	.L19
 236              	.L16:
  37:../src/uart.c **** 	{
 237              		.loc 2 37 9
 238 00fa 7B68     		ldr	r3, [r7, #4]
 239 00fc 1E4A     		ldr	r2, .L20+16
 240 00fe 9342     		cmp	r3, r2
 241 0100 0CD1     		bne	.L17
  39:../src/uart.c **** 		RCC->APB1ENR |= (1 << UART4_ENABLE_POSITION);
 242              		.loc 2 39 17
 243 0102 1A4B     		ldr	r3, .L20+4
 244 0104 1B6A     		ldr	r3, [r3, #32]
 245 0106 194A     		ldr	r2, .L20+4
 246 0108 23F40023 		bic	r3, r3, #524288
 247 010c 1362     		str	r3, [r2, #32]
  40:../src/uart.c **** 	}
 248              		.loc 2 40 16
 249 010e 174B     		ldr	r3, .L20+4
 250 0110 1B6C     		ldr	r3, [r3, #64]
 251 0112 164A     		ldr	r2, .L20+4
 252 0114 43F40023 		orr	r3, r3, #524288
 253 0118 1364     		str	r3, [r2, #64]
 254              		.loc 2 56 1
 255 011a 20E0     		b	.L19
 256              	.L17:
  42:../src/uart.c **** 	{
 257              		.loc 2 42 9
 258 011c 7B68     		ldr	r3, [r7, #4]
 259 011e 174A     		ldr	r2, .L20+20
 260 0120 9342     		cmp	r3, r2
 261 0122 0CD1     		bne	.L18
  44:../src/uart.c **** 		RCC->APB1ENR |= (1 << UART5_ENABLE_POSITION);
 262              		.loc 2 44 17
 263 0124 114B     		ldr	r3, .L20+4
 264 0126 1B6A     		ldr	r3, [r3, #32]
 265 0128 104A     		ldr	r2, .L20+4
 266 012a 23F48013 		bic	r3, r3, #1048576
 267 012e 1362     		str	r3, [r2, #32]
  45:../src/uart.c **** 	}
 268              		.loc 2 45 16
 269 0130 0E4B     		ldr	r3, .L20+4
 270 0132 1B6C     		ldr	r3, [r3, #64]
 271 0134 0D4A     		ldr	r2, .L20+4
 272 0136 43F48013 		orr	r3, r3, #1048576
 273 013a 1364     		str	r3, [r2, #64]
 274              		.loc 2 56 1
 275 013c 0FE0     		b	.L19
 276              	.L18:
  47:../src/uart.c **** 	{
 277              		.loc 2 47 9
 278 013e 7B68     		ldr	r3, [r7, #4]
 279 0140 0F4A     		ldr	r2, .L20+24
 280 0142 9342     		cmp	r3, r2
 281 0144 0BD1     		bne	.L19
  49:../src/uart.c **** 		RCC->APB2ENR |= (1 << USART6_ENABLE_POSITION);
 282              		.loc 2 49 17
 283 0146 094B     		ldr	r3, .L20+4
 284 0148 5B6A     		ldr	r3, [r3, #36]
 285 014a 084A     		ldr	r2, .L20+4
 286 014c 23F02003 		bic	r3, r3, #32
 287 0150 5362     		str	r3, [r2, #36]
  50:../src/uart.c **** 	}
 288              		.loc 2 50 16
 289 0152 064B     		ldr	r3, .L20+4
 290 0154 5B6C     		ldr	r3, [r3, #68]
 291 0156 054A     		ldr	r2, .L20+4
 292 0158 43F02003 		orr	r3, r3, #32
 293 015c 5364     		str	r3, [r2, #68]
 294              	.L19:
 295              		.loc 2 56 1
 296 015e 00BF     		nop
 297 0160 0C37     		adds	r7, r7, #12
 298              		.cfi_def_cfa_offset 4
 299 0162 BD46     		mov	sp, r7
 300              		.cfi_def_cfa_register 13
 301              		@ sp needed
 302 0164 80BC     		pop	{r7}
 303              		.cfi_restore 7
 304              		.cfi_def_cfa_offset 0
 305 0166 7047     		bx	lr
 306              	.L21:
 307              		.align	2
 308              	.L20:
 309 0168 00100140 		.word	1073811456
 310 016c 00380240 		.word	1073887232
 311 0170 00440040 		.word	1073759232
 312 0174 00480040 		.word	1073760256
 313 0178 004C0040 		.word	1073761280
 314 017c 00500040 		.word	1073762304
 315 0180 00140140 		.word	1073812480
 316              		.cfi_endproc
 317              	.LFE137:
 319              		.align	1
 320              		.syntax unified
 321              		.thumb
 322              		.thumb_func
 324              	Uart_ChannelReset:
 325              	.LFB138:
  57:../src/uart.c **** 
  58:../src/uart.c **** static void Uart_ChannelReset(USART_TypeDef* structUart)
  59:../src/uart.c **** {
 326              		.loc 2 59 1
 327              		.cfi_startproc
 328              		@ args = 0, pretend = 0, frame = 8
 329              		@ frame_needed = 1, uses_anonymous_args = 0
 330              		@ link register save eliminated.
 331 0184 80B4     		push	{r7}
 332              		.cfi_def_cfa_offset 4
 333              		.cfi_offset 7, -4
 334 0186 83B0     		sub	sp, sp, #12
 335              		.cfi_def_cfa_offset 16
 336 0188 00AF     		add	r7, sp, #0
 337              		.cfi_def_cfa_register 7
 338 018a 7860     		str	r0, [r7, #4]
  60:../src/uart.c **** 	if(structUart == USART1)
 339              		.loc 2 60 4
 340 018c 7B68     		ldr	r3, [r7, #4]
 341 018e 344A     		ldr	r2, .L30
 342 0190 9342     		cmp	r3, r2
 343 0192 0CD1     		bne	.L23
  61:../src/uart.c **** 	{
  62:../src/uart.c **** 		RCC->APB2ENR &= ~(1 << USART1_ENABLE_POSITION);
 344              		.loc 2 62 16
 345 0194 334B     		ldr	r3, .L30+4
 346 0196 5B6C     		ldr	r3, [r3, #68]
 347 0198 324A     		ldr	r2, .L30+4
 348 019a 23F01003 		bic	r3, r3, #16
 349 019e 5364     		str	r3, [r2, #68]
  63:../src/uart.c **** 		RCC->APB2RSTR |= (1 << USART1_RESET_POSITION);
 350              		.loc 2 63 17
 351 01a0 304B     		ldr	r3, .L30+4
 352 01a2 5B6A     		ldr	r3, [r3, #36]
 353 01a4 2F4A     		ldr	r2, .L30+4
 354 01a6 43F01003 		orr	r3, r3, #16
 355 01aa 5362     		str	r3, [r2, #36]
  64:../src/uart.c **** 	}
  65:../src/uart.c **** 	else if(structUart == USART2)
  66:../src/uart.c **** 	{
  67:../src/uart.c **** 		RCC->APB1ENR &= ~(1 << USART2_ENABLE_POSITION);
  68:../src/uart.c **** 		RCC->APB1RSTR |= (1 << USART2_RESET_POSITION);
  69:../src/uart.c **** 	}
  70:../src/uart.c **** 	else if(structUart == USART3)
  71:../src/uart.c **** 	{
  72:../src/uart.c **** 		RCC->APB1ENR &= ~(1 << USART3_ENABLE_POSITION);
  73:../src/uart.c **** 		RCC->APB1RSTR |= (1 << USART3_RESET_POSITION);
  74:../src/uart.c **** 	}
  75:../src/uart.c **** 	else if(structUart == UART4)
  76:../src/uart.c **** 	{
  77:../src/uart.c **** 		RCC->APB1ENR &= ~(1 << UART4_ENABLE_POSITION);
  78:../src/uart.c **** 		RCC->APB1RSTR |= (1 << UART4_RESET_POSITION);
  79:../src/uart.c **** 	}
  80:../src/uart.c **** 	else if(structUart == UART5)
  81:../src/uart.c **** 	{
  82:../src/uart.c **** 		RCC->APB1ENR &= ~(1 << UART5_ENABLE_POSITION);
  83:../src/uart.c **** 		RCC->APB1RSTR |= (1 << UART5_RESET_POSITION);
  84:../src/uart.c **** 	}
  85:../src/uart.c **** 	else if(structUart == USART6)
  86:../src/uart.c **** 	{
  87:../src/uart.c **** 		RCC->APB2ENR &= ~(1 << USART6_ENABLE_POSITION);
  88:../src/uart.c **** 		RCC->APB2RSTR |= (1 << USART6_RESET_POSITION);
  89:../src/uart.c **** 	}
  90:../src/uart.c **** 	else
  91:../src/uart.c **** 	{
  92:../src/uart.c **** 		//do Nothing
  93:../src/uart.c **** 	}
  94:../src/uart.c **** }
 356              		.loc 2 94 1
 357 01ac 53E0     		b	.L29
 358              	.L23:
  65:../src/uart.c **** 	{
 359              		.loc 2 65 9
 360 01ae 7B68     		ldr	r3, [r7, #4]
 361 01b0 2D4A     		ldr	r2, .L30+8
 362 01b2 9342     		cmp	r3, r2
 363 01b4 0CD1     		bne	.L25
  67:../src/uart.c **** 		RCC->APB1RSTR |= (1 << USART2_RESET_POSITION);
 364              		.loc 2 67 16
 365 01b6 2B4B     		ldr	r3, .L30+4
 366 01b8 1B6C     		ldr	r3, [r3, #64]
 367 01ba 2A4A     		ldr	r2, .L30+4
 368 01bc 23F40033 		bic	r3, r3, #131072
 369 01c0 1364     		str	r3, [r2, #64]
  68:../src/uart.c **** 	}
 370              		.loc 2 68 17
 371 01c2 284B     		ldr	r3, .L30+4
 372 01c4 1B6A     		ldr	r3, [r3, #32]
 373 01c6 274A     		ldr	r2, .L30+4
 374 01c8 43F40033 		orr	r3, r3, #131072
 375 01cc 1362     		str	r3, [r2, #32]
 376              		.loc 2 94 1
 377 01ce 42E0     		b	.L29
 378              	.L25:
  70:../src/uart.c **** 	{
 379              		.loc 2 70 9
 380 01d0 7B68     		ldr	r3, [r7, #4]
 381 01d2 264A     		ldr	r2, .L30+12
 382 01d4 9342     		cmp	r3, r2
 383 01d6 0CD1     		bne	.L26
  72:../src/uart.c **** 		RCC->APB1RSTR |= (1 << USART3_RESET_POSITION);
 384              		.loc 2 72 16
 385 01d8 224B     		ldr	r3, .L30+4
 386 01da 1B6C     		ldr	r3, [r3, #64]
 387 01dc 214A     		ldr	r2, .L30+4
 388 01de 23F48023 		bic	r3, r3, #262144
 389 01e2 1364     		str	r3, [r2, #64]
  73:../src/uart.c **** 	}
 390              		.loc 2 73 17
 391 01e4 1F4B     		ldr	r3, .L30+4
 392 01e6 1B6A     		ldr	r3, [r3, #32]
 393 01e8 1E4A     		ldr	r2, .L30+4
 394 01ea 43F48023 		orr	r3, r3, #262144
 395 01ee 1362     		str	r3, [r2, #32]
 396              		.loc 2 94 1
 397 01f0 31E0     		b	.L29
 398              	.L26:
  75:../src/uart.c **** 	{
 399              		.loc 2 75 9
 400 01f2 7B68     		ldr	r3, [r7, #4]
 401 01f4 1E4A     		ldr	r2, .L30+16
 402 01f6 9342     		cmp	r3, r2
 403 01f8 0CD1     		bne	.L27
  77:../src/uart.c **** 		RCC->APB1RSTR |= (1 << UART4_RESET_POSITION);
 404              		.loc 2 77 16
 405 01fa 1A4B     		ldr	r3, .L30+4
 406 01fc 1B6C     		ldr	r3, [r3, #64]
 407 01fe 194A     		ldr	r2, .L30+4
 408 0200 23F40023 		bic	r3, r3, #524288
 409 0204 1364     		str	r3, [r2, #64]
  78:../src/uart.c **** 	}
 410              		.loc 2 78 17
 411 0206 174B     		ldr	r3, .L30+4
 412 0208 1B6A     		ldr	r3, [r3, #32]
 413 020a 164A     		ldr	r2, .L30+4
 414 020c 43F40023 		orr	r3, r3, #524288
 415 0210 1362     		str	r3, [r2, #32]
 416              		.loc 2 94 1
 417 0212 20E0     		b	.L29
 418              	.L27:
  80:../src/uart.c **** 	{
 419              		.loc 2 80 9
 420 0214 7B68     		ldr	r3, [r7, #4]
 421 0216 174A     		ldr	r2, .L30+20
 422 0218 9342     		cmp	r3, r2
 423 021a 0CD1     		bne	.L28
  82:../src/uart.c **** 		RCC->APB1RSTR |= (1 << UART5_RESET_POSITION);
 424              		.loc 2 82 16
 425 021c 114B     		ldr	r3, .L30+4
 426 021e 1B6C     		ldr	r3, [r3, #64]
 427 0220 104A     		ldr	r2, .L30+4
 428 0222 23F48013 		bic	r3, r3, #1048576
 429 0226 1364     		str	r3, [r2, #64]
  83:../src/uart.c **** 	}
 430              		.loc 2 83 17
 431 0228 0E4B     		ldr	r3, .L30+4
 432 022a 1B6A     		ldr	r3, [r3, #32]
 433 022c 0D4A     		ldr	r2, .L30+4
 434 022e 43F48013 		orr	r3, r3, #1048576
 435 0232 1362     		str	r3, [r2, #32]
 436              		.loc 2 94 1
 437 0234 0FE0     		b	.L29
 438              	.L28:
  85:../src/uart.c **** 	{
 439              		.loc 2 85 9
 440 0236 7B68     		ldr	r3, [r7, #4]
 441 0238 0F4A     		ldr	r2, .L30+24
 442 023a 9342     		cmp	r3, r2
 443 023c 0BD1     		bne	.L29
  87:../src/uart.c **** 		RCC->APB2RSTR |= (1 << USART6_RESET_POSITION);
 444              		.loc 2 87 16
 445 023e 094B     		ldr	r3, .L30+4
 446 0240 5B6C     		ldr	r3, [r3, #68]
 447 0242 084A     		ldr	r2, .L30+4
 448 0244 23F02003 		bic	r3, r3, #32
 449 0248 5364     		str	r3, [r2, #68]
  88:../src/uart.c **** 	}
 450              		.loc 2 88 17
 451 024a 064B     		ldr	r3, .L30+4
 452 024c 5B6A     		ldr	r3, [r3, #36]
 453 024e 054A     		ldr	r2, .L30+4
 454 0250 43F02003 		orr	r3, r3, #32
 455 0254 5362     		str	r3, [r2, #36]
 456              	.L29:
 457              		.loc 2 94 1
 458 0256 00BF     		nop
 459 0258 0C37     		adds	r7, r7, #12
 460              		.cfi_def_cfa_offset 4
 461 025a BD46     		mov	sp, r7
 462              		.cfi_def_cfa_register 13
 463              		@ sp needed
 464 025c 80BC     		pop	{r7}
 465              		.cfi_restore 7
 466              		.cfi_def_cfa_offset 0
 467 025e 7047     		bx	lr
 468              	.L31:
 469              		.align	2
 470              	.L30:
 471 0260 00100140 		.word	1073811456
 472 0264 00380240 		.word	1073887232
 473 0268 00440040 		.word	1073759232
 474 026c 00480040 		.word	1073760256
 475 0270 004C0040 		.word	1073761280
 476 0274 00500040 		.word	1073762304
 477 0278 00140140 		.word	1073812480
 478              		.cfi_endproc
 479              	.LFE138:
 481              		.align	1
 482              		.syntax unified
 483              		.thumb
 484              		.thumb_func
 486              	Uart_SetBaudrate:
 487              	.LFB139:
  95:../src/uart.c **** 
  96:../src/uart.c **** static void Uart_SetBaudrate(uint16 baudRate, USART_TypeDef* structUart)
  97:../src/uart.c **** {
 488              		.loc 2 97 1
 489              		.cfi_startproc
 490              		@ args = 0, pretend = 0, frame = 24
 491              		@ frame_needed = 1, uses_anonymous_args = 0
 492 027c 80B5     		push	{r7, lr}
 493              		.cfi_def_cfa_offset 8
 494              		.cfi_offset 7, -8
 495              		.cfi_offset 14, -4
 496 027e 86B0     		sub	sp, sp, #24
 497              		.cfi_def_cfa_offset 32
 498 0280 00AF     		add	r7, sp, #0
 499              		.cfi_def_cfa_register 7
 500 0282 0346     		mov	r3, r0
 501 0284 3960     		str	r1, [r7]
 502 0286 FB80     		strh	r3, [r7, #6]	@ movhi
  98:../src/uart.c **** 	uint32 mantissa;
  99:../src/uart.c **** 	uint8 fraction;
 100:../src/uart.c **** 	uint32 clk;
 101:../src/uart.c **** 	uint8 bus;
 102:../src/uart.c **** 
 103:../src/uart.c **** 	if((structUart == USART1) || (structUart == USART6))
 503              		.loc 2 103 4
 504 0288 3B68     		ldr	r3, [r7]
 505 028a 464A     		ldr	r2, .L39
 506 028c 9342     		cmp	r3, r2
 507 028e 03D0     		beq	.L33
 508              		.loc 2 103 28 discriminator 1
 509 0290 3B68     		ldr	r3, [r7]
 510 0292 454A     		ldr	r2, .L39+4
 511 0294 9342     		cmp	r3, r2
 512 0296 02D1     		bne	.L34
 513              	.L33:
 104:../src/uart.c **** 	{
 105:../src/uart.c **** 		bus = APB2;
 514              		.loc 2 105 7
 515 0298 0223     		movs	r3, #2
 516 029a BB74     		strb	r3, [r7, #18]
 517 029c 11E0     		b	.L35
 518              	.L34:
 106:../src/uart.c **** 	}
 107:../src/uart.c **** 	else if((structUart == USART2) || (structUart == USART3) || (structUart == UART4) || (structUart =
 519              		.loc 2 107 9
 520 029e 3B68     		ldr	r3, [r7]
 521 02a0 424A     		ldr	r2, .L39+8
 522 02a2 9342     		cmp	r3, r2
 523 02a4 0BD0     		beq	.L36
 524              		.loc 2 107 33 discriminator 1
 525 02a6 3B68     		ldr	r3, [r7]
 526 02a8 414A     		ldr	r2, .L39+12
 527 02aa 9342     		cmp	r3, r2
 528 02ac 07D0     		beq	.L36
 529              		.loc 2 107 59 discriminator 2
 530 02ae 3B68     		ldr	r3, [r7]
 531 02b0 404A     		ldr	r2, .L39+16
 532 02b2 9342     		cmp	r3, r2
 533 02b4 03D0     		beq	.L36
 534              		.loc 2 107 84 discriminator 3
 535 02b6 3B68     		ldr	r3, [r7]
 536 02b8 3F4A     		ldr	r2, .L39+20
 537 02ba 9342     		cmp	r3, r2
 538 02bc 01D1     		bne	.L35
 539              	.L36:
 108:../src/uart.c **** 	{
 109:../src/uart.c **** 		bus = APB1;
 540              		.loc 2 109 7
 541 02be 0123     		movs	r3, #1
 542 02c0 BB74     		strb	r3, [r7, #18]
 543              	.L35:
 110:../src/uart.c **** 	}
 111:../src/uart.c **** 
 112:../src/uart.c **** 	//Read Clock
 113:../src/uart.c **** 	RCC_ReadClock(bus, &clk);
 544              		.loc 2 113 2
 545 02c2 07F10C02 		add	r2, r7, #12
 546 02c6 BB7C     		ldrb	r3, [r7, #18]	@ zero_extendqisi2
 547 02c8 1146     		mov	r1, r2
 548 02ca 1846     		mov	r0, r3
 549 02cc FFF7FEFF 		bl	RCC_ReadClock
 114:../src/uart.c **** 
 115:../src/uart.c **** 	//OVER8 = 0
 116:../src/uart.c **** 	if(((structUart->CR1 >> OVER8_BIT_POSITION) & (0x01)) == 0x00)
 550              		.loc 2 116 17
 551 02d0 3B68     		ldr	r3, [r7]
 552 02d2 DB68     		ldr	r3, [r3, #12]
 553              		.loc 2 116 23
 554 02d4 DB0B     		lsrs	r3, r3, #15
 555              		.loc 2 116 46
 556 02d6 03F00103 		and	r3, r3, #1
 557              		.loc 2 116 4
 558 02da 002B     		cmp	r3, #0
 559 02dc 1DD1     		bne	.L37
 117:../src/uart.c **** 	{
 118:../src/uart.c **** 		mantissa = (uint32)(clk / 16u / baudRate /100);
 560              		.loc 2 118 14
 561 02de FB68     		ldr	r3, [r7, #12]
 562 02e0 364A     		ldr	r2, .L39+24
 563 02e2 A2FB0323 		umull	r2, r3, r2, r3
 564 02e6 5A0A     		lsrs	r2, r3, #9
 565 02e8 FB88     		ldrh	r3, [r7, #6]
 566              		.loc 2 118 12
 567 02ea B2FBF3F3 		udiv	r3, r2, r3
 568 02ee 7B61     		str	r3, [r7, #20]
 119:../src/uart.c **** 		fraction = (uint8)((((uint32)(clk / 16) / baudRate % 100) * 16 + 50) / 100);
 569              		.loc 2 119 24
 570 02f0 FB68     		ldr	r3, [r7, #12]
 571              		.loc 2 119 37
 572 02f2 1A09     		lsrs	r2, r3, #4
 573              		.loc 2 119 43
 574 02f4 FB88     		ldrh	r3, [r7, #6]
 575 02f6 B2FBF3F2 		udiv	r2, r2, r3
 576              		.loc 2 119 54
 577 02fa 304B     		ldr	r3, .L39+24
 578 02fc A3FB0213 		umull	r1, r3, r3, r2
 579 0300 5B09     		lsrs	r3, r3, #5
 580 0302 6421     		movs	r1, #100
 581 0304 01FB03F3 		mul	r3, r1, r3
 582 0308 D31A     		subs	r3, r2, r3
 583              		.loc 2 119 61
 584 030a 1B01     		lsls	r3, r3, #4
 585              		.loc 2 119 66
 586 030c 3233     		adds	r3, r3, #50
 587              		.loc 2 119 72
 588 030e 2B4A     		ldr	r2, .L39+24
 589 0310 A2FB0323 		umull	r2, r3, r2, r3
 590 0314 5B09     		lsrs	r3, r3, #5
 591              		.loc 2 119 12
 592 0316 FB74     		strb	r3, [r7, #19]
 593 0318 24E0     		b	.L38
 594              	.L37:
 120:../src/uart.c **** 	}
 121:../src/uart.c **** 	//OVER8 = 1
 122:../src/uart.c **** 	else if(((structUart->CR1 >> OVER8_BIT_POSITION) & (0x01)) == 0x01)
 595              		.loc 2 122 22
 596 031a 3B68     		ldr	r3, [r7]
 597 031c DB68     		ldr	r3, [r3, #12]
 598              		.loc 2 122 28
 599 031e DB0B     		lsrs	r3, r3, #15
 600              		.loc 2 122 51
 601 0320 03F00103 		and	r3, r3, #1
 602              		.loc 2 122 9
 603 0324 012B     		cmp	r3, #1
 604 0326 1DD1     		bne	.L38
 123:../src/uart.c **** 	{
 124:../src/uart.c **** 		mantissa = (uint16)((uint32)(clk / 8) / baudRate / 100);
 605              		.loc 2 124 52
 606 0328 FB68     		ldr	r3, [r7, #12]
 607 032a 244A     		ldr	r2, .L39+24
 608 032c A2FB0323 		umull	r2, r3, r2, r3
 609 0330 1A0A     		lsrs	r2, r3, #8
 610 0332 FB88     		ldrh	r3, [r7, #6]
 611 0334 B2FBF3F3 		udiv	r3, r2, r3
 612              		.loc 2 124 14
 613 0338 9BB2     		uxth	r3, r3
 614              		.loc 2 124 12
 615 033a 7B61     		str	r3, [r7, #20]
 125:../src/uart.c **** 		fraction = (uint8)((((uint32)(clk / 8) / baudRate % 100) * 8 + 50) / 100);
 616              		.loc 2 125 24
 617 033c FB68     		ldr	r3, [r7, #12]
 618              		.loc 2 125 37
 619 033e DA08     		lsrs	r2, r3, #3
 620              		.loc 2 125 42
 621 0340 FB88     		ldrh	r3, [r7, #6]
 622 0342 B2FBF3F2 		udiv	r2, r2, r3
 623              		.loc 2 125 53
 624 0346 1D4B     		ldr	r3, .L39+24
 625 0348 A3FB0213 		umull	r1, r3, r3, r2
 626 034c 5B09     		lsrs	r3, r3, #5
 627 034e 6421     		movs	r1, #100
 628 0350 01FB03F3 		mul	r3, r1, r3
 629 0354 D31A     		subs	r3, r2, r3
 630              		.loc 2 125 60
 631 0356 DB00     		lsls	r3, r3, #3
 632              		.loc 2 125 64
 633 0358 3233     		adds	r3, r3, #50
 634              		.loc 2 125 70
 635 035a 184A     		ldr	r2, .L39+24
 636 035c A2FB0323 		umull	r2, r3, r2, r3
 637 0360 5B09     		lsrs	r3, r3, #5
 638              		.loc 2 125 12
 639 0362 FB74     		strb	r3, [r7, #19]
 640              	.L38:
 126:../src/uart.c **** 	}
 127:../src/uart.c **** 	//Clear Mantissa and Fraction Bits
 128:../src/uart.c **** 	structUart->BRR &= ~(0xF << FRACTION_BIT_POSITION);
 641              		.loc 2 128 18
 642 0364 3B68     		ldr	r3, [r7]
 643 0366 9B68     		ldr	r3, [r3, #8]
 644 0368 23F00F02 		bic	r2, r3, #15
 645 036c 3B68     		ldr	r3, [r7]
 646 036e 9A60     		str	r2, [r3, #8]
 129:../src/uart.c **** 	structUart->BRR &= ~(0xFFF << MANTISSA_BIT_POSITION);
 647              		.loc 2 129 18
 648 0370 3B68     		ldr	r3, [r7]
 649 0372 9B68     		ldr	r3, [r3, #8]
 650 0374 23F47F43 		bic	r3, r3, #65280
 651 0378 23F0F003 		bic	r3, r3, #240
 652 037c 3A68     		ldr	r2, [r7]
 653 037e 9360     		str	r3, [r2, #8]
 130:../src/uart.c **** 
 131:../src/uart.c **** 	//Set Mantissa and Fraction Bits
 132:../src/uart.c **** 	structUart->BRR |= (fraction << FRACTION_BIT_POSITION);
 654              		.loc 2 132 18
 655 0380 3B68     		ldr	r3, [r7]
 656 0382 9A68     		ldr	r2, [r3, #8]
 657              		.loc 2 132 31
 658 0384 FB7C     		ldrb	r3, [r7, #19]	@ zero_extendqisi2
 659              		.loc 2 132 18
 660 0386 1A43     		orrs	r2, r2, r3
 661 0388 3B68     		ldr	r3, [r7]
 662 038a 9A60     		str	r2, [r3, #8]
 133:../src/uart.c **** 	structUart->BRR |= (mantissa << MANTISSA_BIT_POSITION);
 663              		.loc 2 133 18
 664 038c 3B68     		ldr	r3, [r7]
 665 038e 9A68     		ldr	r2, [r3, #8]
 666              		.loc 2 133 31
 667 0390 7B69     		ldr	r3, [r7, #20]
 668 0392 1B01     		lsls	r3, r3, #4
 669              		.loc 2 133 18
 670 0394 1A43     		orrs	r2, r2, r3
 671 0396 3B68     		ldr	r3, [r7]
 672 0398 9A60     		str	r2, [r3, #8]
 134:../src/uart.c **** }
 673              		.loc 2 134 1
 674 039a 00BF     		nop
 675 039c 1837     		adds	r7, r7, #24
 676              		.cfi_def_cfa_offset 8
 677 039e BD46     		mov	sp, r7
 678              		.cfi_def_cfa_register 13
 679              		@ sp needed
 680 03a0 80BD     		pop	{r7, pc}
 681              	.L40:
 682 03a2 00BF     		.align	2
 683              	.L39:
 684 03a4 00100140 		.word	1073811456
 685 03a8 00140140 		.word	1073812480
 686 03ac 00440040 		.word	1073759232
 687 03b0 00480040 		.word	1073760256
 688 03b4 004C0040 		.word	1073761280
 689 03b8 00500040 		.word	1073762304
 690 03bc 1F85EB51 		.word	1374389535
 691              		.cfi_endproc
 692              	.LFE139:
 694              		.align	1
 695              		.global	Uart_Init
 696              		.syntax unified
 697              		.thumb
 698              		.thumb_func
 700              	Uart_Init:
 701              	.LFB140:
 135:../src/uart.c **** 
 136:../src/uart.c **** //Global Function Definitions
 137:../src/uart.c **** 
 138:../src/uart.c **** void Uart_Init(uart_cfg configUart, USART_TypeDef* structUart)
 139:../src/uart.c **** {
 702              		.loc 2 139 1
 703              		.cfi_startproc
 704              		@ args = 0, pretend = 0, frame = 16
 705              		@ frame_needed = 1, uses_anonymous_args = 0
 706 03c0 80B5     		push	{r7, lr}
 707              		.cfi_def_cfa_offset 8
 708              		.cfi_offset 7, -8
 709              		.cfi_offset 14, -4
 710 03c2 84B0     		sub	sp, sp, #16
 711              		.cfi_def_cfa_offset 24
 712 03c4 00AF     		add	r7, sp, #0
 713              		.cfi_def_cfa_register 7
 714 03c6 07F10803 		add	r3, r7, #8
 715 03ca 83E80300 		stm	r3, {r0, r1}
 716 03ce 7A60     		str	r2, [r7, #4]
 140:../src/uart.c **** 	//1. Enable Channel Clock
 141:../src/uart.c **** 	Uart_ChannelEnable(structUart);
 717              		.loc 2 141 2
 718 03d0 7868     		ldr	r0, [r7, #4]
 719 03d2 FFF75BFE 		bl	Uart_ChannelEnable
 142:../src/uart.c **** 
 143:../src/uart.c **** 	//0. Enable USART
 144:../src/uart.c **** 	structUart->CR1 |= (1 << USART_ENABLE_BIT_POSITION);
 720              		.loc 2 144 18
 721 03d6 7B68     		ldr	r3, [r7, #4]
 722 03d8 DB68     		ldr	r3, [r3, #12]
 723 03da 43F40052 		orr	r2, r3, #8192
 724 03de 7B68     		ldr	r3, [r7, #4]
 725 03e0 DA60     		str	r2, [r3, #12]
 145:../src/uart.c **** 
 146:../src/uart.c **** 	//2. Configure StopBit
 147:../src/uart.c **** 	//Clear CR2 Bit#12-13
 148:../src/uart.c **** 	structUart->CR2 &= ~(3 << STOP_BIT_POSITION);
 726              		.loc 2 148 18
 727 03e2 7B68     		ldr	r3, [r7, #4]
 728 03e4 1B69     		ldr	r3, [r3, #16]
 729 03e6 23F44052 		bic	r2, r3, #12288
 730 03ea 7B68     		ldr	r3, [r7, #4]
 731 03ec 1A61     		str	r2, [r3, #16]
 149:../src/uart.c **** 	//Set CR2 Bit#12-13 Stop Bit Config
 150:../src/uart.c **** 	structUart->CR2 |= (configUart.stopBit << STOP_BIT_POSITION);
 732              		.loc 2 150 18
 733 03ee 7B68     		ldr	r3, [r7, #4]
 734 03f0 1B69     		ldr	r3, [r3, #16]
 735              		.loc 2 150 32
 736 03f2 3A7A     		ldrb	r2, [r7, #8]	@ zero_extendqisi2
 737              		.loc 2 150 41
 738 03f4 1203     		lsls	r2, r2, #12
 739              		.loc 2 150 18
 740 03f6 1A43     		orrs	r2, r2, r3
 741 03f8 7B68     		ldr	r3, [r7, #4]
 742 03fa 1A61     		str	r2, [r3, #16]
 151:../src/uart.c **** 
 152:../src/uart.c **** 	//3. Configure MBit
 153:../src/uart.c **** 	//Clear CR1 Bit#12
 154:../src/uart.c **** 	structUart->CR1 &= ~(1 << M_BIT_POSITION);
 743              		.loc 2 154 18
 744 03fc 7B68     		ldr	r3, [r7, #4]
 745 03fe DB68     		ldr	r3, [r3, #12]
 746 0400 23F48052 		bic	r2, r3, #4096
 747 0404 7B68     		ldr	r3, [r7, #4]
 748 0406 DA60     		str	r2, [r3, #12]
 155:../src/uart.c **** 	//Set CR1 Bit#12 to MBit Config
 156:../src/uart.c **** 	structUart->CR1 |= (configUart.mBit << M_BIT_POSITION);
 749              		.loc 2 156 18
 750 0408 7B68     		ldr	r3, [r7, #4]
 751 040a DB68     		ldr	r3, [r3, #12]
 752              		.loc 2 156 32
 753 040c 7A7A     		ldrb	r2, [r7, #9]	@ zero_extendqisi2
 754              		.loc 2 156 38
 755 040e 1203     		lsls	r2, r2, #12
 756              		.loc 2 156 18
 757 0410 1A43     		orrs	r2, r2, r3
 758 0412 7B68     		ldr	r3, [r7, #4]
 759 0414 DA60     		str	r2, [r3, #12]
 157:../src/uart.c **** 
 158:../src/uart.c **** 	//4. Configure Parity Bit
 159:../src/uart.c **** 	if(configUart.parityControl == PARITY_NO)
 760              		.loc 2 159 15
 761 0416 BB7A     		ldrb	r3, [r7, #10]	@ zero_extendqisi2
 762              		.loc 2 159 4
 763 0418 022B     		cmp	r3, #2
 764 041a 06D1     		bne	.L42
 160:../src/uart.c **** 	{
 161:../src/uart.c **** 		//Set CR1 Bit#10 to 0(Parity Disable)
 162:../src/uart.c **** 		structUart->CR1 &= ~(1 << PARITY_ENABLE_BIT_POSITION);
 765              		.loc 2 162 19
 766 041c 7B68     		ldr	r3, [r7, #4]
 767 041e DB68     		ldr	r3, [r3, #12]
 768 0420 23F48062 		bic	r2, r3, #1024
 769 0424 7B68     		ldr	r3, [r7, #4]
 770 0426 DA60     		str	r2, [r3, #12]
 771 0428 18E0     		b	.L43
 772              	.L42:
 163:../src/uart.c **** 	}
 164:../src/uart.c **** 	else if((configUart.parityControl == PARITY_EVEN) || (configUart.parityControl == PARITY_ODD))
 773              		.loc 2 164 21
 774 042a BB7A     		ldrb	r3, [r7, #10]	@ zero_extendqisi2
 775              		.loc 2 164 9
 776 042c 002B     		cmp	r3, #0
 777 042e 02D0     		beq	.L44
 778              		.loc 2 164 66 discriminator 1
 779 0430 BB7A     		ldrb	r3, [r7, #10]	@ zero_extendqisi2
 780              		.loc 2 164 52 discriminator 1
 781 0432 012B     		cmp	r3, #1
 782 0434 12D1     		bne	.L43
 783              	.L44:
 165:../src/uart.c **** 	{
 166:../src/uart.c **** 		//Set CR1 Bit#10 to 1(Parity Enable)
 167:../src/uart.c **** 		structUart->CR1 |= (1 << PARITY_ENABLE_BIT_POSITION);
 784              		.loc 2 167 19
 785 0436 7B68     		ldr	r3, [r7, #4]
 786 0438 DB68     		ldr	r3, [r3, #12]
 787 043a 43F48062 		orr	r2, r3, #1024
 788 043e 7B68     		ldr	r3, [r7, #4]
 789 0440 DA60     		str	r2, [r3, #12]
 168:../src/uart.c **** 		//Clear CR1 Bit#9
 169:../src/uart.c **** 		structUart->CR1 &= ~(1 << PARITY_SELECTION_BIT_POSITION);
 790              		.loc 2 169 19
 791 0442 7B68     		ldr	r3, [r7, #4]
 792 0444 DB68     		ldr	r3, [r3, #12]
 793 0446 23F40072 		bic	r2, r3, #512
 794 044a 7B68     		ldr	r3, [r7, #4]
 795 044c DA60     		str	r2, [r3, #12]
 170:../src/uart.c **** 		//Set CR1 Bit#9 to Even or Odd
 171:../src/uart.c **** 		structUart->CR1 |= (configUart.parityControl << PARITY_SELECTION_BIT_POSITION);
 796              		.loc 2 171 19
 797 044e 7B68     		ldr	r3, [r7, #4]
 798 0450 DB68     		ldr	r3, [r3, #12]
 799              		.loc 2 171 33
 800 0452 BA7A     		ldrb	r2, [r7, #10]	@ zero_extendqisi2
 801              		.loc 2 171 48
 802 0454 5202     		lsls	r2, r2, #9
 803              		.loc 2 171 19
 804 0456 1A43     		orrs	r2, r2, r3
 805 0458 7B68     		ldr	r3, [r7, #4]
 806 045a DA60     		str	r2, [r3, #12]
 807              	.L43:
 172:../src/uart.c **** 	}
 173:../src/uart.c **** 	else
 174:../src/uart.c **** 	{
 175:../src/uart.c **** 		//Do Nothing
 176:../src/uart.c **** 	}
 177:../src/uart.c **** 
 178:../src/uart.c **** 
 179:../src/uart.c **** 	//5. Configure Control Flow Feature
 180:../src/uart.c **** 
 181:../src/uart.c **** 	//Clear Bit Positions
 182:../src/uart.c **** 	structUart->CR3 &= ~(3 << RTSE_BIT_POSITION);
 808              		.loc 2 182 18
 809 045c 7B68     		ldr	r3, [r7, #4]
 810 045e 5B69     		ldr	r3, [r3, #20]
 811 0460 23F44072 		bic	r2, r3, #768
 812 0464 7B68     		ldr	r3, [r7, #4]
 813 0466 5A61     		str	r2, [r3, #20]
 183:../src/uart.c **** 	//Set Bit Configuration
 184:../src/uart.c **** 	structUart->CR3 |= (configUart.controlFlow << RTSE_BIT_POSITION);
 814              		.loc 2 184 18
 815 0468 7B68     		ldr	r3, [r7, #4]
 816 046a 5B69     		ldr	r3, [r3, #20]
 817              		.loc 2 184 32
 818 046c FA7A     		ldrb	r2, [r7, #11]	@ zero_extendqisi2
 819              		.loc 2 184 45
 820 046e 1202     		lsls	r2, r2, #8
 821              		.loc 2 184 18
 822 0470 1A43     		orrs	r2, r2, r3
 823 0472 7B68     		ldr	r3, [r7, #4]
 824 0474 5A61     		str	r2, [r3, #20]
 185:../src/uart.c **** 
 186:../src/uart.c **** 
 187:../src/uart.c **** 	//6. Configure BaudRate
 188:../src/uart.c **** 	//Set Over8 Bit
 189:../src/uart.c **** 	structUart->CR1 &= ~(1 << OVER8_BIT_POSITION);
 825              		.loc 2 189 18
 826 0476 7B68     		ldr	r3, [r7, #4]
 827 0478 DB68     		ldr	r3, [r3, #12]
 828 047a 23F40042 		bic	r2, r3, #32768
 829 047e 7B68     		ldr	r3, [r7, #4]
 830 0480 DA60     		str	r2, [r3, #12]
 190:../src/uart.c **** 	structUart->CR1 |= (configUart.over8Bit << OVER8_BIT_POSITION);
 831              		.loc 2 190 18
 832 0482 7B68     		ldr	r3, [r7, #4]
 833 0484 DB68     		ldr	r3, [r3, #12]
 834              		.loc 2 190 32
 835 0486 3A7B     		ldrb	r2, [r7, #12]	@ zero_extendqisi2
 836              		.loc 2 190 42
 837 0488 D203     		lsls	r2, r2, #15
 838              		.loc 2 190 18
 839 048a 1A43     		orrs	r2, r2, r3
 840 048c 7B68     		ldr	r3, [r7, #4]
 841 048e DA60     		str	r2, [r3, #12]
 191:../src/uart.c **** 
 192:../src/uart.c **** 	Uart_SetBaudrate(configUart.baudRate, structUart);
 842              		.loc 2 192 2
 843 0490 FB89     		ldrh	r3, [r7, #14]
 844 0492 7968     		ldr	r1, [r7, #4]
 845 0494 1846     		mov	r0, r3
 846 0496 FFF7F1FE 		bl	Uart_SetBaudrate
 193:../src/uart.c **** 
 194:../src/uart.c **** 	//7. Enable Receive Process to find Start Bit
 195:../src/uart.c **** 	structUart->CR1 |= (1 << RECEIVE_ENABLE_BIT_POSITION);
 847              		.loc 2 195 18
 848 049a 7B68     		ldr	r3, [r7, #4]
 849 049c DB68     		ldr	r3, [r3, #12]
 850 049e 43F00402 		orr	r2, r3, #4
 851 04a2 7B68     		ldr	r3, [r7, #4]
 852 04a4 DA60     		str	r2, [r3, #12]
 196:../src/uart.c **** 
 197:../src/uart.c **** 	//8. Enable Transmit
 198:../src/uart.c **** 	structUart->CR1 |= (1 << TRANSMIT_ENABLE_BIT_POSITION);
 853              		.loc 2 198 18
 854 04a6 7B68     		ldr	r3, [r7, #4]
 855 04a8 DB68     		ldr	r3, [r3, #12]
 856 04aa 43F00802 		orr	r2, r3, #8
 857 04ae 7B68     		ldr	r3, [r7, #4]
 858 04b0 DA60     		str	r2, [r3, #12]
 199:../src/uart.c **** 
 200:../src/uart.c **** }
 859              		.loc 2 200 1
 860 04b2 00BF     		nop
 861 04b4 1037     		adds	r7, r7, #16
 862              		.cfi_def_cfa_offset 8
 863 04b6 BD46     		mov	sp, r7
 864              		.cfi_def_cfa_register 13
 865              		@ sp needed
 866 04b8 80BD     		pop	{r7, pc}
 867              		.cfi_endproc
 868              	.LFE140:
 870              		.align	1
 871              		.global	Uart_Read
 872              		.syntax unified
 873              		.thumb
 874              		.thumb_func
 876              	Uart_Read:
 877              	.LFB141:
 201:../src/uart.c **** 
 202:../src/uart.c **** void Uart_Read(uint8* readData, USART_TypeDef* structUart)
 203:../src/uart.c **** {
 878              		.loc 2 203 1
 879              		.cfi_startproc
 880              		@ args = 0, pretend = 0, frame = 8
 881              		@ frame_needed = 1, uses_anonymous_args = 0
 882              		@ link register save eliminated.
 883 04ba 80B4     		push	{r7}
 884              		.cfi_def_cfa_offset 4
 885              		.cfi_offset 7, -4
 886 04bc 83B0     		sub	sp, sp, #12
 887              		.cfi_def_cfa_offset 16
 888 04be 00AF     		add	r7, sp, #0
 889              		.cfi_def_cfa_register 7
 890 04c0 7860     		str	r0, [r7, #4]
 891 04c2 3960     		str	r1, [r7]
 204:../src/uart.c **** 	//Read RXNE bit
 205:../src/uart.c **** 	if((uint32)1u == ((structUart->SR >> RXNE_BIT_POSITION) & (uint32)1u))
 892              		.loc 2 205 31
 893 04c4 3B68     		ldr	r3, [r7]
 894 04c6 1B68     		ldr	r3, [r3]
 895              		.loc 2 205 36
 896 04c8 5B09     		lsrs	r3, r3, #5
 897              		.loc 2 205 58
 898 04ca 03F00103 		and	r3, r3, #1
 899              		.loc 2 205 4
 900 04ce 012B     		cmp	r3, #1
 901 04d0 56D1     		bne	.L50
 206:../src/uart.c **** 	{
 207:../src/uart.c **** 		if(((uint8)(structUart->CR1 >> M_BIT_POSITION) & 0x01) == 0x01)						//9 Bits
 902              		.loc 2 207 25
 903 04d2 3B68     		ldr	r3, [r7]
 904 04d4 DB68     		ldr	r3, [r3, #12]
 905              		.loc 2 207 31
 906 04d6 1B0B     		lsrs	r3, r3, #12
 907              		.loc 2 207 7
 908 04d8 DBB2     		uxtb	r3, r3
 909              		.loc 2 207 50
 910 04da 03F00103 		and	r3, r3, #1
 911              		.loc 2 207 5
 912 04de 012B     		cmp	r3, #1
 913 04e0 25D1     		bne	.L47
 208:../src/uart.c **** 		{
 209:../src/uart.c **** 			if(((uint8)(structUart->CR1 >> PARITY_ENABLE_BIT_POSITION) & 0x01) == 0x01)		//Parity Enable
 914              		.loc 2 209 26
 915 04e2 3B68     		ldr	r3, [r7]
 916 04e4 DB68     		ldr	r3, [r3, #12]
 917              		.loc 2 209 32
 918 04e6 9B0A     		lsrs	r3, r3, #10
 919              		.loc 2 209 8
 920 04e8 DBB2     		uxtb	r3, r3
 921              		.loc 2 209 63
 922 04ea 03F00103 		and	r3, r3, #1
 923              		.loc 2 209 6
 924 04ee 012B     		cmp	r3, #1
 925 04f0 07D1     		bne	.L48
 210:../src/uart.c **** 			{
 211:../src/uart.c **** 				*readData = (uint8) (structUart->DR) >> 1;
 926              		.loc 2 211 36
 927 04f2 3B68     		ldr	r3, [r7]
 928 04f4 5B68     		ldr	r3, [r3, #4]
 929              		.loc 2 211 17
 930 04f6 DBB2     		uxtb	r3, r3
 931              		.loc 2 211 15
 932 04f8 5B08     		lsrs	r3, r3, #1
 933 04fa DAB2     		uxtb	r2, r3
 934 04fc 7B68     		ldr	r3, [r7, #4]
 935 04fe 1A70     		strb	r2, [r3]
 212:../src/uart.c **** 			}
 213:../src/uart.c **** 			else if(((uint8)(structUart->CR1 >> PARITY_ENABLE_BIT_POSITION) & 0x01) == 0x00)	//Parity Disabl
 214:../src/uart.c **** 			{
 215:../src/uart.c **** 				*readData = (uint8) (structUart->DR);
 216:../src/uart.c **** 				*(readData + 1) = (uint8) (structUart->DR) >> 8;
 217:../src/uart.c **** 			}
 218:../src/uart.c **** 		}
 219:../src/uart.c **** 		else if(((uint8)(structUart->CR1 >> M_BIT_POSITION) & 0x01) == 0x00)					//8 Bits
 220:../src/uart.c **** 		{
 221:../src/uart.c **** 			if(((uint8)(structUart->CR1 >> PARITY_ENABLE_BIT_POSITION) & 0x01) == 0x01)		//Parity Enable
 222:../src/uart.c **** 			{
 223:../src/uart.c **** 				*readData = (uint8) (structUart->DR) & 0xFE;
 224:../src/uart.c **** 			}
 225:../src/uart.c **** 			else if(((uint8)(structUart->CR1 >> PARITY_ENABLE_BIT_POSITION) & 0x01) == 0x00)	//Parity Disabl
 226:../src/uart.c **** 			{
 227:../src/uart.c **** 				*readData = (uint8) (structUart->DR);
 228:../src/uart.c **** 				++readData;
 229:../src/uart.c **** 			}
 230:../src/uart.c **** 		}
 231:../src/uart.c **** 	}
 232:../src/uart.c **** }
 936              		.loc 2 232 1
 937 0500 3EE0     		b	.L50
 938              	.L48:
 213:../src/uart.c **** 			{
 939              		.loc 2 213 31
 940 0502 3B68     		ldr	r3, [r7]
 941 0504 DB68     		ldr	r3, [r3, #12]
 213:../src/uart.c **** 			{
 942              		.loc 2 213 37
 943 0506 9B0A     		lsrs	r3, r3, #10
 213:../src/uart.c **** 			{
 944              		.loc 2 213 13
 945 0508 DBB2     		uxtb	r3, r3
 213:../src/uart.c **** 			{
 946              		.loc 2 213 68
 947 050a 03F00103 		and	r3, r3, #1
 213:../src/uart.c **** 			{
 948              		.loc 2 213 11
 949 050e 002B     		cmp	r3, #0
 950 0510 36D1     		bne	.L50
 215:../src/uart.c **** 				*(readData + 1) = (uint8) (structUart->DR) >> 8;
 951              		.loc 2 215 36
 952 0512 3B68     		ldr	r3, [r7]
 953 0514 5B68     		ldr	r3, [r3, #4]
 215:../src/uart.c **** 				*(readData + 1) = (uint8) (structUart->DR) >> 8;
 954              		.loc 2 215 17
 955 0516 DAB2     		uxtb	r2, r3
 215:../src/uart.c **** 				*(readData + 1) = (uint8) (structUart->DR) >> 8;
 956              		.loc 2 215 15
 957 0518 7B68     		ldr	r3, [r7, #4]
 958 051a 1A70     		strb	r2, [r3]
 216:../src/uart.c **** 			}
 959              		.loc 2 216 42
 960 051c 3B68     		ldr	r3, [r7]
 961 051e 5B68     		ldr	r3, [r3, #4]
 216:../src/uart.c **** 			}
 962              		.loc 2 216 23
 963 0520 DBB2     		uxtb	r3, r3
 216:../src/uart.c **** 			}
 964              		.loc 2 216 48
 965 0522 1A12     		asrs	r2, r3, #8
 216:../src/uart.c **** 			}
 966              		.loc 2 216 16
 967 0524 7B68     		ldr	r3, [r7, #4]
 968 0526 0133     		adds	r3, r3, #1
 216:../src/uart.c **** 			}
 969              		.loc 2 216 21
 970 0528 D2B2     		uxtb	r2, r2
 971 052a 1A70     		strb	r2, [r3]
 972              		.loc 2 232 1
 973 052c 28E0     		b	.L50
 974              	.L47:
 219:../src/uart.c **** 		{
 975              		.loc 2 219 30
 976 052e 3B68     		ldr	r3, [r7]
 977 0530 DB68     		ldr	r3, [r3, #12]
 219:../src/uart.c **** 		{
 978              		.loc 2 219 36
 979 0532 1B0B     		lsrs	r3, r3, #12
 219:../src/uart.c **** 		{
 980              		.loc 2 219 12
 981 0534 DBB2     		uxtb	r3, r3
 219:../src/uart.c **** 		{
 982              		.loc 2 219 55
 983 0536 03F00103 		and	r3, r3, #1
 219:../src/uart.c **** 		{
 984              		.loc 2 219 10
 985 053a 002B     		cmp	r3, #0
 986 053c 20D1     		bne	.L50
 221:../src/uart.c **** 			{
 987              		.loc 2 221 26
 988 053e 3B68     		ldr	r3, [r7]
 989 0540 DB68     		ldr	r3, [r3, #12]
 221:../src/uart.c **** 			{
 990              		.loc 2 221 32
 991 0542 9B0A     		lsrs	r3, r3, #10
 221:../src/uart.c **** 			{
 992              		.loc 2 221 8
 993 0544 DBB2     		uxtb	r3, r3
 221:../src/uart.c **** 			{
 994              		.loc 2 221 63
 995 0546 03F00103 		and	r3, r3, #1
 221:../src/uart.c **** 			{
 996              		.loc 2 221 6
 997 054a 012B     		cmp	r3, #1
 998 054c 08D1     		bne	.L49
 223:../src/uart.c **** 			}
 999              		.loc 2 223 36
 1000 054e 3B68     		ldr	r3, [r7]
 1001 0550 5B68     		ldr	r3, [r3, #4]
 223:../src/uart.c **** 			}
 1002              		.loc 2 223 42
 1003 0552 DBB2     		uxtb	r3, r3
 1004 0554 23F00103 		bic	r3, r3, #1
 1005 0558 DAB2     		uxtb	r2, r3
 223:../src/uart.c **** 			}
 1006              		.loc 2 223 15
 1007 055a 7B68     		ldr	r3, [r7, #4]
 1008 055c 1A70     		strb	r2, [r3]
 1009              		.loc 2 232 1
 1010 055e 0FE0     		b	.L50
 1011              	.L49:
 225:../src/uart.c **** 			{
 1012              		.loc 2 225 31
 1013 0560 3B68     		ldr	r3, [r7]
 1014 0562 DB68     		ldr	r3, [r3, #12]
 225:../src/uart.c **** 			{
 1015              		.loc 2 225 37
 1016 0564 9B0A     		lsrs	r3, r3, #10
 225:../src/uart.c **** 			{
 1017              		.loc 2 225 13
 1018 0566 DBB2     		uxtb	r3, r3
 225:../src/uart.c **** 			{
 1019              		.loc 2 225 68
 1020 0568 03F00103 		and	r3, r3, #1
 225:../src/uart.c **** 			{
 1021              		.loc 2 225 11
 1022 056c 002B     		cmp	r3, #0
 1023 056e 07D1     		bne	.L50
 227:../src/uart.c **** 				++readData;
 1024              		.loc 2 227 36
 1025 0570 3B68     		ldr	r3, [r7]
 1026 0572 5B68     		ldr	r3, [r3, #4]
 227:../src/uart.c **** 				++readData;
 1027              		.loc 2 227 17
 1028 0574 DAB2     		uxtb	r2, r3
 227:../src/uart.c **** 				++readData;
 1029              		.loc 2 227 15
 1030 0576 7B68     		ldr	r3, [r7, #4]
 1031 0578 1A70     		strb	r2, [r3]
 228:../src/uart.c **** 			}
 1032              		.loc 2 228 5
 1033 057a 7B68     		ldr	r3, [r7, #4]
 1034 057c 0133     		adds	r3, r3, #1
 1035 057e 7B60     		str	r3, [r7, #4]
 1036              	.L50:
 1037              		.loc 2 232 1
 1038 0580 00BF     		nop
 1039 0582 0C37     		adds	r7, r7, #12
 1040              		.cfi_def_cfa_offset 4
 1041 0584 BD46     		mov	sp, r7
 1042              		.cfi_def_cfa_register 13
 1043              		@ sp needed
 1044 0586 80BC     		pop	{r7}
 1045              		.cfi_restore 7
 1046              		.cfi_def_cfa_offset 0
 1047 0588 7047     		bx	lr
 1048              		.cfi_endproc
 1049              	.LFE141:
 1051              		.align	1
 1052              		.global	Uart_Write
 1053              		.syntax unified
 1054              		.thumb
 1055              		.thumb_func
 1057              	Uart_Write:
 1058              	.LFB142:
 233:../src/uart.c **** 
 234:../src/uart.c **** void Uart_Write(uint8* writeDataBuffer, USART_TypeDef* structUart, uint32 size)
 235:../src/uart.c **** {
 1059              		.loc 2 235 1
 1060              		.cfi_startproc
 1061              		@ args = 0, pretend = 0, frame = 24
 1062              		@ frame_needed = 1, uses_anonymous_args = 0
 1063              		@ link register save eliminated.
 1064 058a 80B4     		push	{r7}
 1065              		.cfi_def_cfa_offset 4
 1066              		.cfi_offset 7, -4
 1067 058c 87B0     		sub	sp, sp, #28
 1068              		.cfi_def_cfa_offset 32
 1069 058e 00AF     		add	r7, sp, #0
 1070              		.cfi_def_cfa_register 7
 1071 0590 F860     		str	r0, [r7, #12]
 1072 0592 B960     		str	r1, [r7, #8]
 1073 0594 7A60     		str	r2, [r7, #4]
 236:../src/uart.c **** 	uint8 i = 0;
 1074              		.loc 2 236 8
 1075 0596 0023     		movs	r3, #0
 1076 0598 FB75     		strb	r3, [r7, #23]
 237:../src/uart.c **** 	static uint8 j = 0;
 238:../src/uart.c **** 
 239:../src/uart.c **** 	while(i < size)
 1077              		.loc 2 239 7
 1078 059a 6DE0     		b	.L52
 1079              	.L59:
 240:../src/uart.c **** 	{
 241:../src/uart.c **** 		if(((uint8)(structUart->SR >> CTS_BIT_POSITION) & 0x01u) == 0x00u)			//CTS is not toggeled
 1080              		.loc 2 241 25
 1081 059c BB68     		ldr	r3, [r7, #8]
 1082 059e 1B68     		ldr	r3, [r3]
 1083              		.loc 2 241 30
 1084 05a0 5B0A     		lsrs	r3, r3, #9
 1085              		.loc 2 241 7
 1086 05a2 DBB2     		uxtb	r3, r3
 1087              		.loc 2 241 51
 1088 05a4 03F00103 		and	r3, r3, #1
 1089              		.loc 2 241 5
 1090 05a8 002B     		cmp	r3, #0
 1091 05aa 5CD1     		bne	.L53
 242:../src/uart.c **** 		{
 243:../src/uart.c **** 			if(((uint8)(structUart->SR >> TXE_BIT_POSITION) & 0x01u) == 0x01u)		//if TDR is empty, TXE=1
 1092              		.loc 2 243 26
 1093 05ac BB68     		ldr	r3, [r7, #8]
 1094 05ae 1B68     		ldr	r3, [r3]
 1095              		.loc 2 243 31
 1096 05b0 DB09     		lsrs	r3, r3, #7
 1097              		.loc 2 243 8
 1098 05b2 DBB2     		uxtb	r3, r3
 1099              		.loc 2 243 52
 1100 05b4 03F00103 		and	r3, r3, #1
 1101              		.loc 2 243 6
 1102 05b8 012B     		cmp	r3, #1
 1103 05ba 5DD1     		bne	.L52
 244:../src/uart.c **** 			{
 245:../src/uart.c **** 				if(((uint8)(structUart->CR1 >> M_BIT_POSITION) & 0x01) == 0x01)						//9 Bits
 1104              		.loc 2 245 27
 1105 05bc BB68     		ldr	r3, [r7, #8]
 1106 05be DB68     		ldr	r3, [r3, #12]
 1107              		.loc 2 245 33
 1108 05c0 1B0B     		lsrs	r3, r3, #12
 1109              		.loc 2 245 9
 1110 05c2 DBB2     		uxtb	r3, r3
 1111              		.loc 2 245 52
 1112 05c4 03F00103 		and	r3, r3, #1
 1113              		.loc 2 245 7
 1114 05c8 012B     		cmp	r3, #1
 1115 05ca 1BD1     		bne	.L54
 246:../src/uart.c **** 				{
 247:../src/uart.c **** 					if(((uint8)(structUart->CR1 >> PARITY_ENABLE_BIT_POSITION) & 0x01) == 0x01)		//Parity Enable
 1116              		.loc 2 247 28
 1117 05cc BB68     		ldr	r3, [r7, #8]
 1118 05ce DB68     		ldr	r3, [r3, #12]
 1119              		.loc 2 247 34
 1120 05d0 9B0A     		lsrs	r3, r3, #10
 1121              		.loc 2 247 10
 1122 05d2 DBB2     		uxtb	r3, r3
 1123              		.loc 2 247 65
 1124 05d4 03F00103 		and	r3, r3, #1
 1125              		.loc 2 247 8
 1126 05d8 012B     		cmp	r3, #1
 1127 05da 05D1     		bne	.L55
 248:../src/uart.c **** 					{
 249:../src/uart.c **** 						(structUart->DR) = *writeDataBuffer;		//8 Bits
 1128              		.loc 2 249 26
 1129 05dc FB68     		ldr	r3, [r7, #12]
 1130 05de 1B78     		ldrb	r3, [r3]	@ zero_extendqisi2
 1131 05e0 1A46     		mov	r2, r3
 1132              		.loc 2 249 24
 1133 05e2 BB68     		ldr	r3, [r7, #8]
 1134 05e4 5A60     		str	r2, [r3, #4]
 1135 05e6 30E0     		b	.L60
 1136              	.L55:
 250:../src/uart.c **** 					}
 251:../src/uart.c **** 					else if(((uint8)(structUart->CR1 >> PARITY_ENABLE_BIT_POSITION) & 0x01) == 0x00)	//Parity Disa
 1137              		.loc 2 251 33
 1138 05e8 BB68     		ldr	r3, [r7, #8]
 1139 05ea DB68     		ldr	r3, [r3, #12]
 1140              		.loc 2 251 39
 1141 05ec 9B0A     		lsrs	r3, r3, #10
 1142              		.loc 2 251 15
 1143 05ee DBB2     		uxtb	r3, r3
 1144              		.loc 2 251 70
 1145 05f0 03F00103 		and	r3, r3, #1
 1146              		.loc 2 251 13
 1147 05f4 002B     		cmp	r3, #0
 1148 05f6 28D1     		bne	.L60
 252:../src/uart.c **** 					{
 253:../src/uart.c **** 						(structUart->DR) = *writeDataBuffer;		//9 Bits
 1149              		.loc 2 253 26
 1150 05f8 FB68     		ldr	r3, [r7, #12]
 1151 05fa 1B78     		ldrb	r3, [r3]	@ zero_extendqisi2
 1152 05fc 1A46     		mov	r2, r3
 1153              		.loc 2 253 24
 1154 05fe BB68     		ldr	r3, [r7, #8]
 1155 0600 5A60     		str	r2, [r3, #4]
 1156 0602 22E0     		b	.L60
 1157              	.L54:
 254:../src/uart.c **** 					}
 255:../src/uart.c **** 				}
 256:../src/uart.c **** 				else if(((uint8)(structUart->CR1 >> M_BIT_POSITION) & 0x01) == 0x00)					//8 Bits
 1158              		.loc 2 256 32
 1159 0604 BB68     		ldr	r3, [r7, #8]
 1160 0606 DB68     		ldr	r3, [r3, #12]
 1161              		.loc 2 256 38
 1162 0608 1B0B     		lsrs	r3, r3, #12
 1163              		.loc 2 256 14
 1164 060a DBB2     		uxtb	r3, r3
 1165              		.loc 2 256 57
 1166 060c 03F00103 		and	r3, r3, #1
 1167              		.loc 2 256 12
 1168 0610 002B     		cmp	r3, #0
 1169 0612 1AD1     		bne	.L60
 257:../src/uart.c **** 				{
 258:../src/uart.c **** 					if(((uint8)(structUart->CR1 >> PARITY_ENABLE_BIT_POSITION) & 0x01) == 0x01)		//Parity Enable
 1170              		.loc 2 258 28
 1171 0614 BB68     		ldr	r3, [r7, #8]
 1172 0616 DB68     		ldr	r3, [r3, #12]
 1173              		.loc 2 258 34
 1174 0618 9B0A     		lsrs	r3, r3, #10
 1175              		.loc 2 258 10
 1176 061a DBB2     		uxtb	r3, r3
 1177              		.loc 2 258 65
 1178 061c 03F00103 		and	r3, r3, #1
 1179              		.loc 2 258 8
 1180 0620 012B     		cmp	r3, #1
 1181 0622 05D1     		bne	.L57
 259:../src/uart.c **** 					{
 260:../src/uart.c **** 						(structUart->DR) = *writeDataBuffer;		//7 Bits
 1182              		.loc 2 260 26
 1183 0624 FB68     		ldr	r3, [r7, #12]
 1184 0626 1B78     		ldrb	r3, [r3]	@ zero_extendqisi2
 1185 0628 1A46     		mov	r2, r3
 1186              		.loc 2 260 24
 1187 062a BB68     		ldr	r3, [r7, #8]
 1188 062c 5A60     		str	r2, [r3, #4]
 1189 062e 0CE0     		b	.L60
 1190              	.L57:
 261:../src/uart.c **** 					}
 262:../src/uart.c **** 					else if(((uint8)(structUart->CR1 >> PARITY_ENABLE_BIT_POSITION) & 0x01) == 0x00)	//Parity Disa
 1191              		.loc 2 262 33
 1192 0630 BB68     		ldr	r3, [r7, #8]
 1193 0632 DB68     		ldr	r3, [r3, #12]
 1194              		.loc 2 262 39
 1195 0634 9B0A     		lsrs	r3, r3, #10
 1196              		.loc 2 262 15
 1197 0636 DBB2     		uxtb	r3, r3
 1198              		.loc 2 262 70
 1199 0638 03F00103 		and	r3, r3, #1
 1200              		.loc 2 262 13
 1201 063c 002B     		cmp	r3, #0
 1202 063e 04D1     		bne	.L60
 263:../src/uart.c **** 					{
 264:../src/uart.c **** 						(structUart->DR) = *writeDataBuffer;		//8 Bits
 1203              		.loc 2 264 26
 1204 0640 FB68     		ldr	r3, [r7, #12]
 1205 0642 1B78     		ldrb	r3, [r3]	@ zero_extendqisi2
 1206 0644 1A46     		mov	r2, r3
 1207              		.loc 2 264 24
 1208 0646 BB68     		ldr	r3, [r7, #8]
 1209 0648 5A60     		str	r2, [r3, #4]
 1210              	.L60:
 265:../src/uart.c **** 					}
 266:../src/uart.c **** 				}
 267:../src/uart.c **** 
 268:../src/uart.c **** 				while(!(uint8)(structUart->SR >> TC_BIT_POSITION) & 0x01);		//Wait for TC=1, TX completed
 1211              		.loc 2 268 10
 1212 064a 00BF     		nop
 1213              	.L58:
 1214              		.loc 2 268 30 discriminator 1
 1215 064c BB68     		ldr	r3, [r7, #8]
 1216 064e 1B68     		ldr	r3, [r3]
 1217              		.loc 2 268 35 discriminator 1
 1218 0650 9B09     		lsrs	r3, r3, #6
 1219              		.loc 2 268 12 discriminator 1
 1220 0652 DBB2     		uxtb	r3, r3
 1221              		.loc 2 268 10 discriminator 1
 1222 0654 002B     		cmp	r3, #0
 1223 0656 F9D0     		beq	.L58
 269:../src/uart.c **** 
 270:../src/uart.c **** 				++writeDataBuffer;
 1224              		.loc 2 270 5
 1225 0658 FB68     		ldr	r3, [r7, #12]
 1226 065a 0133     		adds	r3, r3, #1
 1227 065c FB60     		str	r3, [r7, #12]
 271:../src/uart.c **** 				++i;
 1228              		.loc 2 271 5
 1229 065e FB7D     		ldrb	r3, [r7, #23]
 1230 0660 0133     		adds	r3, r3, #1
 1231 0662 FB75     		strb	r3, [r7, #23]
 1232 0664 08E0     		b	.L52
 1233              	.L53:
 272:../src/uart.c **** 			}
 273:../src/uart.c **** 		}
 274:../src/uart.c **** 		else
 275:../src/uart.c **** 		{
 276:../src/uart.c **** 			(structUart->DR) = '0';
 1234              		.loc 2 276 21
 1235 0666 BB68     		ldr	r3, [r7, #8]
 1236 0668 3022     		movs	r2, #48
 1237 066a 5A60     		str	r2, [r3, #4]
 277:../src/uart.c **** 			++j;
 1238              		.loc 2 277 4
 1239 066c 074B     		ldr	r3, .L61
 1240 066e 1B78     		ldrb	r3, [r3]	@ zero_extendqisi2
 1241 0670 0133     		adds	r3, r3, #1
 1242 0672 DAB2     		uxtb	r2, r3
 1243 0674 054B     		ldr	r3, .L61
 1244 0676 1A70     		strb	r2, [r3]
 1245              	.L52:
 239:../src/uart.c **** 	{
 1246              		.loc 2 239 10
 1247 0678 FB7D     		ldrb	r3, [r7, #23]	@ zero_extendqisi2
 239:../src/uart.c **** 	{
 1248              		.loc 2 239 7
 1249 067a 7A68     		ldr	r2, [r7, #4]
 1250 067c 9A42     		cmp	r2, r3
 1251 067e 8DD8     		bhi	.L59
 278:../src/uart.c **** 		}
 279:../src/uart.c **** 	}
 280:../src/uart.c **** }
 1252              		.loc 2 280 1
 1253 0680 00BF     		nop
 1254 0682 00BF     		nop
 1255 0684 1C37     		adds	r7, r7, #28
 1256              		.cfi_def_cfa_offset 4
 1257 0686 BD46     		mov	sp, r7
 1258              		.cfi_def_cfa_register 13
 1259              		@ sp needed
 1260 0688 80BC     		pop	{r7}
 1261              		.cfi_restore 7
 1262              		.cfi_def_cfa_offset 0
 1263 068a 7047     		bx	lr
 1264              	.L62:
 1265              		.align	2
 1266              	.L61:
 1267 068c 00000000 		.word	j.1
 1268              		.cfi_endproc
 1269              	.LFE142:
 1271              		.align	1
 1272              		.global	Uart_Write_Inst
 1273              		.syntax unified
 1274              		.thumb
 1275              		.thumb_func
 1277              	Uart_Write_Inst:
 1278              	.LFB143:
 281:../src/uart.c **** 
 282:../src/uart.c **** 
 283:../src/uart.c **** void Uart_Write_Inst(uint8* writeDataBuffer, USART_TypeDef* structUart, uint32 size)
 284:../src/uart.c **** {
 1279              		.loc 2 284 1
 1280              		.cfi_startproc
 1281              		@ args = 0, pretend = 0, frame = 24
 1282              		@ frame_needed = 1, uses_anonymous_args = 0
 1283              		@ link register save eliminated.
 1284 0690 80B4     		push	{r7}
 1285              		.cfi_def_cfa_offset 4
 1286              		.cfi_offset 7, -4
 1287 0692 87B0     		sub	sp, sp, #28
 1288              		.cfi_def_cfa_offset 32
 1289 0694 00AF     		add	r7, sp, #0
 1290              		.cfi_def_cfa_register 7
 1291 0696 F860     		str	r0, [r7, #12]
 1292 0698 B960     		str	r1, [r7, #8]
 1293 069a 7A60     		str	r2, [r7, #4]
 285:../src/uart.c **** 	uint8 i = 0, j = 0, k = 0;
 1294              		.loc 2 285 8
 1295 069c 0023     		movs	r3, #0
 1296 069e FB75     		strb	r3, [r7, #23]
 1297              		.loc 2 285 15
 1298 06a0 0023     		movs	r3, #0
 1299 06a2 7B75     		strb	r3, [r7, #21]
 1300              		.loc 2 285 22
 1301 06a4 0023     		movs	r3, #0
 1302 06a6 BB75     		strb	r3, [r7, #22]
 286:../src/uart.c **** 
 287:../src/uart.c **** 	while(i < size)
 1303              		.loc 2 287 7
 1304 06a8 14E0     		b	.L64
 1305              	.L67:
 288:../src/uart.c **** 	{
 289:../src/uart.c **** 
 290:../src/uart.c **** 		structUart->DR = *writeDataBuffer; //*writeDataBuffer;
 1306              		.loc 2 290 20
 1307 06aa FB68     		ldr	r3, [r7, #12]
 1308 06ac 1B78     		ldrb	r3, [r3]	@ zero_extendqisi2
 1309 06ae 1A46     		mov	r2, r3
 1310              		.loc 2 290 18
 1311 06b0 BB68     		ldr	r3, [r7, #8]
 1312 06b2 5A60     		str	r2, [r3, #4]
 291:../src/uart.c **** 
 292:../src/uart.c **** 		//while(!(uint8)(structUart->SR >> TXE_BIT_POSITION) & 0x01)
 293:../src/uart.c **** 			//{++j;}		//Wait for TC=1, TX completed
 294:../src/uart.c **** 
 295:../src/uart.c **** 		while(!(uint8)(structUart->SR >> TC_BIT_POSITION) & 0x01)
 1313              		.loc 2 295 8
 1314 06b4 02E0     		b	.L65
 1315              	.L66:
 296:../src/uart.c **** 			{++k;}		//Wait for TC=1, TX completed
 1316              		.loc 2 296 5
 1317 06b6 BB7D     		ldrb	r3, [r7, #22]
 1318 06b8 0133     		adds	r3, r3, #1
 1319 06ba BB75     		strb	r3, [r7, #22]
 1320              	.L65:
 295:../src/uart.c **** 			{++k;}		//Wait for TC=1, TX completed
 1321              		.loc 2 295 28
 1322 06bc BB68     		ldr	r3, [r7, #8]
 1323 06be 1B68     		ldr	r3, [r3]
 295:../src/uart.c **** 			{++k;}		//Wait for TC=1, TX completed
 1324              		.loc 2 295 33
 1325 06c0 9B09     		lsrs	r3, r3, #6
 295:../src/uart.c **** 			{++k;}		//Wait for TC=1, TX completed
 1326              		.loc 2 295 10
 1327 06c2 DBB2     		uxtb	r3, r3
 295:../src/uart.c **** 			{++k;}		//Wait for TC=1, TX completed
 1328              		.loc 2 295 8
 1329 06c4 002B     		cmp	r3, #0
 1330 06c6 F6D0     		beq	.L66
 297:../src/uart.c **** 
 298:../src/uart.c **** 		++writeDataBuffer;
 1331              		.loc 2 298 3
 1332 06c8 FB68     		ldr	r3, [r7, #12]
 1333 06ca 0133     		adds	r3, r3, #1
 1334 06cc FB60     		str	r3, [r7, #12]
 299:../src/uart.c **** 		++i;
 1335              		.loc 2 299 3
 1336 06ce FB7D     		ldrb	r3, [r7, #23]
 1337 06d0 0133     		adds	r3, r3, #1
 1338 06d2 FB75     		strb	r3, [r7, #23]
 1339              	.L64:
 287:../src/uart.c **** 	{
 1340              		.loc 2 287 10
 1341 06d4 FB7D     		ldrb	r3, [r7, #23]	@ zero_extendqisi2
 287:../src/uart.c **** 	{
 1342              		.loc 2 287 7
 1343 06d6 7A68     		ldr	r2, [r7, #4]
 1344 06d8 9A42     		cmp	r2, r3
 1345 06da E6D8     		bhi	.L67
 300:../src/uart.c **** 	}
 301:../src/uart.c **** }
 1346              		.loc 2 301 1
 1347 06dc 00BF     		nop
 1348 06de 00BF     		nop
 1349 06e0 1C37     		adds	r7, r7, #28
 1350              		.cfi_def_cfa_offset 4
 1351 06e2 BD46     		mov	sp, r7
 1352              		.cfi_def_cfa_register 13
 1353              		@ sp needed
 1354 06e4 80BC     		pop	{r7}
 1355              		.cfi_restore 7
 1356              		.cfi_def_cfa_offset 0
 1357 06e6 7047     		bx	lr
 1358              		.cfi_endproc
 1359              	.LFE143:
 1361              		.align	1
 1362              		.global	Uart_Read_Inst
 1363              		.syntax unified
 1364              		.thumb
 1365              		.thumb_func
 1367              	Uart_Read_Inst:
 1368              	.LFB144:
 302:../src/uart.c **** 
 303:../src/uart.c **** void Uart_Read_Inst(uint8* readDataBuffer, USART_TypeDef* structUart)
 304:../src/uart.c **** {
 1369              		.loc 2 304 1
 1370              		.cfi_startproc
 1371              		@ args = 0, pretend = 0, frame = 8
 1372              		@ frame_needed = 1, uses_anonymous_args = 0
 1373              		@ link register save eliminated.
 1374 06e8 80B4     		push	{r7}
 1375              		.cfi_def_cfa_offset 4
 1376              		.cfi_offset 7, -4
 1377 06ea 83B0     		sub	sp, sp, #12
 1378              		.cfi_def_cfa_offset 16
 1379 06ec 00AF     		add	r7, sp, #0
 1380              		.cfi_def_cfa_register 7
 1381 06ee 7860     		str	r0, [r7, #4]
 1382 06f0 3960     		str	r1, [r7]
 305:../src/uart.c **** 	static uint8 i = 0;
 306:../src/uart.c **** 
 307:../src/uart.c **** 	if((structUart->SR >> RXNE_BIT_POSITION) & 0x01 == 0x01)
 1383              		.loc 2 307 16
 1384 06f2 3B68     		ldr	r3, [r7]
 1385 06f4 1B68     		ldr	r3, [r3]
 1386              		.loc 2 307 21
 1387 06f6 5B09     		lsrs	r3, r3, #5
 1388              		.loc 2 307 43
 1389 06f8 03F00103 		and	r3, r3, #1
 1390              		.loc 2 307 4
 1391 06fc 002B     		cmp	r3, #0
 1392 06fe 0ED0     		beq	.L70
 308:../src/uart.c **** 	{
 309:../src/uart.c **** 		*(readDataBuffer + i) = structUart->DR;
 1393              		.loc 2 309 37
 1394 0700 3B68     		ldr	r3, [r7]
 1395 0702 5A68     		ldr	r2, [r3, #4]
 1396              		.loc 2 309 20
 1397 0704 084B     		ldr	r3, .L71
 1398 0706 1B78     		ldrb	r3, [r3]	@ zero_extendqisi2
 1399 0708 1946     		mov	r1, r3
 1400 070a 7B68     		ldr	r3, [r7, #4]
 1401 070c 0B44     		add	r3, r3, r1
 1402              		.loc 2 309 25
 1403 070e D2B2     		uxtb	r2, r2
 1404 0710 1A70     		strb	r2, [r3]
 310:../src/uart.c **** 		++i;
 1405              		.loc 2 310 3
 1406 0712 054B     		ldr	r3, .L71
 1407 0714 1B78     		ldrb	r3, [r3]	@ zero_extendqisi2
 1408 0716 0133     		adds	r3, r3, #1
 1409 0718 DAB2     		uxtb	r2, r3
 1410 071a 034B     		ldr	r3, .L71
 1411 071c 1A70     		strb	r2, [r3]
 1412              	.L70:
 311:../src/uart.c **** 	}
 312:../src/uart.c **** }
 1413              		.loc 2 312 1
 1414 071e 00BF     		nop
 1415 0720 0C37     		adds	r7, r7, #12
 1416              		.cfi_def_cfa_offset 4
 1417 0722 BD46     		mov	sp, r7
 1418              		.cfi_def_cfa_register 13
 1419              		@ sp needed
 1420 0724 80BC     		pop	{r7}
 1421              		.cfi_restore 7
 1422              		.cfi_def_cfa_offset 0
 1423 0726 7047     		bx	lr
 1424              	.L72:
 1425              		.align	2
 1426              	.L71:
 1427 0728 01000000 		.word	i.0
 1428              		.cfi_endproc
 1429              	.LFE144:
 1431              		.align	1
 1432              		.global	Uart_EnableInterrupt
 1433              		.syntax unified
 1434              		.thumb
 1435              		.thumb_func
 1437              	Uart_EnableInterrupt:
 1438              	.LFB145:
 313:../src/uart.c **** 
 314:../src/uart.c **** void Uart_EnableInterrupt(USART_TypeDef* structUart, Uart_interrupt eventFlag)
 315:../src/uart.c **** {
 1439              		.loc 2 315 1
 1440              		.cfi_startproc
 1441              		@ args = 0, pretend = 0, frame = 8
 1442              		@ frame_needed = 1, uses_anonymous_args = 0
 1443 072c 80B5     		push	{r7, lr}
 1444              		.cfi_def_cfa_offset 8
 1445              		.cfi_offset 7, -8
 1446              		.cfi_offset 14, -4
 1447 072e 82B0     		sub	sp, sp, #8
 1448              		.cfi_def_cfa_offset 16
 1449 0730 00AF     		add	r7, sp, #0
 1450              		.cfi_def_cfa_register 7
 1451 0732 7860     		str	r0, [r7, #4]
 1452 0734 0B46     		mov	r3, r1
 1453 0736 FB70     		strb	r3, [r7, #3]
 316:../src/uart.c **** 
 317:../src/uart.c **** //Enable Interrupt in NVIC and set Priority
 318:../src/uart.c **** 	if(USART1 == structUart)
 1454              		.loc 2 318 4
 1455 0738 7B68     		ldr	r3, [r7, #4]
 1456 073a 484A     		ldr	r2, .L92
 1457 073c 9342     		cmp	r3, r2
 1458 073e 07D1     		bne	.L74
 319:../src/uart.c **** 	{
 320:../src/uart.c **** 		NVIC_SetPriority(USART1_IRQn, 0);
 1459              		.loc 2 320 3
 1460 0740 0021     		movs	r1, #0
 1461 0742 2520     		movs	r0, #37
 1462 0744 FFF778FC 		bl	__NVIC_SetPriority
 321:../src/uart.c **** 		NVIC_EnableIRQ(USART1_IRQn);
 1463              		.loc 2 321 3
 1464 0748 2520     		movs	r0, #37
 1465 074a FFF759FC 		bl	__NVIC_EnableIRQ
 1466 074e 2EE0     		b	.L75
 1467              	.L74:
 322:../src/uart.c **** 	}
 323:../src/uart.c **** 	else if(USART2 == structUart)
 1468              		.loc 2 323 9
 1469 0750 7B68     		ldr	r3, [r7, #4]
 1470 0752 434A     		ldr	r2, .L92+4
 1471 0754 9342     		cmp	r3, r2
 1472 0756 07D1     		bne	.L76
 324:../src/uart.c **** 	{
 325:../src/uart.c **** 		NVIC_SetPriority(USART2_IRQn, 0);
 1473              		.loc 2 325 3
 1474 0758 0021     		movs	r1, #0
 1475 075a 2620     		movs	r0, #38
 1476 075c FFF76CFC 		bl	__NVIC_SetPriority
 326:../src/uart.c **** 		NVIC_EnableIRQ(USART2_IRQn);
 1477              		.loc 2 326 3
 1478 0760 2620     		movs	r0, #38
 1479 0762 FFF74DFC 		bl	__NVIC_EnableIRQ
 1480 0766 22E0     		b	.L75
 1481              	.L76:
 327:../src/uart.c **** 	}
 328:../src/uart.c **** 	else if(USART3 == structUart)
 1482              		.loc 2 328 9
 1483 0768 7B68     		ldr	r3, [r7, #4]
 1484 076a 3E4A     		ldr	r2, .L92+8
 1485 076c 9342     		cmp	r3, r2
 1486 076e 07D1     		bne	.L77
 329:../src/uart.c **** 	{
 330:../src/uart.c **** 		NVIC_SetPriority(USART3_IRQn, 0);
 1487              		.loc 2 330 3
 1488 0770 0021     		movs	r1, #0
 1489 0772 2720     		movs	r0, #39
 1490 0774 FFF760FC 		bl	__NVIC_SetPriority
 331:../src/uart.c **** 		NVIC_EnableIRQ(USART3_IRQn);
 1491              		.loc 2 331 3
 1492 0778 2720     		movs	r0, #39
 1493 077a FFF741FC 		bl	__NVIC_EnableIRQ
 1494 077e 16E0     		b	.L75
 1495              	.L77:
 332:../src/uart.c **** 	}
 333:../src/uart.c **** 	else if(UART4 == structUart)
 1496              		.loc 2 333 9
 1497 0780 7B68     		ldr	r3, [r7, #4]
 1498 0782 394A     		ldr	r2, .L92+12
 1499 0784 9342     		cmp	r3, r2
 1500 0786 07D1     		bne	.L78
 334:../src/uart.c **** 	{
 335:../src/uart.c **** 		NVIC_SetPriority(UART4_IRQn, 0);
 1501              		.loc 2 335 3
 1502 0788 0021     		movs	r1, #0
 1503 078a 3420     		movs	r0, #52
 1504 078c FFF754FC 		bl	__NVIC_SetPriority
 336:../src/uart.c **** 		NVIC_EnableIRQ(UART4_IRQn);
 1505              		.loc 2 336 3
 1506 0790 3420     		movs	r0, #52
 1507 0792 FFF735FC 		bl	__NVIC_EnableIRQ
 1508 0796 0AE0     		b	.L75
 1509              	.L78:
 337:../src/uart.c **** 	}
 338:../src/uart.c **** 	else if(UART5 == structUart)
 1510              		.loc 2 338 9
 1511 0798 7B68     		ldr	r3, [r7, #4]
 1512 079a 344A     		ldr	r2, .L92+16
 1513 079c 9342     		cmp	r3, r2
 1514 079e 06D1     		bne	.L75
 339:../src/uart.c **** 	{
 340:../src/uart.c **** 		NVIC_SetPriority(UART5_IRQn, 0);
 1515              		.loc 2 340 3
 1516 07a0 0021     		movs	r1, #0
 1517 07a2 3520     		movs	r0, #53
 1518 07a4 FFF748FC 		bl	__NVIC_SetPriority
 341:../src/uart.c **** 		NVIC_EnableIRQ(UART5_IRQn);
 1519              		.loc 2 341 3
 1520 07a8 3520     		movs	r0, #53
 1521 07aa FFF729FC 		bl	__NVIC_EnableIRQ
 1522              	.L75:
 342:../src/uart.c **** 	}
 343:../src/uart.c **** 
 344:../src/uart.c **** //Enable Interrupt Trigger
 345:../src/uart.c **** 	switch(eventFlag)
 1523              		.loc 2 345 2
 1524 07ae FB78     		ldrb	r3, [r7, #3]	@ zero_extendqisi2
 1525 07b0 082B     		cmp	r3, #8
 1526 07b2 4DD8     		bhi	.L91
 1527 07b4 01A2     		adr	r2, .L81
 1528 07b6 52F823F0 		ldr	pc, [r2, r3, lsl #2]
 1529 07ba 00BF     		.p2align 2
 1530              	.L81:
 1531 07bc E1070000 		.word	.L89+1
 1532 07c0 EF070000 		.word	.L88+1
 1533 07c4 FD070000 		.word	.L87+1
 1534 07c8 0B080000 		.word	.L86+1
 1535 07cc 19080000 		.word	.L85+1
 1536 07d0 27080000 		.word	.L84+1
 1537 07d4 35080000 		.word	.L83+1
 1538 07d8 51080000 		.word	.L91+1
 1539 07dc 43080000 		.word	.L80+1
 1540              		.p2align 1
 1541              	.L89:
 346:../src/uart.c **** 	{
 347:../src/uart.c **** 		case TXE:
 348:../src/uart.c **** 			structUart->CR1 |= (1 << TXEIE_BIT_POSITION);
 1542              		.loc 2 348 20
 1543 07e0 7B68     		ldr	r3, [r7, #4]
 1544 07e2 DB68     		ldr	r3, [r3, #12]
 1545 07e4 43F08002 		orr	r2, r3, #128
 1546 07e8 7B68     		ldr	r3, [r7, #4]
 1547 07ea DA60     		str	r2, [r3, #12]
 349:../src/uart.c **** 			break;
 1548              		.loc 2 349 4
 1549 07ec 31E0     		b	.L90
 1550              	.L88:
 350:../src/uart.c **** 		case CTS:
 351:../src/uart.c **** 			structUart->CR3 |= (1 << CTSIE_BIT_POSITION);
 1551              		.loc 2 351 20
 1552 07ee 7B68     		ldr	r3, [r7, #4]
 1553 07f0 5B69     		ldr	r3, [r3, #20]
 1554 07f2 43F48062 		orr	r2, r3, #1024
 1555 07f6 7B68     		ldr	r3, [r7, #4]
 1556 07f8 5A61     		str	r2, [r3, #20]
 352:../src/uart.c **** 			break;
 1557              		.loc 2 352 4
 1558 07fa 2AE0     		b	.L90
 1559              	.L87:
 353:../src/uart.c **** 		case TC:
 354:../src/uart.c **** 			structUart->CR1 |= (1 << TCIE_BIT_POSITION);
 1560              		.loc 2 354 20
 1561 07fc 7B68     		ldr	r3, [r7, #4]
 1562 07fe DB68     		ldr	r3, [r3, #12]
 1563 0800 43F04002 		orr	r2, r3, #64
 1564 0804 7B68     		ldr	r3, [r7, #4]
 1565 0806 DA60     		str	r2, [r3, #12]
 355:../src/uart.c **** 			break;
 1566              		.loc 2 355 4
 1567 0808 23E0     		b	.L90
 1568              	.L86:
 356:../src/uart.c **** 		case RXNE:
 357:../src/uart.c **** 			structUart->CR1 |= (1 << RXNEIE_BIT_POSITION);
 1569              		.loc 2 357 20
 1570 080a 7B68     		ldr	r3, [r7, #4]
 1571 080c DB68     		ldr	r3, [r3, #12]
 1572 080e 43F02002 		orr	r2, r3, #32
 1573 0812 7B68     		ldr	r3, [r7, #4]
 1574 0814 DA60     		str	r2, [r3, #12]
 358:../src/uart.c **** 			break;
 1575              		.loc 2 358 4
 1576 0816 1CE0     		b	.L90
 1577              	.L85:
 359:../src/uart.c **** 		case ORE:
 360:../src/uart.c **** 			structUart->CR1 |= (1 << RXNEIE_BIT_POSITION);
 1578              		.loc 2 360 20
 1579 0818 7B68     		ldr	r3, [r7, #4]
 1580 081a DB68     		ldr	r3, [r3, #12]
 1581 081c 43F02002 		orr	r2, r3, #32
 1582 0820 7B68     		ldr	r3, [r7, #4]
 1583 0822 DA60     		str	r2, [r3, #12]
 361:../src/uart.c **** 			break;
 1584              		.loc 2 361 4
 1585 0824 15E0     		b	.L90
 1586              	.L84:
 362:../src/uart.c **** 		case IDLE:
 363:../src/uart.c **** 			structUart->CR1 |= (1 << IDLEIE_BIT_POSITION);
 1587              		.loc 2 363 20
 1588 0826 7B68     		ldr	r3, [r7, #4]
 1589 0828 DB68     		ldr	r3, [r3, #12]
 1590 082a 43F01002 		orr	r2, r3, #16
 1591 082e 7B68     		ldr	r3, [r7, #4]
 1592 0830 DA60     		str	r2, [r3, #12]
 364:../src/uart.c **** 			break;
 1593              		.loc 2 364 4
 1594 0832 0EE0     		b	.L90
 1595              	.L83:
 365:../src/uart.c **** 		case PE:
 366:../src/uart.c **** 			structUart->CR1 |= (1 << PEIE_BIT_POSITION);
 1596              		.loc 2 366 20
 1597 0834 7B68     		ldr	r3, [r7, #4]
 1598 0836 DB68     		ldr	r3, [r3, #12]
 1599 0838 43F48072 		orr	r2, r3, #256
 1600 083c 7B68     		ldr	r3, [r7, #4]
 1601 083e DA60     		str	r2, [r3, #12]
 367:../src/uart.c **** 		case LBD:
 368:../src/uart.c **** 			break;
 1602              		.loc 2 368 4
 1603 0840 07E0     		b	.L90
 1604              	.L80:
 369:../src/uart.c **** 		case NF_ORE_FE:
 370:../src/uart.c **** 			structUart->CR3 |= (1 << EIE_BIT_POSITION);
 1605              		.loc 2 370 20
 1606 0842 7B68     		ldr	r3, [r7, #4]
 1607 0844 5B69     		ldr	r3, [r3, #20]
 1608 0846 43F00102 		orr	r2, r3, #1
 1609 084a 7B68     		ldr	r3, [r7, #4]
 1610 084c 5A61     		str	r2, [r3, #20]
 371:../src/uart.c **** 			break;
 1611              		.loc 2 371 4
 1612 084e 00E0     		b	.L90
 1613              	.L91:
 372:../src/uart.c **** 		default:
 373:../src/uart.c **** 			break;
 1614              		.loc 2 373 4
 1615 0850 00BF     		nop
 1616              	.L90:
 374:../src/uart.c **** 	}
 375:../src/uart.c **** }
 1617              		.loc 2 375 1
 1618 0852 00BF     		nop
 1619 0854 0837     		adds	r7, r7, #8
 1620              		.cfi_def_cfa_offset 8
 1621 0856 BD46     		mov	sp, r7
 1622              		.cfi_def_cfa_register 13
 1623              		@ sp needed
 1624 0858 80BD     		pop	{r7, pc}
 1625              	.L93:
 1626 085a 00BF     		.align	2
 1627              	.L92:
 1628 085c 00100140 		.word	1073811456
 1629 0860 00440040 		.word	1073759232
 1630 0864 00480040 		.word	1073760256
 1631 0868 004C0040 		.word	1073761280
 1632 086c 00500040 		.word	1073762304
 1633              		.cfi_endproc
 1634              	.LFE145:
 1636              		.bss
 1637              	j.1:
 1638 0000 00       		.space	1
 1640              	i.0:
 1641 0001 00       		.space	1
 1643              		.text
 1644              	.Letext0:
 1645              		.file 3 "C:\\Users\\bahri\\eclipse-workspace\\Project_USB_CrossCompile\\system\\include\\cmsis/stm
 1646              		.file 4 "c:\\program files (x86)\\gnu arm embedded toolchain\\10 2021.10\\arm-none-eabi\\include\\
 1647              		.file 5 "c:\\program files (x86)\\gnu arm embedded toolchain\\10 2021.10\\arm-none-eabi\\include\\
 1648              		.file 6 "C:\\Users\\bahri\\eclipse-workspace\\Project_USB_CrossCompile\\include/types.h"
 1649              		.file 7 "C:\\Users\\bahri\\eclipse-workspace\\Project_USB_CrossCompile\\include/uart.h"
 1650              		.file 8 "C:\\Users\\bahri\\eclipse-workspace\\Project_USB_CrossCompile\\include/userdef.h"
DEFINED SYMBOLS
                            *ABS*:00000000 uart.c
C:\Users\bahri\AppData\Local\Temp\ccezY04t.s:17     .text:00000000 $t
C:\Users\bahri\AppData\Local\Temp\ccezY04t.s:22     .text:00000000 __NVIC_EnableIRQ
C:\Users\bahri\AppData\Local\Temp\ccezY04t.s:74     .text:00000034 $d
C:\Users\bahri\AppData\Local\Temp\ccezY04t.s:78     .text:00000038 $t
C:\Users\bahri\AppData\Local\Temp\ccezY04t.s:83     .text:00000038 __NVIC_SetPriority
C:\Users\bahri\AppData\Local\Temp\ccezY04t.s:151    .text:00000084 $d
C:\Users\bahri\AppData\Local\Temp\ccezY04t.s:156    .text:0000008c $t
C:\Users\bahri\AppData\Local\Temp\ccezY04t.s:161    .text:0000008c Uart_ChannelEnable
C:\Users\bahri\AppData\Local\Temp\ccezY04t.s:309    .text:00000168 $d
C:\Users\bahri\AppData\Local\Temp\ccezY04t.s:319    .text:00000184 $t
C:\Users\bahri\AppData\Local\Temp\ccezY04t.s:324    .text:00000184 Uart_ChannelReset
C:\Users\bahri\AppData\Local\Temp\ccezY04t.s:471    .text:00000260 $d
C:\Users\bahri\AppData\Local\Temp\ccezY04t.s:481    .text:0000027c $t
C:\Users\bahri\AppData\Local\Temp\ccezY04t.s:486    .text:0000027c Uart_SetBaudrate
C:\Users\bahri\AppData\Local\Temp\ccezY04t.s:684    .text:000003a4 $d
C:\Users\bahri\AppData\Local\Temp\ccezY04t.s:694    .text:000003c0 $t
C:\Users\bahri\AppData\Local\Temp\ccezY04t.s:700    .text:000003c0 Uart_Init
C:\Users\bahri\AppData\Local\Temp\ccezY04t.s:876    .text:000004ba Uart_Read
C:\Users\bahri\AppData\Local\Temp\ccezY04t.s:1057   .text:0000058a Uart_Write
C:\Users\bahri\AppData\Local\Temp\ccezY04t.s:1267   .text:0000068c $d
C:\Users\bahri\AppData\Local\Temp\ccezY04t.s:1637   .bss:00000000 j.1
C:\Users\bahri\AppData\Local\Temp\ccezY04t.s:1271   .text:00000690 $t
C:\Users\bahri\AppData\Local\Temp\ccezY04t.s:1277   .text:00000690 Uart_Write_Inst
C:\Users\bahri\AppData\Local\Temp\ccezY04t.s:1367   .text:000006e8 Uart_Read_Inst
C:\Users\bahri\AppData\Local\Temp\ccezY04t.s:1427   .text:00000728 $d
C:\Users\bahri\AppData\Local\Temp\ccezY04t.s:1640   .bss:00000001 i.0
C:\Users\bahri\AppData\Local\Temp\ccezY04t.s:1431   .text:0000072c $t
C:\Users\bahri\AppData\Local\Temp\ccezY04t.s:1437   .text:0000072c Uart_EnableInterrupt
C:\Users\bahri\AppData\Local\Temp\ccezY04t.s:1531   .text:000007bc $d
C:\Users\bahri\AppData\Local\Temp\ccezY04t.s:1540   .text:000007e0 $t
C:\Users\bahri\AppData\Local\Temp\ccezY04t.s:1628   .text:0000085c $d
C:\Users\bahri\AppData\Local\Temp\ccezY04t.s:1638   .bss:00000000 $d
                           .group:00000000 wm4.0.ce81f7773bc3d72bdddc828fc28d3a81
                           .group:00000000 wm4.stm32f407xx.h.34.dfd2ea1697b5c77f46734fce8e0379c1
                           .group:00000000 wm4._newlib_version.h.4.bfdf54b0af045d4a71376ae00f63a22c
                           .group:00000000 wm4.features.h.33.d0b7f3cd6ee95f610104014bb3ed522a
                           .group:00000000 wm4._default_types.h.15.247e5cd201eca3442cbf5404108c4935
                           .group:00000000 wm4._intsup.h.10.48bafbb683905c4daa4565a85aeeb264
                           .group:00000000 wm4._stdint.h.10.c24fa3af3bc1706662bb5593a907e841
                           .group:00000000 wm4.stdint.h.23.d53047a68f4a85177f80b422d52785ed
                           .group:00000000 wm4.cmsis_version.h.32.0ac195c83bb4537824e6ad1c47474b79
                           .group:00000000 wm4.core_cm4.h.66.e9ec14ff72395df130e3e13849031638
                           .group:00000000 wm4.cmsis_gcc.h.26.498d0ad17a45fc9ef20fdc01caf02259
                           .group:00000000 wm4.core_cm4.h.174.62be9b4588d49bed18171771001331df
                           .group:00000000 wm4.mpu_armv7.h.32.83326921a797fa9d6f70449916b4b839
                           .group:00000000 wm4.stm32f407xx.h.906.b83b06aeff1423f0cb818f8b4e776e34
                           .group:00000000 wm4.newlib.h.8.7cb3972cd43265932d4782d5eb589854
                           .group:00000000 wm4.ieeefp.h.77.25247dc27dbe3b23bfe98c2dc18f6ac5
                           .group:00000000 wm4.config.h.224.c701144a7b0518c6ee9b9b5465b79f81
                           .group:00000000 wm4._ansi.h.31.de524f58584151836e90d8620a16f8e8
                           .group:00000000 wm4.stdio.h.31.7c0e28c411445f3f9c5b11accf882760
                           .group:00000000 wm4.stddef.h.181.c3f52a3b0f4c288bddb5dda1562858e2
                           .group:00000000 wm4.cdefs.h.49.39045112216f6a021dbdffe3bf5accce
                           .group:00000000 wm4.stddef.h.39.b727a6c3269d9d6ef9fc646b721a8287
                           .group:00000000 wm4.stdarg.h.34.3a23a216c0c293b3d2ea2e89281481e6
                           .group:00000000 wm4._types.h.20.dd0d04dca3800a0d2a6129b87f3adbb2
                           .group:00000000 wm4.stddef.h.155.3588ebfdd1e8c7ede80509bb9c3b8009
                           .group:00000000 wm4._types.h.127.34941de1b2539d59d5cac00e0dd27a45
                           .group:00000000 wm4.reent.h.17.e292bf8b0bec6c96e131a54347145a30
                           .group:00000000 wm4.lock.h.2.1461d1fff82dffe8bfddc23307f6484f
                           .group:00000000 wm4.reent.h.77.dcd6129ff07fe81bd5636db29abe53b2
                           .group:00000000 wm4.types.h.40.c2dcbbb5c1f4f0e5cb716ebf7776da48
                           .group:00000000 wm4.stdio.h.2.4aa87247282eca6c8f36f9de33d8df1a
                           .group:00000000 wm4.stdio.h.81.2a55589bfa3ee24eeb84e3c79458e4a9
                           .group:00000000 wm4.types.h.12.bce82e9f7fdaaedfc4e7f8871bae11e3
                           .group:00000000 wm4.uart.h.20.084eeaaa3a349f245ba87602851525a8
                           .group:00000000 wm4.SystemInit.h.5.20c4b263e99965427f2e2ddfcfbaedc4

UNDEFINED SYMBOLS
RCC_ReadClock
